Date,HomeTeam,AwayTeam,FTHG,FTAG,FTR,AvgCH,AvgCD,AvgCA,Season,home_id,away_id,mkt_H,mkt_D,mkt_A,has_odds,overround,p_H,p_D,p_A,xg_home,xg_away,train_n,train_effective_n,gamma,rho
2017-08-11,Arsenal,Leicester,4,3,H,,,,2017/18,0,15,,,,False,,0.6298556308343897,0.2082484357137736,0.16189593345183667,2.1605533350786463,1.0143850632691631,760,368.74833847187995,1.306272144093482,-0.05787464999985444
2017-08-12,Watford,Liverpool,3,3,D,,,,2017/18,30,16,,,,False,,0.19091854270109004,0.2318385987388572,0.5772428585600521,1.0193088919712374,1.9173634580304917,761,369.00958079886175,1.3044486301304465,-0.0580120186944079
2017-08-12,Southampton,Swansea,0,0,D,,,,2017/18,25,28,,,,False,,0.5431824520349465,0.2580588126309335,0.1987587353341201,1.6528234558698554,0.9052731545269629,761,369.00958079886175,1.3044486301304465,-0.0580120186944079
2017-08-12,Everton,Stoke,1,0,H,,,,2017/18,9,26,,,,False,,0.5985507392061936,0.23450801308382782,0.16694124770997873,1.8597285510438448,0.8793948462715464,761,369.00958079886175,1.3044486301304465,-0.0580120186944079
2017-08-12,West Brom,Bournemouth,1,0,H,,,,2017/18,31,2,,,,False,,0.43939957059378587,0.2732464118586531,0.2873540175475611,1.4701952035210093,1.1434830300157703,761,369.00958079886175,1.3044486301304465,-0.0580120186944079
2017-08-12,Chelsea,Burnley,2,3,A,,,,2017/18,7,5,,,,False,,0.7296520614493635,0.17660982361437047,0.09373811493626598,2.3275734411126727,0.721517316810818,761,369.00958079886175,1.3044486301304465,-0.0580120186944079
2017-08-12,Brighton,Man City,0,2,A,,,,2017/18,4,18,,,,False,,0.24378379565841687,0.2502214833433212,0.5059947209982618,1.1384899130751733,1.731247825240618,761,369.00958079886175,1.3044486301304465,-0.0580120186944079
2017-08-12,Crystal Palace,Huddersfield,0,3,A,,,,2017/18,8,11,,,,False,,0.394327244342593,0.27699493859020513,0.32867781706720195,1.3755948254104307,1.2351179145677809,761,369.00958079886175,1.3044486301304465,-0.0580120186944079
2017-08-13,Man United,West Ham,4,0,H,,,,2017/18,19,32,,,,False,,0.5997020064088988,0.24776353363525258,0.15253445995584822,1.6992785853344785,0.7332656566996758,768,375.25831315533003,1.2934383807647256,-0.051835837362605344
2017-08-13,Newcastle,Tottenham,0,2,A,,,,2017/18,21,29,,,,False,,0.1262686970218189,0.19997482138599018,0.6737564815921909,0.8216729885398075,2.1484732756905913,768,375.25831315533003,1.2934383807647256,-0.051835837362605344
2017-08-19,Bournemouth,Watford,0,2,A,,,,2017/18,2,30,,,,False,,0.5225239618034423,0.2384344426614557,0.2390415955351018,1.8490781777452496,1.1898543419762975,770,372.7582676707895,1.2989247403913,-0.051949323276520035
2017-08-19,Burnley,West Brom,0,1,A,,,,2017/18,5,31,,,,False,,0.41558564341422816,0.3093981779842552,0.2750161786015169,1.1881775701019575,0.9132583160129265,770,372.7582676707895,1.2989247403913,-0.051949323276520035
2017-08-19,Leicester,Brighton,2,0,H,,,,2017/18,15,4,,,,False,,0.5803577814552698,0.24269083622357107,0.17695138232115862,1.7734315210305904,0.8756136949390607,770,372.7582676707895,1.2989247403913,-0.051949323276520035
2017-08-19,Liverpool,Crystal Palace,1,0,H,,,,2017/18,16,8,,,,False,,0.7006420035182793,0.1785184102654866,0.1208395862162343,2.4284983994308114,0.9258115266174913,770,372.7582676707895,1.2989247403913,-0.051949323276520035
2017-08-19,Southampton,West Ham,3,2,H,,,,2017/18,25,32,,,,False,,0.49486104119036417,0.26343685309873605,0.24170210571089962,1.585765885425725,1.0365017844545559,770,372.7582676707895,1.2989247403913,-0.051949323276520035
2017-08-19,Stoke,Arsenal,1,0,H,,,,2017/18,26,0,,,,False,,0.2184541495735907,0.24983962015181407,0.5317062302745955,1.0242907849777363,1.723073698097236,770,372.7582676707895,1.2989247403913,-0.051949323276520035
2017-08-19,Swansea,Man United,0,4,A,,,,2017/18,28,19,,,,False,,0.2035846068526055,0.28908493448242545,0.5073304586649691,0.7774991022263961,1.3873943675021265,770,372.7582676707895,1.2989247403913,-0.051949323276520035
2017-08-20,Tottenham,Chelsea,1,2,A,,,,2017/18,29,7,,,,False,,0.588706524057464,0.2223248958151426,0.18896858012739323,1.9648253866784124,1.0256269835761882,777,378.99951014589203,1.287793162683142,-0.03330842491388336
2017-08-20,Huddersfield,Newcastle,1,0,H,,,,2017/18,11,21,,,,False,,0.7603419582844092,0.15594205636673786,0.0837159853488527,2.5034024125455154,0.7193820531505549,777,378.99951014589203,1.287793162683142,-0.03330842491388336
2017-08-21,Man City,Everton,1,1,D,,,,2017/18,18,9,,,,False,,0.5993643554590975,0.21560151942422295,0.18503412511667933,2.0361633188796144,1.0463571396609683,779,380.2382726168752,1.2816662700442996,-0.030488740922844315
2017-08-26,Newcastle,West Ham,3,0,H,,,,2017/18,21,32,,,,False,,0.3955556786371973,0.2574770209136535,0.34696730044914936,1.4849972922042785,1.3767736032361646,780,377.4448884231572,1.2797814863137733,-0.0352287314695529
2017-08-26,Watford,Brighton,0,0,D,,,,2017/18,30,4,,,,False,,0.49945923419041766,0.2868433980039362,0.213697367805646,1.370696599814567,0.797704872099845,780,377.4448884231572,1.2797814863137733,-0.0352287314695529
2017-08-26,Man United,Leicester,2,0,H,,,,2017/18,19,15,,,,False,,0.5951053336753305,0.24489550228916868,0.1599991640355009,1.698559582953253,0.7569049600052097,780,377.4448884231572,1.2797814863137733,-0.0352287314695529
2017-08-26,Crystal Palace,Swansea,0,2,A,,,,2017/18,8,28,,,,False,,0.4711132106003748,0.26015376795327566,0.2687330214463493,1.5632171378472866,1.1216072330102598,780,377.4448884231572,1.2797814863137733,-0.0352287314695529
2017-08-26,Huddersfield,Southampton,0,0,D,,,,2017/18,11,25,,,,False,,0.5781648399323374,0.266284522016313,0.15555063805134958,1.518949706397546,0.6540019739318522,780,377.4448884231572,1.2797814863137733,-0.0352287314695529
2017-08-26,Bournemouth,Man City,1,2,A,,,,2017/18,2,18,,,,False,,0.18824882684287603,0.20707883968144947,0.6046723334756746,1.141617960061414,2.170350666915566,780,377.4448884231572,1.2797814863137733,-0.0352287314695529
2017-08-27,Chelsea,Everton,2,0,H,,,,2017/18,7,9,,,,False,,0.5830151285547335,0.2199095821828004,0.19707528926246629,2.0276993863284662,1.1038780105462795,786,382.6787650250834,1.2814990783333322,-0.041993321731917096
2017-08-27,Liverpool,Arsenal,4,0,H,,,,2017/18,16,0,,,,False,,0.45235144147250683,0.23784048628758023,0.30980807223991275,1.7882718828958761,1.4513596676220748,786,382.6787650250834,1.2814990783333322,-0.041993321731917096
2017-08-27,Tottenham,Burnley,1,1,D,,,,2017/18,29,5,,,,False,,0.777782482086326,0.15458286198728832,0.06763465592638564,2.4185217956405305,0.5823348885954337,786,382.6787650250834,1.2814990783333322,-0.041993321731917096
2017-08-27,West Brom,Stoke,1,1,D,,,,2017/18,31,26,,,,False,,0.42409055112571303,0.3141771255613764,0.26173232331291063,1.1570478647243099,0.8454341932139152,786,382.6787650250834,1.2814990783333322,-0.041993321731917096
2017-09-09,Arsenal,Bournemouth,3,0,H,,,,2017/18,0,2,,,,False,,0.7108920154262629,0.16767276552074756,0.12143521905298968,2.620103338427108,1.02528213960029,790,376.7546891705151,1.288631596861568,-0.054164749883462815
2017-09-09,Brighton,West Brom,3,1,H,,,,2017/18,4,31,,,,False,,0.27004853441417664,0.38078907322111594,0.34916239236470764,0.6784642652634325,0.8132191568245034,790,376.7546891705151,1.288631596861568,-0.054164749883462815
2017-09-09,Everton,Tottenham,0,3,A,,,,2017/18,9,29,,,,False,,0.24171528307149467,0.2613797448061429,0.4969049721223624,1.0526566947000524,1.6102158396245487,790,376.7546891705151,1.288631596861568,-0.054164749883462815
2017-09-09,Leicester,Chelsea,1,2,A,,,,2017/18,15,7,,,,False,,0.27007322746798607,0.2384097533755939,0.4915170191564198,1.324655737202618,1.84611992448937,790,376.7546891705151,1.288631596861568,-0.054164749883462815
2017-09-09,Man City,Liverpool,5,0,H,,,,2017/18,18,16,,,,False,,0.5097778897081908,0.23455267820372552,0.25566943208808385,1.8994945072526612,1.2969196838663948,790,376.7546891705151,1.288631596861568,-0.054164749883462815
2017-09-09,Southampton,Watford,0,2,A,,,,2017/18,25,30,,,,False,,0.552591479831912,0.2621722498317443,0.1852362703363432,1.6032812911349048,0.821820787132299,790,376.7546891705151,1.288631596861568,-0.054164749883462815
2017-09-09,Stoke,Man United,2,2,D,,,,2017/18,26,19,,,,False,,0.19234809627405222,0.3060822808561107,0.5015696228698371,0.6836926913897885,1.2800419777450016,790,376.7546891705151,1.288631596861568,-0.054164749883462815
2017-09-10,Swansea,Newcastle,0,1,A,,,,2017/18,28,21,,,,False,,0.4081333897493378,0.2737959474762186,0.318070662774444,1.4141848028611237,1.2205501499940337,797,382.9879467901353,1.2950448190409682,-0.05396790629136588
2017-09-10,Burnley,Crystal Palace,1,0,H,,,,2017/18,5,8,,,,False,,0.4624740906327221,0.2826863378544414,0.2548395715128363,1.4124192146666608,0.9813198878810534,797,382.9879467901353,1.2950448190409682,-0.05396790629136588
2017-09-11,West Ham,Huddersfield,2,0,H,,,,2017/18,32,11,,,,False,,0.22313198769316434,0.2905947705855888,0.48627324172124686,0.824320615262152,1.3514442439217267,799,384.218740359388,1.2939111865026858,-0.04234158029696774
2017-09-15,Bournemouth,Brighton,2,1,H,,,,2017/18,2,4,,,,False,,0.42193274051149937,0.28090499840166683,0.29716226108683413,1.3586013592296236,1.098023213000985,800,382.14928462984403,1.3002467319513278,-0.042696067433272436
2017-09-16,Crystal Palace,Southampton,0,1,A,,,,2017/18,8,25,,,,False,,0.3373561634374671,0.2974171271243507,0.36522670943818214,1.1058281180867442,1.161914867699439,801,382.3837518485433,1.3017068040426467,-0.04312331039004343
2017-09-16,Huddersfield,Leicester,1,1,D,,,,2017/18,11,15,,,,False,,0.45486067206721376,0.3024628252261845,0.24267650270660185,1.2553816843476806,0.8390320641971643,801,382.3837518485433,1.3017068040426467,-0.04312331039004343
2017-09-16,Liverpool,Burnley,1,1,D,,,,2017/18,16,5,,,,False,,0.6512504517737248,0.20706259007046457,0.1416869581558104,2.0849718200428984,0.866251944332411,801,382.3837518485433,1.3017068040426467,-0.04312331039004343
2017-09-16,Newcastle,Stoke,2,1,H,,,,2017/18,21,26,,,,False,,0.45055093728173,0.2855970659147998,0.2638519968034699,1.359716908039637,0.976722296736986,801,382.3837518485433,1.3017068040426467,-0.04312331039004343
2017-09-16,Tottenham,Swansea,0,0,D,,,,2017/18,29,28,,,,False,,0.8214364359830667,0.1257195514032448,0.05284401261368849,2.7514291671476907,0.5893226491644497,801,382.3837518485433,1.3017068040426467,-0.04312331039004343
2017-09-16,Watford,Man City,0,6,A,,,,2017/18,30,18,,,,False,,0.16661309786602255,0.21932478605578545,0.6140621160781918,0.9405032404815853,1.9923126219143052,801,382.3837518485433,1.3017068040426467,-0.04312331039004343
2017-09-16,West Brom,West Ham,0,0,D,,,,2017/18,31,32,,,,False,,0.41933447595727513,0.2758283616621353,0.3048371623805898,1.3929696139692098,1.1503343614436352,801,382.3837518485433,1.3017068040426467,-0.04312331039004343
2017-09-17,Chelsea,Arsenal,0,0,D,,,,2017/18,7,0,,,,False,,0.5297027083571809,0.2299088865609821,0.24038840508183731,1.981751934605263,1.2858713492782816,808,388.605762593431,1.2819840002671539,-0.06322034112287193
2017-09-17,Man United,Everton,4,0,H,,,,2017/18,19,9,,,,False,,0.5443410880928546,0.2727508418370107,0.1829080700701347,1.5326573284315916,0.7802189393902774,808,388.605762593431,1.2819840002671539,-0.06322034112287193
2017-09-23,Stoke,Chelsea,0,4,A,,,,2017/18,26,7,,,,False,,0.19375284665097067,0.24934267874143787,0.5569044746075915,0.958699321237972,1.7725455816024753,810,385.94650489943194,1.2887868427091242,-0.07496934879273899
2017-09-23,West Ham,Tottenham,2,3,A,,,,2017/18,32,29,,,,False,,0.14867539748043324,0.2151140759776672,0.6362105265418998,0.9170836568388206,2.0862102009838286,810,385.94650489943194,1.2887868427091242,-0.07496934879273899
2017-09-23,Southampton,Man United,0,1,A,,,,2017/18,25,19,,,,False,,0.23462348451968962,0.32390771990016504,0.4414687955801452,0.779506320421586,1.1736255225679044,810,385.94650489943194,1.2887868427091242,-0.07496934879273899
2017-09-23,Swansea,Watford,1,2,A,,,,2017/18,28,30,,,,False,,0.46559919761909296,0.2754554406496477,0.25894536173125904,1.5139395264573239,1.0703602546528048,810,385.94650489943194,1.2887868427091242,-0.07496934879273899
2017-09-23,Leicester,Liverpool,2,3,A,,,,2017/18,15,16,,,,False,,0.3349762893709518,0.247429538707517,0.41759417192153103,1.5167242431603576,1.7111310572272231,810,385.94650489943194,1.2887868427091242,-0.07496934879273899
2017-09-23,Everton,Bournemouth,2,1,H,,,,2017/18,9,2,,,,False,,0.5990405089468002,0.2183096934085774,0.18264979764462252,2.1138205434840147,1.0994692153259116,810,385.94650489943194,1.2887868427091242,-0.07496934879273899
2017-09-23,Burnley,Huddersfield,0,0,D,,,,2017/18,5,11,,,,False,,0.31233123403784774,0.3605326164768963,0.3271361494852558,0.8355997264259012,0.8620679023956695,810,385.94650489943194,1.2887868427091242,-0.07496934879273899
2017-09-23,Man City,Crystal Palace,5,0,H,,,,2017/18,18,8,,,,False,,0.7915143482711096,0.14229800476617305,0.06618764696271695,2.69857138394343,0.6921868466570064,810,385.94650489943194,1.2887868427091242,-0.07496934879273899
2017-09-24,Brighton,Newcastle,1,0,H,,,,2017/18,4,21,,,,False,,0.36688529957302396,0.31138338118017667,0.32173131924679943,1.1388855777840663,1.0493569427077676,818,393.1593992576435,1.280730991963775,-0.0728386379118609
2017-09-25,Arsenal,West Brom,2,0,H,,,,2017/18,0,31,,,,False,,0.6409533282062916,0.2278685211193295,0.13117815067437877,1.8859853226168075,0.7319172685462392,819,393.3718682526435,1.2831247088912872,-0.06769363923683429
2017-09-30,West Ham,Swansea,1,0,H,,,,2017/18,32,28,,,,False,,0.5150054007656338,0.24701234450003695,0.2379822547343293,1.7905098503229622,1.1557471325302906,820,390.44780259887847,1.285427120541027,-0.06789822588973378
2017-09-30,West Brom,Watford,2,2,D,,,,2017/18,31,30,,,,False,,0.4507256770689367,0.29997806311191333,0.24929625981915024,1.3095494617892915,0.9052206147851732,820,390.44780259887847,1.285427120541027,-0.06789822588973378
2017-09-30,Stoke,Southampton,2,1,H,,,,2017/18,26,25,,,,False,,0.33448418153098697,0.3145607616575774,0.3509550568114358,1.0530075621548871,1.0853399799574714,820,390.44780259887847,1.285427120541027,-0.06789822588973378
2017-09-30,Man United,Crystal Palace,4,0,H,,,,2017/18,19,8,,,,False,,0.7192292944387705,0.19984413006393756,0.08092657549729187,2.005432609188521,0.5271568591484521,820,390.44780259887847,1.285427120541027,-0.06789822588973378
2017-09-30,Chelsea,Man City,0,1,A,,,,2017/18,7,18,,,,False,,0.41799317884617093,0.2526631941706817,0.3293436269831471,1.64364143437973,1.439278182080134,820,390.44780259887847,1.285427120541027,-0.06789822588973378
2017-09-30,Bournemouth,Leicester,0,0,D,,,,2017/18,2,15,,,,False,,0.3603827832169945,0.2473827836468294,0.3922344331361761,1.5721241010987455,1.646891305445263,820,390.44780259887847,1.285427120541027,-0.06789822588973378
2017-09-30,Huddersfield,Tottenham,0,4,A,,,,2017/18,11,29,,,,False,,0.20513201745040546,0.34053626192512965,0.454331720624465,0.6393728006073348,1.093339386111187,820,390.44780259887847,1.285427120541027,-0.06789822588973378
2017-10-01,Arsenal,Brighton,2,0,H,,,,2017/18,0,4,,,,False,,0.6359093580065627,0.23281562137162595,0.1312750206218114,1.8277649987146805,0.7039299865306055,827,396.65370135962036,1.2838000044503142,-0.0633289941128693
2017-10-01,Everton,Burnley,0,1,A,,,,2017/18,9,5,,,,False,,0.5223889137212941,0.27038217477843285,0.2072289115002732,1.555597693732376,0.8879040613575185,827,396.65370135962036,1.2838000044503142,-0.0633289941128693
2017-10-01,Newcastle,Liverpool,1,1,D,,,,2017/18,21,16,,,,False,,0.25891415115341604,0.2524704864659564,0.4886153623806272,1.1928554200694006,1.7133249437750961,827,396.65370135962036,1.2838000044503142,-0.0633289941128693
2017-10-14,Watford,Arsenal,2,1,H,,,,2017/18,30,0,,,,False,,0.1974076929191964,0.23204183854550342,0.5705504685353001,1.0549222428425264,1.9263350247075222,830,389.396624926694,1.2837405909469761,-0.06011683386316845
2017-10-14,Tottenham,Bournemouth,1,0,H,,,,2017/18,29,2,,,,False,,0.8274413337169346,0.11906982046391106,0.05348884581915439,2.950750751810807,0.674371986628768,830,389.396624926694,1.2837405909469761,-0.06011683386316845
2017-10-14,Swansea,Huddersfield,2,0,H,,,,2017/18,28,11,,,,False,,0.378231713280504,0.3347173973643148,0.28705088935518147,1.0249517153621404,0.8549570444229783,830,389.396624926694,1.2837405909469761,-0.06011683386316845
2017-10-14,Crystal Palace,Chelsea,2,1,H,,,,2017/18,8,7,,,,False,,0.14332221242945475,0.21102676163160544,0.6456510259389396,0.8823480611119002,2.0845124971388764,830,389.396624926694,1.2837405909469761,-0.06011683386316845
2017-10-14,Liverpool,Man United,0,0,D,,,,2017/18,16,19,,,,False,,0.3377541730594929,0.28747656985973036,0.3747692570807768,1.194469769731791,1.2716931816881762,830,389.396624926694,1.2837405909469761,-0.06011683386316845
2017-10-14,Burnley,West Ham,1,1,D,,,,2017/18,5,32,,,,False,,0.4347697014196102,0.2818735812118597,0.28335671736853024,1.4028088496890074,1.0844327585008726,830,389.396624926694,1.2837405909469761,-0.06011683386316845
2017-10-14,Man City,Stoke,7,2,H,,,,2017/18,18,26,,,,False,,0.7825146678996558,0.14754463828204548,0.069940693818299,2.6018826324050175,0.6758694163345137,830,389.396624926694,1.2837405909469761,-0.06011683386316845
2017-10-15,Brighton,Everton,1,1,D,,,,2017/18,4,9,,,,False,,0.3020783883672833,0.3157366253671485,0.38218498626556846,0.9737728846375767,1.130135282519762,837,395.6046239418259,1.302304153954152,-0.06610822500871227
2017-10-15,Southampton,Newcastle,2,2,D,,,,2017/18,25,21,,,,False,,0.46262521574959103,0.2994224067295526,0.23795237752085657,1.3197687767977362,0.8700936507007873,837,395.6046239418259,1.302304153954152,-0.06610822500871227
2017-10-16,Leicester,West Brom,1,1,D,,,,2017/18,15,31,,,,False,,0.5154393617067213,0.27235429553816004,0.2122063427551186,1.553101710948386,0.9094613086794681,839,396.8102093733155,1.3014140859155563,-0.07050427654187358
2017-10-20,West Ham,Brighton,0,3,A,,,,2017/18,32,4,,,,False,,0.46834196619951907,0.29291236644208113,0.23874566735839986,1.3842373356355602,0.9148684805245877,840,394.6404237463422,1.3001678278174262,-0.0752131237780612
2017-10-21,Swansea,Leicester,1,2,A,,,,2017/18,28,15,,,,False,,0.33990674995421855,0.2771914598575391,0.3829017901882422,1.2951849233475081,1.3882560845104783,841,394.8499336524402,1.2924313797097218,-0.07494568184391352
2017-10-21,Chelsea,Watford,4,2,H,,,,2017/18,7,30,,,,False,,0.7597274759924092,0.1567278803460258,0.0835446436615654,2.6099380093947415,0.7824349300281983,841,394.8499336524402,1.2924313797097218,-0.07494568184391352
2017-10-21,Huddersfield,Man United,2,1,H,,,,2017/18,11,19,,,,False,,0.13715358432988178,0.31745873146251147,0.5453876842076067,0.48782698441116856,1.2462298128991833,841,394.8499336524402,1.2924313797097218,-0.07494568184391352
2017-10-21,Man City,Burnley,3,0,H,,,,2017/18,18,5,,,,False,,0.7399575283253668,0.17660437418510014,0.08343809748953315,2.309896012788217,0.6595955798272989,841,394.8499336524402,1.2924313797097218,-0.07494568184391352
2017-10-21,Newcastle,Crystal Palace,1,0,H,,,,2017/18,21,8,,,,False,,0.5121591682556502,0.2692901630740068,0.2185506686703427,1.5884442024795993,0.9568717921871154,841,394.8499336524402,1.2924313797097218,-0.07494568184391352
2017-10-21,Southampton,West Brom,1,0,H,,,,2017/18,25,31,,,,False,,0.45804265764887153,0.31473460749281845,0.22722273485831043,1.237721217796453,0.7901733932689458,841,394.8499336524402,1.2924313797097218,-0.07494568184391352
2017-10-21,Stoke,Bournemouth,1,2,A,,,,2017/18,26,2,,,,False,,0.43190175959362903,0.26764095217076583,0.30045728823560525,1.5437295263133346,1.2530603070169932,841,394.8499336524402,1.2924313797097218,-0.07494568184391352
2017-10-22,Tottenham,Liverpool,4,1,H,,,,2017/18,29,16,,,,False,,0.6283281122395081,0.21512257692326708,0.15654931083722481,2.0885091703664824,0.954480681290719,848,401.04703694947045,1.296645956159434,-0.06870916196178806
2017-10-22,Everton,Arsenal,2,5,A,,,,2017/18,9,0,,,,False,,0.3335672897482268,0.26572128163935926,0.400711428612414,1.3488857905507137,1.4981614004276462,848,401.04703694947045,1.296645956159434,-0.06870916196178806
2017-10-28,Arsenal,Swansea,2,1,H,,,,2017/18,0,28,,,,False,,0.7156498904011329,0.18042774819069948,0.10392236140816768,2.3593617780082683,0.8014068149772875,850,398.23937616258905,1.2923275464890986,-0.06863929403927087
2017-10-28,Bournemouth,Chelsea,0,1,A,,,,2017/18,2,7,,,,False,,0.1965827697863358,0.22374867755322425,0.5796685526604395,1.125140760985851,2.047114293753762,850,398.23937616258905,1.2923275464890986,-0.06863929403927087
2017-10-28,Crystal Palace,West Ham,2,2,D,,,,2017/18,8,32,,,,False,,0.37326204399157514,0.2706733762799384,0.35606457972848626,1.4052249862637383,1.3674685799020836,850,398.23937616258905,1.2923275464890986,-0.06863929403927087
2017-10-28,Liverpool,Huddersfield,3,0,H,,,,2017/18,16,11,,,,False,,0.6385571378635634,0.22684337813558078,0.1345994840008559,1.9063916464932618,0.7579589598374336,850,398.23937616258905,1.2923275464890986,-0.06863929403927087
2017-10-28,Man United,Tottenham,1,0,H,,,,2017/18,19,29,,,,False,,0.33511998966026113,0.3211809286621077,0.3436990816776311,1.0240503302684747,1.0406464894389542,850,398.23937616258905,1.2923275464890986,-0.06863929403927087
2017-10-28,Watford,Stoke,0,1,A,,,,2017/18,30,26,,,,False,,0.450331238485171,0.2674643416440862,0.28220441987074263,1.5534258082622363,1.1843237772154838,850,398.23937616258905,1.2923275464890986,-0.06863929403927087
2017-10-28,West Brom,Man City,2,3,A,,,,2017/18,31,18,,,,False,,0.14589129040598814,0.23509456405814463,0.6190141455358675,0.7816980422502952,1.8453886022186499,850,398.23937616258905,1.2923275464890986,-0.06863929403927087
2017-10-29,Brighton,Southampton,1,1,D,,,,2017/18,4,25,,,,False,,0.4103148625516037,0.3271554461283507,0.2625296913200456,1.0869238850871104,0.8097413724092773,857,404.42970734896704,1.293665980941044,-0.04899527823043115
2017-10-29,Leicester,Everton,2,0,H,,,,2017/18,15,9,,,,False,,0.4466688315862172,0.25181673920121717,0.3015144292125657,1.6492554754013011,1.3193701302778096,857,404.42970734896704,1.293665980941044,-0.04899527823043115
2017-10-30,Burnley,Newcastle,1,0,H,,,,2017/18,5,21,,,,False,,0.39854592471715017,0.31485019899140443,0.2866038762914455,1.1398279617241382,0.9228740676673652,859,405.6176602520484,1.297317809368791,-0.05413349981145398
2017-11-04,West Ham,Liverpool,1,4,A,,,,2017/18,32,16,,,,False,,0.2678816032157744,0.22755102123431928,0.5045673755499064,1.4032242317526051,1.9780109595674074,860,402.5717469320162,1.299703322666579,-0.050548137694980635
2017-11-04,Stoke,Leicester,2,2,D,,,,2017/18,26,15,,,,False,,0.3345394262767116,0.26916075446599164,0.3962998192572969,1.2887857443155386,1.423152757728282,860,402.5717469320162,1.299703322666579,-0.050548137694980635
2017-11-04,Swansea,Brighton,0,1,A,,,,2017/18,28,4,,,,False,,0.3321279372998453,0.31770404025874666,0.35016802244140793,1.006745173335652,1.0415298826450397,860,402.5717469320162,1.299703322666579,-0.050548137694980635
2017-11-04,Newcastle,Bournemouth,0,1,A,,,,2017/18,21,2,,,,False,,0.46152702809341456,0.2729634604437915,0.26550951146279406,1.4794712914082815,1.0621361954153619,860,402.5717469320162,1.299703322666579,-0.050548137694980635
2017-11-04,Huddersfield,West Brom,1,0,H,,,,2017/18,11,31,,,,False,,0.35034115537863103,0.3418157422685411,0.30784310235282814,0.9398219544135165,0.8620159622290812,860,402.5717469320162,1.299703322666579,-0.050548137694980635
2017-11-04,Southampton,Burnley,0,1,A,,,,2017/18,25,5,,,,False,,0.4439629330011723,0.3169931909266035,0.2390438760722243,1.1760228096198657,0.7849842445387986,860,402.5717469320162,1.299703322666579,-0.050548137694980635
2017-11-05,Chelsea,Man United,1,0,H,,,,2017/18,7,19,,,,False,,0.39834015596911326,0.29514252656961476,0.30651731746127187,1.207705940071679,1.0239128279042762,866,407.755420037156,1.288230273613417,-0.029746447873408213
2017-11-05,Everton,Watford,3,2,H,,,,2017/18,9,30,,,,False,,0.581281184807273,0.22431171572110709,0.19440709947161972,1.9378670934419775,1.0336120696601903,866,407.755420037156,1.288230273613417,-0.029746447873408213
2017-11-05,Man City,Arsenal,3,1,H,,,,2017/18,18,0,,,,False,,0.599196710437458,0.20484532732132799,0.19595796224121373,2.201629171448299,1.196163296284081,866,407.755420037156,1.288230273613417,-0.029746447873408213
2017-11-05,Tottenham,Crystal Palace,1,0,H,,,,2017/18,29,8,,,,False,,0.8329850030171589,0.11891165996362227,0.04810333701921907,2.7777355597900124,0.5512283137136211,866,407.755420037156,1.288230273613417,-0.029746447873408213
2017-11-18,West Brom,Chelsea,0,4,A,,,,2017/18,31,7,,,,False,,0.19128821695044998,0.2529800580145775,0.5557317250349724,0.839866405372301,1.6195917344205537,870,401.1877540787906,1.2899819197995692,-0.022232004578485228
2017-11-18,Arsenal,Tottenham,2,0,H,,,,2017/18,0,29,,,,False,,0.30264827374971365,0.25695037131063375,0.4404013549396524,1.2278627844226622,1.530735589352863,870,401.1877540787906,1.2899819197995692,-0.022232004578485228
2017-11-18,Bournemouth,Huddersfield,4,0,H,,,,2017/18,2,11,,,,False,,0.46015862370985544,0.2902273412046311,0.24961403508551358,1.2994953166773093,0.8794777014749168,870,401.1877540787906,1.2899819197995692,-0.022232004578485228
2017-11-18,Burnley,Swansea,2,0,H,,,,2017/18,5,28,,,,False,,0.47113470841851024,0.29457467854233904,0.23429061303915052,1.2815650284770443,0.8156014937703936,870,401.1877540787906,1.2899819197995692,-0.022232004578485228
2017-11-18,Crystal Palace,Everton,2,2,D,,,,2017/18,8,9,,,,False,,0.3131030341144758,0.26156099868142885,0.4253359672040953,1.2261593234505836,1.4701361677045344,870,401.1877540787906,1.2899819197995692,-0.022232004578485228
2017-11-18,Leicester,Man City,0,2,A,,,,2017/18,15,18,,,,False,,0.2111412364368947,0.21229506868326706,0.5765636948798383,1.2016193819198757,2.093932815751617,870,401.1877540787906,1.2899819197995692,-0.022232004578485228
2017-11-18,Liverpool,Southampton,3,0,H,,,,2017/18,16,25,,,,False,,0.6107902833240679,0.22045651450814296,0.1687532021677885,1.9294759444882603,0.9072337897893671,870,401.1877540787906,1.2899819197995692,-0.022232004578485228
2017-11-18,Man United,Newcastle,4,1,H,,,,2017/18,19,21,,,,False,,0.6575041907734004,0.23640806185231186,0.10608774737428807,1.6669408127672656,0.506439820479945,870,401.1877540787906,1.2899819197995692,-0.022232004578485228
2017-11-19,Watford,West Ham,2,0,H,,,,2017/18,30,32,,,,False,,0.43715768922671616,0.2408527882334854,0.3219895225397984,1.6821756321976542,1.415801790539984,878,408.3701964008302,1.305590531707734,-0.020818784616279916
2017-11-20,Brighton,Stoke,2,2,D,,,,2017/18,4,26,,,,False,,0.5135712771620117,0.2841943228246124,0.2022344000133759,1.3679128305580275,0.748222047894016,879,408.55227420286724,1.309818622372747,-0.020208918558230163
2017-11-24,West Ham,Leicester,1,1,D,,,,2017/18,32,15,,,,False,,0.3688728301766172,0.24418234995605728,0.38694481986732565,1.5138828974226186,1.5553975343129196,880,406.2889268033433,1.3078112839405651,-0.019987282765951728
2017-11-25,Crystal Palace,Stoke,2,1,H,,,,2017/18,8,26,,,,False,,0.41415712562249407,0.27056838634546615,0.31527448803203995,1.3865757363670852,1.1764592181666458,881,406.47516298480974,1.3082248962870462,-0.024661667689862367
2017-11-25,Liverpool,Chelsea,1,1,D,,,,2017/18,16,7,,,,False,,0.3917182070772683,0.240155645414753,0.36812614750797873,1.6179469286609918,1.5628709847466085,881,406.47516298480974,1.3082248962870462,-0.024661667689862367
2017-11-25,Man United,Brighton,1,0,H,,,,2017/18,19,4,,,,False,,0.5979495262626433,0.26992503906309934,0.1321254346742578,1.4611974814823752,0.5345070714128753,881,406.47516298480974,1.3082248962870462,-0.024661667689862367
2017-11-25,Newcastle,Watford,0,3,A,,,,2017/18,21,30,,,,False,,0.4503066934190522,0.26771613835890684,0.28197716822204066,1.4558935471783554,1.0974978080482998,881,406.47516298480974,1.3082248962870462,-0.024661667689862367
2017-11-25,Swansea,Bournemouth,0,0,D,,,,2017/18,28,2,,,,False,,0.3852960390412027,0.26951863028180795,0.3451853306769893,1.3452560661495305,1.2595568854108263,881,406.47516298480974,1.3082248962870462,-0.024661667689862367
2017-11-25,Tottenham,West Brom,1,1,D,,,,2017/18,29,31,,,,False,,0.771492048559549,0.16275369272654042,0.06575425871391065,2.2478828449348702,0.5021771102777894,881,406.47516298480974,1.3082248962870462,-0.024661667689862367
2017-11-26,Southampton,Everton,4,1,H,,,,2017/18,25,9,,,,False,,0.3956672058401908,0.2801345753752028,0.3241982187846063,1.3155278327579094,1.1659181264153409,887,411.65103705947405,1.3005174919771512,-0.038340934995365075
2017-11-26,Huddersfield,Man City,1,2,A,,,,2017/18,11,18,,,,False,,0.08923406960959722,0.1782981650610217,0.732467765329381,0.6441815467622299,2.2273334324759793,887,411.65103705947405,1.3005174919771512,-0.038340934995365075
2017-11-26,Burnley,Arsenal,0,1,A,,,,2017/18,5,0,,,,False,,0.25720365781749527,0.27938233156500925,0.46341401061749554,0.9792369569821552,1.4067292435161722,887,411.65103705947405,1.3005174919771512,-0.038340934995365075
2017-11-28,Brighton,Crystal Palace,0,0,D,,,,2017/18,4,8,,,,False,,0.5207488518641152,0.28250783196924095,0.19674331616664392,1.4065321276181832,0.7547839431913523,890,412.99574570100765,1.3062295999233893,-0.03483335953245838
2017-11-28,Leicester,Tottenham,2,1,H,,,,2017/18,15,29,,,,False,,0.20532265703079725,0.24350037416966555,0.5511769687995369,0.9732346183016374,1.7445535641406449,890,412.99574570100765,1.3062295999233893,-0.03483335953245838
2017-11-28,Watford,Man United,2,4,A,,,,2017/18,30,19,,,,False,,0.17828153300117242,0.26120016620811304,0.5605183007907147,0.7676913746153985,1.569675288150294,890,412.99574570100765,1.3062295999233893,-0.03483335953245838
2017-11-28,West Brom,Newcastle,2,2,D,,,,2017/18,31,21,,,,False,,0.45176688454691627,0.29953635011541324,0.2486967653376706,1.2561867687145292,0.8565471137777202,890,412.99574570100765,1.3062295999233893,-0.03483335953245838
2017-11-29,Stoke,Liverpool,0,3,A,,,,2017/18,26,16,,,,False,,0.2241650953393754,0.2288655093518138,0.5469693953088108,1.1674383812412765,1.928392588393858,894,416.16258764538054,1.304309828860857,-0.03886977334333439
2017-11-29,Man City,Southampton,2,1,H,,,,2017/18,18,25,,,,False,,0.7412244656474181,0.16761637447036085,0.09115915988222083,2.389336874838184,0.7224529725338698,894,416.16258764538054,1.304309828860857,-0.03886977334333439
2017-11-29,Everton,West Ham,4,0,H,,,,2017/18,9,32,,,,False,,0.565029849811318,0.21783545415239744,0.21713469603628457,2.067730802904349,1.2213985068369644,894,416.16258764538054,1.304309828860857,-0.03886977334333439
2017-11-29,Arsenal,Huddersfield,5,0,H,,,,2017/18,0,11,,,,False,,0.7575199563560379,0.16679521681966603,0.07568482682429618,2.2981553390623732,0.589435849401339,894,416.16258764538054,1.304309828860857,-0.03886977334333439
2017-11-29,Bournemouth,Burnley,1,2,A,,,,2017/18,2,5,,,,False,,0.4099410886309036,0.3003669323891078,0.28969197897998855,1.2099304431677007,0.9712823749260259,894,416.16258764538054,1.304309828860857,-0.03886977334333439
2017-11-29,Chelsea,Swansea,1,0,H,,,,2017/18,7,28,,,,False,,0.7740046329942212,0.15309615181359224,0.07289921519218678,2.4770878520376334,0.6385982807795312,894,416.16258764538054,1.304309828860857,-0.03886977334333439
2017-12-02,Arsenal,Man United,1,3,A,,,,2017/18,0,19,,,,False,,0.388026814112974,0.287487599366073,0.32448558652095355,1.2464634191192177,1.1162560407573916,900,419.63719587100223,1.307235391622749,-0.03449899646539141
2017-12-02,Brighton,Liverpool,1,5,A,,,,2017/18,4,16,,,,False,,0.2721310163311123,0.29104107418241504,0.43682790948647265,0.960561710623413,1.2927397854036977,900,419.63719587100223,1.307235391622749,-0.03449899646539141
2017-12-02,Chelsea,Newcastle,3,1,H,,,,2017/18,7,21,,,,False,,0.7816642974873139,0.14704908071524547,0.0712866217974406,2.548719254683374,0.6527330643345735,900,419.63719587100223,1.307235391622749,-0.03449899646539141
2017-12-02,Everton,Huddersfield,2,0,H,,,,2017/18,9,11,,,,False,,0.683569324597439,0.19931698779195917,0.11711368761060191,2.079773421109144,0.733783012899223,900,419.63719587100223,1.307235391622749,-0.03449899646539141
2017-12-02,Leicester,Burnley,1,0,H,,,,2017/18,15,5,,,,False,,0.4742590702659597,0.28400621047914254,0.2417347192548976,1.3746155858676028,0.9012049437617009,900,419.63719587100223,1.307235391622749,-0.03449899646539141
2017-12-02,Stoke,Swansea,2,1,H,,,,2017/18,26,28,,,,False,,0.45056689827088603,0.27938239277202825,0.27005070895708566,1.3871307614418942,1.0126922322110794,900,419.63719587100223,1.307235391622749,-0.03449899646539141
2017-12-02,Watford,Tottenham,1,1,D,,,,2017/18,30,29,,,,False,,0.14941849184560688,0.20917133608634236,0.6414101720680511,0.8865421710545748,2.056648922038676,900,419.63719587100223,1.307235391622749,-0.03449899646539141
2017-12-02,West Brom,Crystal Palace,0,0,D,,,,2017/18,31,8,,,,False,,0.44985986333064926,0.29318660874561825,0.2569535279237324,1.2927733869844975,0.9069188681130853,900,419.63719587100223,1.307235391622749,-0.03449899646539141
2017-12-03,Bournemouth,Southampton,1,1,D,,,,2017/18,2,25,,,,False,,0.3881611278904414,0.28469348605409694,0.3271453860554617,1.2797152163974612,1.153109008408644,908,426.78277618375404,1.3005177459949784,-0.042323864191661315
2017-12-03,Man City,West Ham,2,1,H,,,,2017/18,18,32,,,,False,,0.848291278353202,0.100442955313108,0.051265766333689906,3.3274890786187,0.7871104769699679,908,426.78277618375404,1.3005177459949784,-0.042323864191661315
2017-12-09,Crystal Palace,Bournemouth,2,2,D,,,,2017/18,8,2,,,,False,,0.383514387385568,0.2793445670572679,0.33714104555716395,1.3166701021026825,1.2187396471153609,910,423.6681321095756,1.2975634135306757,-0.046827458017533165
2017-12-09,Tottenham,Stoke,5,1,H,,,,2017/18,29,26,,,,False,,0.7891167681010047,0.14533152116016732,0.06555171073882764,2.5581432867174594,0.6210170742330648,910,423.6681321095756,1.2975634135306757,-0.046827458017533165
2017-12-09,West Ham,Chelsea,1,0,H,,,,2017/18,32,7,,,,False,,0.16755825973517696,0.20815429734077234,0.6242874429240509,1.0294686411910272,2.1452640035105266,910,423.6681321095756,1.2975634135306757,-0.046827458017533165
2017-12-09,Swansea,West Brom,1,0,H,,,,2017/18,28,31,,,,False,,0.3877479246882188,0.31775849956408864,0.2944935757476928,1.0982338154755418,0.9192724255830018,910,423.6681321095756,1.2975634135306757,-0.046827458017533165
2017-12-09,Burnley,Watford,1,0,H,,,,2017/18,5,30,,,,False,,0.4649130249566371,0.2882335539458509,0.24685342109751185,1.361227631671992,0.9175771155272813,910,423.6681321095756,1.2975634135306757,-0.046827458017533165
2017-12-09,Huddersfield,Brighton,2,0,H,,,,2017/18,11,4,,,,False,,0.26718495398241393,0.33499152529988074,0.39782352071770516,0.7921370707690107,1.0331941434872323,910,423.6681321095756,1.2975634135306757,-0.046827458017533165
2017-12-09,Newcastle,Leicester,2,3,A,,,,2017/18,21,15,,,,False,,0.30590379864214085,0.27048603119373016,0.42361017016412916,1.1944224677238569,1.4481046699070175,910,423.6681321095756,1.2975634135306757,-0.046827458017533165
2017-12-10,Liverpool,Everton,1,1,D,,,,2017/18,16,9,,,,False,,0.6543074066326632,0.18486922278720924,0.16082337058012747,2.4240058704451863,1.1401851902938718,917,429.8076566076835,1.3130733933960959,-0.027905389413979798
2017-12-10,Man United,Man City,1,2,A,,,,2017/18,19,18,,,,False,,0.41115611048545614,0.2788976504952178,0.3099462390193257,1.3279119379406055,1.1171845966535234,917,429.8076566076835,1.3130733933960959,-0.027905389413979798
2017-12-10,Southampton,Arsenal,1,1,D,,,,2017/18,25,0,,,,False,,0.2797510578743084,0.26492490723349443,0.45532403489219725,1.1138124517862389,1.4910995501534285,917,429.8076566076835,1.3130733933960959,-0.027905389413979798
2017-12-12,Burnley,Stoke,1,0,H,,,,2017/18,5,26,,,,False,,0.4946171938051188,0.2865323492663392,0.2188504569285418,1.3728348735094875,0.818059760350246,920,431.0798838305035,1.3091426261072472,-0.036464893656041095
2017-12-12,Crystal Palace,Watford,2,1,H,,,,2017/18,8,30,,,,False,,0.4119833337192056,0.26924895003789306,0.31876771624290184,1.418496951694839,1.2180020942314023,920,431.0798838305035,1.3091426261072472,-0.036464893656041095
2017-12-12,Huddersfield,Chelsea,1,3,A,,,,2017/18,11,7,,,,False,,0.11569175343024986,0.21225794873591372,0.6720502978338361,0.6643763473676453,1.935323442949192,920,431.0798838305035,1.3091426261072472,-0.036464893656041095
2017-12-13,Liverpool,West Brom,0,0,D,,,,2017/18,16,31,,,,False,,0.7101276946591267,0.18548745725477878,0.1043848480860947,2.1963305067570493,0.7154510132826789,923,433.2125916441263,1.3104265249756604,-0.032849477513231064
2017-12-13,Man United,Bournemouth,1,0,H,,,,2017/18,19,2,,,,False,,0.7107058713515173,0.19151280318668903,0.09778132546179331,2.0924105696105166,0.6356042662620522,923,433.2125916441263,1.3104265249756604,-0.032849477513231064
2017-12-13,Newcastle,Everton,0,1,A,,,,2017/18,21,9,,,,False,,0.30831678022156694,0.25405010983579845,0.4376331099426347,1.2893458919525962,1.5784821247135281,923,433.2125916441263,1.3104265249756604,-0.032849477513231064
2017-12-13,Southampton,Leicester,1,4,A,,,,2017/18,25,15,,,,False,,0.40896395139865604,0.2793521121805815,0.3116839364207626,1.3312823431297962,1.1282515606498735,923,433.2125916441263,1.3104265249756604,-0.032849477513231064
2017-12-13,Swansea,Man City,0,4,A,,,,2017/18,28,18,,,,False,,0.125682184081008,0.19686115033811666,0.6774566655808754,0.803723555472085,2.136183475119183,923,433.2125916441263,1.3104265249756604,-0.032849477513231064
2017-12-13,Tottenham,Brighton,2,0,H,,,,2017/18,29,4,,,,False,,0.768476983871807,0.16577301445956039,0.06575000166863253,2.228786572979611,0.4994899830797464,923,433.2125916441263,1.3104265249756604,-0.032849477513231064
2017-12-13,West Ham,Arsenal,0,0,D,,,,2017/18,32,0,,,,False,,0.22078471426399165,0.2208470241307908,0.5583682616052175,1.202310582573351,2.0138464973044274,923,433.2125916441263,1.3104265249756604,-0.032849477513231064
2017-12-16,Watford,Huddersfield,1,4,A,,,,2017/18,30,11,,,,False,,0.5630170767281449,0.2484076977159613,0.1885752255558938,1.7019454745528393,0.8818625441478956,930,437.57922409700086,1.2973742589284303,-0.041126370415777914
2017-12-16,Stoke,West Ham,0,3,A,,,,2017/18,26,32,,,,False,,0.42148210886942505,0.2588796143384185,0.31963827679215634,1.5302843318216917,1.3040487218809529,930,437.57922409700086,1.2973742589284303,-0.041126370415777914
2017-12-16,Man City,Tottenham,4,1,H,,,,2017/18,18,29,,,,False,,0.4690330241516083,0.25230284792157553,0.27866412792681594,1.6491007929575145,1.221577656223808,930,437.57922409700086,1.2973742589284303,-0.041126370415777914
2017-12-16,Arsenal,Newcastle,1,0,H,,,,2017/18,0,21,,,,False,,0.7569720239936335,0.15686895637110967,0.08615901963525678,2.53003105347496,0.7504923425649912,930,437.57922409700086,1.2973742589284303,-0.041126370415777914
2017-12-16,Chelsea,Southampton,1,0,H,,,,2017/18,7,25,,,,False,,0.6788531392644656,0.20260746746995212,0.11853939326558216,2.0622859476124287,0.7365223227830356,930,437.57922409700086,1.2973742589284303,-0.041126370415777914
2017-12-16,Brighton,Burnley,0,0,D,,,,2017/18,4,5,,,,False,,0.3106302740306751,0.35657029114314864,0.33279943482617613,0.8087017049756681,0.847962169553782,930,437.57922409700086,1.2973742589284303,-0.041126370415777914
2017-12-16,Leicester,Crystal Palace,0,3,A,,,,2017/18,15,8,,,,False,,0.6107242614565223,0.22130761360267928,0.1679681249407984,1.966187646950498,0.9320557835077314,930,437.57922409700086,1.2973742589284303,-0.041126370415777914
2017-12-17,Bournemouth,Liverpool,0,4,A,,,,2017/18,2,16,,,,False,,0.23420594313708956,0.22948966402906226,0.5363043928338476,1.2089061249004385,1.9227608945472663,937,443.69095421477897,1.277962949479389,-0.03835479225477588
2017-12-17,West Brom,Man United,1,2,A,,,,2017/18,31,19,,,,False,,0.1638790112696947,0.29563401214583207,0.5404869765844736,0.5998129939358775,1.3268456478614596,937,443.69095421477897,1.277962949479389,-0.03835479225477588
2017-12-18,Everton,Swansea,3,1,H,,,,2017/18,9,28,,,,False,,0.5981844792272879,0.23190215147215068,0.1699133693005616,1.8450850167030355,0.8758865551075248,939,444.80046309430026,1.2699701958187628,-0.038627998509138256
2017-12-22,Arsenal,Liverpool,3,3,D,,,,2017/18,0,16,,,,False,,0.4469106891897101,0.2417150295019131,0.3113742813083767,1.729678164240392,1.4137943549186642,940,442.24828703868707,1.27170839088444,-0.03859183386815365
2017-12-23,Swansea,Crystal Palace,1,1,D,,,,2017/18,28,8,,,,False,,0.3830789322301,0.2934527885275282,0.32346827924237176,1.2108241236232709,1.0900585695571359,941,442.3626763704814,1.2703255499375956,-0.03967321497441113
2017-12-23,West Ham,Newcastle,2,3,A,,,,2017/18,32,21,,,,False,,0.5081900237936964,0.2551515592565197,0.23665841694978412,1.6400109175870918,1.0436443203427457,941,442.3626763704814,1.2703255499375956,-0.03967321497441113
2017-12-23,Stoke,West Brom,3,1,H,,,,2017/18,26,31,,,,False,,0.38862295248030826,0.30066614326382946,0.3107109042558624,1.1779923360207905,1.0230184106738935,941,442.3626763704814,1.2703255499375956,-0.03967321497441113
2017-12-23,Southampton,Huddersfield,1,1,D,,,,2017/18,25,11,,,,False,,0.534074931816732,0.2683752743945571,0.19754979378871074,1.5245739159319747,0.8220770449648047,941,442.3626763704814,1.2703255499375956,-0.03967321497441113
2017-12-23,Man City,Bournemouth,4,0,H,,,,2017/18,18,2,,,,False,,0.8284098646921313,0.11361022168306907,0.057979913624799345,3.084331373219433,0.7562801092718953,941,442.3626763704814,1.2703255499375956,-0.03967321497441113
2017-12-23,Leicester,Man United,2,2,D,,,,2017/18,15,19,,,,False,,0.24222057867398283,0.27360968114677553,0.4841697401792415,0.9613720996454371,1.4685277910674333,941,442.3626763704814,1.2703255499375956,-0.03967321497441113
2017-12-23,Everton,Chelsea,0,0,D,,,,2017/18,9,7,,,,False,,0.26339684459822205,0.24656627245835935,0.49003688294341885,1.2043960854288653,1.7191537771082932,941,442.3626763704814,1.2703255499375956,-0.03967321497441113
2017-12-23,Burnley,Tottenham,0,3,A,,,,2017/18,5,29,,,,False,,0.18937761328801994,0.288941450374051,0.5216809363379289,0.7118989616306947,1.3705932640437455,941,442.3626763704814,1.2703255499375956,-0.03967321497441113
2017-12-23,Brighton,Watford,1,0,H,,,,2017/18,4,30,,,,False,,0.3944050139713774,0.2995838768557147,0.3060111091729078,1.193216308218342,1.0170253032038539,941,442.3626763704814,1.2703255499375956,-0.03967321497441113
2017-12-26,West Brom,Everton,0,0,D,,,,2017/18,31,9,,,,False,,0.2960668780768682,0.29230414528282017,0.4116289766403119,1.0460047394170469,1.281719537736464,950,448.66260861572124,1.2716552768223517,-0.05018023796957619
2017-12-26,Watford,Leicester,2,1,H,,,,2017/18,30,15,,,,False,,0.319728193987152,0.24924842118299548,0.43102338482985264,1.4008244482677457,1.656675690934732,950,448.66260861572124,1.2716552768223517,-0.05018023796957619
2017-12-26,Tottenham,Southampton,5,2,H,,,,2017/18,29,25,,,,False,,0.70310033742825,0.19724411157127442,0.09965555100047546,2.075518099194514,0.6470675823391572,950,448.66260861572124,1.2716552768223517,-0.05018023796957619
2017-12-26,Man United,Burnley,2,2,D,,,,2017/18,19,5,,,,False,,0.6116572875793623,0.2708959795291795,0.1174467328914582,1.4796221372557212,0.49518112327138475,950,448.66260861572124,1.2716552768223517,-0.05018023796957619
2017-12-26,Liverpool,Swansea,5,0,H,,,,2017/18,16,28,,,,False,,0.758981164427581,0.15733172334992332,0.0836871122224958,2.529425654765413,0.7380193836346807,950,448.66260861572124,1.2716552768223517,-0.05018023796957619
2017-12-26,Huddersfield,Stoke,1,1,D,,,,2017/18,11,26,,,,False,,0.41919390370348586,0.2745895134157662,0.3062165828807473,1.416826524500025,1.1754282513441952,950,448.66260861572124,1.2716552768223517,-0.05018023796957619
2017-12-26,Chelsea,Brighton,2,0,H,,,,2017/18,7,4,,,,False,,0.7012281735548752,0.21095318603207502,0.08781864041304933,1.8877309177220374,0.5132427144970331,950,448.66260861572124,1.2716552768223517,-0.05018023796957619
2017-12-26,Bournemouth,West Ham,3,3,D,,,,2017/18,2,32,,,,False,,0.43805371351373884,0.2548437386561763,0.30710254783008495,1.6117660357161108,1.3162250419483896,950,448.66260861572124,1.2716552768223517,-0.05018023796957619
2017-12-27,Newcastle,Man City,0,1,A,,,,2017/18,21,18,,,,False,,0.10455569126304849,0.17439113664137762,0.7210531720955738,0.8337684087584456,2.431021467027919,958,455.75019611512784,1.2809216113951902,-0.06099675117193061
2017-12-28,Crystal Palace,Arsenal,2,3,A,,,,2017/18,8,0,,,,False,,0.20816548100429952,0.2448772258802636,0.5469572931154371,1.0208626059971013,1.7867254277055185,959,455.83760861459393,1.2823257281610374,-0.058271454331178155
2017-12-30,Watford,Swansea,1,2,A,,,,2017/18,30,28,,,,False,,0.48888482372295483,0.2672027919143191,0.24391238436272622,1.5629569328379296,1.0341465341233314,960,455.01390801293905,1.2811100641416522,-0.05807561798883202
2017-12-30,Newcastle,Brighton,0,0,D,,,,2017/18,21,4,,,,False,,0.4012340172413532,0.3336722735628113,0.2650937091958359,1.0582784867308102,0.8049196830728498,960,455.01390801293905,1.2811100641416522,-0.05807561798883202
2017-12-30,Man United,Southampton,0,0,D,,,,2017/18,19,25,,,,False,,0.6439842472717788,0.23560127529978722,0.12041447742843425,1.7682500437533535,0.6259320408564312,960,455.01390801293905,1.2811100641416522,-0.05807561798883202
2017-12-30,Bournemouth,Everton,2,1,H,,,,2017/18,2,9,,,,False,,0.3318172942852722,0.26177270021269783,0.40641000550202994,1.3519540980777933,1.5184272535305754,960,455.01390801293905,1.2811100641416522,-0.05807561798883202
2017-12-30,Huddersfield,Burnley,0,0,D,,,,2017/18,11,5,,,,False,,0.31417173421064337,0.33127847185149584,0.3545497939378609,0.9235466331089707,0.9994310453626345,960,455.01390801293905,1.2811100641416522,-0.05807561798883202
2017-12-30,Chelsea,Stoke,5,0,H,,,,2017/18,7,26,,,,False,,0.7774088652112434,0.15043450548723436,0.07215662930152227,2.568234150928889,0.6777892902431092,960,455.01390801293905,1.2811100641416522,-0.05807561798883202
2017-12-30,Liverpool,Leicester,2,1,H,,,,2017/18,16,15,,,,False,,0.659007437916687,0.18810386212851846,0.1528886999547946,2.42888027463595,1.111945952379887,960,455.01390801293905,1.2811100641416522,-0.05807561798883202
2017-12-31,Crystal Palace,Man City,0,0,D,,,,2017/18,8,18,,,,False,,0.1151138027092947,0.1874735396068816,0.6974126576838239,0.8473333693959633,2.316375620128657,967,461.0908036090185,1.2850882747027652,-0.0691319222790521
2017-12-31,West Brom,Arsenal,1,1,D,,,,2017/18,31,0,,,,False,,0.1993118124294838,0.2687427537176571,0.5319454338528593,0.8734178305706382,1.5811794890395023,967,461.0908036090185,1.2850882747027652,-0.0691319222790521
2018-01-01,Brighton,Bournemouth,2,2,D,,,,2017/18,4,2,,,,False,,0.3623383842046042,0.32946960522435803,0.30819201057103773,1.0525966747433804,0.9491290248553677,969,462.1655475662619,1.290716839565086,-0.08037611982651484
2018-01-01,Burnley,Liverpool,1,2,A,,,,2017/18,5,16,,,,False,,0.22943190789124193,0.2865699272396367,0.48399816486912134,0.9209272943547131,1.4494841379409356,969,462.1655475662619,1.290716839565086,-0.08037611982651484
2018-01-01,Everton,Man United,0,2,A,,,,2017/18,9,19,,,,False,,0.2591571337929204,0.29247076859421806,0.44837209761286145,0.9901505555398048,1.3808355236482577,969,462.1655475662619,1.290716839565086,-0.08037611982651484
2018-01-01,Leicester,Huddersfield,3,0,H,,,,2017/18,15,11,,,,False,,0.6052855302430278,0.23458160828671887,0.16013286147025355,1.9017757520382905,0.880677590104413,969,462.1655475662619,1.290716839565086,-0.08037611982651484
2018-01-01,Stoke,Newcastle,0,1,A,,,,2017/18,26,21,,,,False,,0.4252650671444671,0.2862317828358657,0.28850315001966736,1.399866125489029,1.1113334537017976,969,462.1655475662619,1.290716839565086,-0.08037611982651484
2018-01-02,West Ham,West Brom,2,1,H,,,,2017/18,32,31,,,,False,,0.4621630479470015,0.2874758672608492,0.2503610847921492,1.4176727816417032,0.9776452522340908,974,466.23215017964844,1.286675830112201,-0.07472915554522355
2018-01-02,Swansea,Tottenham,0,2,A,,,,2017/18,28,29,,,,False,,0.11407683958037103,0.20708237701819893,0.6788407834014301,0.7361663197038475,2.0774886012767304,974,466.23215017964844,1.286675830112201,-0.07472915554522355
2018-01-02,Southampton,Crystal Palace,1,2,A,,,,2017/18,25,8,,,,False,,0.4785964110788669,0.2896689753337986,0.23173461358733438,1.4128876179822463,0.9055876125342021,974,466.23215017964844,1.286675830112201,-0.07472915554522355
2018-01-02,Man City,Watford,3,1,H,,,,2017/18,18,30,,,,False,,0.8559663017409243,0.10057990449864998,0.043453793760425755,3.2657714163183407,0.6962773967571401,974,466.23215017964844,1.286675830112201,-0.07472915554522355
2018-01-03,Arsenal,Chelsea,2,2,D,,,,2017/18,0,7,,,,False,,0.36421401560213446,0.2676394907194518,0.3681464936784137,1.42122800284266,1.4299685637020723,978,469.29262571692664,1.2822051461551323,-0.07435183421713754
2018-01-04,Tottenham,West Ham,1,1,D,,,,2017/18,29,32,,,,False,,0.7918974175268007,0.13801258738555747,0.07008999508764173,2.819463265275533,0.7695577915715359,979,469.35298042400086,1.2819272893120228,-0.07432865905702239
2018-01-13,West Brom,Brighton,2,0,H,,,,2017/18,31,4,,,,False,,0.3840550236785947,0.3650030143112255,0.2509419620101798,0.9355363945204191,0.7002711997480314,980,461.96236882604023,1.2783552500937456,-0.07877352667729356
2018-01-13,Tottenham,Everton,4,0,H,,,,2017/18,29,9,,,,False,,0.6912088716350343,0.1933602076806566,0.11543092068430916,2.263140247634665,0.8291057946637238,980,461.96236882604023,1.2783552500937456,-0.07877352667729356
2018-01-13,Newcastle,Swansea,1,1,D,,,,2017/18,21,28,,,,False,,0.44542043174341084,0.30476740226280646,0.2498121659937828,1.2935280235686435,0.9024697209146333,980,461.96236882604023,1.2783552500937456,-0.07877352667729356
2018-01-13,Watford,Southampton,2,2,D,,,,2017/18,30,25,,,,False,,0.36588256185384027,0.28683830195571586,0.34727913619044387,1.2948383247070316,1.2554654009039965,980,461.96236882604023,1.2783552500937456,-0.07877352667729356
2018-01-13,Crystal Palace,Burnley,1,0,H,,,,2017/18,8,5,,,,False,,0.3613596413634523,0.3348258535602298,0.3038145050763179,1.0242926410869282,0.9157239114501515,980,461.96236882604023,1.2783552500937456,-0.07877352667729356
2018-01-13,Chelsea,Leicester,0,0,D,,,,2017/18,7,15,,,,False,,0.6677603634229441,0.20004972620609007,0.1321899103709657,2.238879704791417,0.9095863153450646,980,461.96236882604023,1.2783552500937456,-0.07877352667729356
2018-01-13,Huddersfield,West Ham,1,4,A,,,,2017/18,11,32,,,,False,,0.32700911684105705,0.2829230374048705,0.3900678457540726,1.232662019716044,1.3673444123150973,980,461.96236882604023,1.2783552500937456,-0.07877352667729356
2018-01-14,Bournemouth,Arsenal,2,1,H,,,,2017/18,2,0,,,,False,,0.22391405054155794,0.2336639046459464,0.5424220448124955,1.2251139474520076,1.9883660370460092,987,468.02538138815515,1.2799633456121065,-0.08653759629233701
2018-01-14,Liverpool,Man City,4,3,H,,,,2017/18,16,18,,,,False,,0.34000228775230656,0.24724289327384055,0.4127548189738532,1.5579781672208475,1.7305676211254393,987,468.02538138815515,1.2799633456121065,-0.08653759629233701
2018-01-15,Man United,Stoke,3,0,H,,,,2017/18,19,26,,,,False,,0.7553455284590997,0.1748940897482341,0.0697603817926661,2.2733451289149373,0.5662763145222878,989,469.0862700497544,1.2849457913285152,-0.08789243237821452
2018-01-20,Man City,Newcastle,3,1,H,,,,2017/18,18,21,,,,False,,0.8225366270868006,0.12727725166017193,0.05018612125302723,2.8179816591349516,0.6113895710044608,990,465.4088335105258,1.2874631611615486,-0.08802569105773238
2018-01-20,West Ham,Bournemouth,1,1,D,,,,2017/18,32,2,,,,False,,0.4894532443244578,0.24449151501007943,0.2660552406654627,1.8565978942122028,1.3292973311972835,990,465.4088335105258,1.2874631611615486,-0.08802569105773238
2018-01-20,Stoke,Huddersfield,2,0,H,,,,2017/18,26,11,,,,False,,0.4801194644149917,0.27909253860252514,0.24078799698248307,1.5213071907048377,1.010681806871312,990,465.4088335105258,1.2874631611615486,-0.08802569105773238
2018-01-20,Leicester,Watford,2,0,H,,,,2017/18,15,30,,,,False,,0.6060483400007414,0.22012773253706616,0.17382392746219313,2.1093756290593935,1.0598125009652923,990,465.4088335105258,1.2874631611615486,-0.08802569105773238
2018-01-20,Brighton,Chelsea,0,4,A,,,,2017/18,4,7,,,,False,,0.13426580169875374,0.27275154982807326,0.5929826484731731,0.6042665668631293,1.5450061511709565,990,465.4088335105258,1.2874631611615486,-0.08802569105773238
2018-01-20,Burnley,Man United,0,1,A,,,,2017/18,5,19,,,,False,,0.18610009929931515,0.33595271814280386,0.4779471825578808,0.6159741181098971,1.1544530881764234,990,465.4088335105258,1.2874631611615486,-0.08802569105773238
2018-01-20,Arsenal,Crystal Palace,4,1,H,,,,2017/18,0,8,,,,False,,0.6822249258711776,0.19827605101572046,0.119499023113102,2.239360011064809,0.845100527486849,990,465.4088335105258,1.2874631611615486,-0.08802569105773238
2018-01-20,Everton,West Brom,1,1,D,,,,2017/18,9,31,,,,False,,0.5209737511655053,0.2819312219875853,0.19709502684690944,1.5093042240947794,0.8346893110849443,990,465.4088335105258,1.2874631611615486,-0.08802569105773238
2018-01-21,Southampton,Tottenham,1,1,D,,,,2017/18,25,29,,,,False,,0.16905864904130488,0.2541510488024194,0.5767903021562755,0.8470980530323231,1.746724013391345,998,472.46296203027555,1.2855236623215311,-0.09290571106536857
2018-01-22,Swansea,Liverpool,1,0,H,,,,2017/18,28,16,,,,False,,0.148966287025388,0.2173538424501802,0.6336798705244318,0.9434193460640751,2.1147691973671754,999,472.5169824011706,1.2875971654536478,-0.09686452861241797
2018-01-30,Huddersfield,Liverpool,0,3,A,,,,2017/18,11,16,,,,False,,0.1170462788349818,0.19289533005019768,0.6900583911148207,0.8564909745089779,2.2952777812673406,1000,466.0009988911296,1.2924819207759324,-0.08598346039428753
2018-01-30,Swansea,Arsenal,3,1,H,,,,2017/18,28,0,,,,False,,0.18163622368219193,0.2445234031766189,0.5738403731411889,0.9468479189764993,1.8377894774881274,1000,466.0009988911296,1.2924819207759324,-0.08598346039428753
2018-01-30,West Ham,Crystal Palace,1,1,D,,,,2017/18,32,8,,,,False,,0.48984365539118935,0.25978475795601264,0.2503715866527982,1.6933944196639268,1.155119449271211,1000,466.0009988911296,1.2924819207759324,-0.08598346039428753
2018-01-31,Southampton,Brighton,1,1,D,,,,2017/18,25,4,,,,False,,0.5220020492189132,0.30660160789014906,0.1713963428909376,1.3336140159881258,0.6509036706698591,1003,468.063934270323,1.2940861307630613,-0.08931882369135398
2018-01-31,Tottenham,Man United,2,0,H,,,,2017/18,29,19,,,,False,,0.4501279223943972,0.3023612604808184,0.24751081712478426,1.3319068530719769,0.9221070400218333,1003,468.063934270323,1.2940861307630613,-0.08931882369135398
2018-01-31,Stoke,Watford,0,0,D,,,,2017/18,26,30,,,,False,,0.41997698424865615,0.2694231206283847,0.3105998951229592,1.5429072347035353,1.2995505690840012,1003,468.063934270323,1.2940861307630613,-0.08931882369135398
2018-01-31,Newcastle,Burnley,1,1,D,,,,2017/18,21,5,,,,False,,0.3383403672343386,0.35497089012489796,0.3066887426407635,0.9178106182079013,0.8601766875443634,1003,468.063934270323,1.2940861307630613,-0.08931882369135398
2018-01-31,Everton,Leicester,2,1,H,,,,2017/18,9,15,,,,False,,0.41977505269763765,0.2671804242246147,0.3130445230777476,1.5617018118635526,1.3227080384201864,1003,468.063934270323,1.2940861307630613,-0.08931882369135398
2018-01-31,Chelsea,Bournemouth,0,3,A,,,,2017/18,7,2,,,,False,,0.7604019589389424,0.16034982534279552,0.07924821571826197,2.55652161380136,0.737723959423265,1003,468.063934270323,1.2940861307630613,-0.08931882369135398
2018-01-31,Man City,West Brom,3,0,H,,,,2017/18,18,31,,,,False,,0.786179796418539,0.15322319761758366,0.060597005963877286,2.501808522835157,0.5852187727516105,1003,468.063934270323,1.2940861307630613,-0.08931882369135398
2018-02-03,Arsenal,Everton,5,1,H,,,,2017/18,0,9,,,,False,,0.6034592090759686,0.2194439465433934,0.1770968443806379,2.1645078321478226,1.1140608789119266,1010,472.222084738839,1.290828198946467,-0.1045238446834043
2018-02-03,Bournemouth,Stoke,2,1,H,,,,2017/18,2,26,,,,False,,0.5445269321732856,0.2505002450710128,0.20497282275570156,1.834121410348977,1.0563246063781466,1010,472.222084738839,1.290828198946467,-0.1045238446834043
2018-02-03,Brighton,West Ham,3,1,H,,,,2017/18,4,32,,,,False,,0.3069194139643248,0.3138162487070506,0.3792643373286247,1.0548321642101528,1.2001930258099862,1010,472.222084738839,1.290828198946467,-0.1045238446834043
2018-02-03,Burnley,Man City,1,1,D,,,,2017/18,5,18,,,,False,,0.14919761002857768,0.26217078134121313,0.5886316086302095,0.7334636553466635,1.6776136393397632,1010,472.222084738839,1.290828198946467,-0.1045238446834043
2018-02-03,Leicester,Swansea,1,1,D,,,,2017/18,15,28,,,,False,,0.5903978542362749,0.24674408594942324,0.16285805981430204,1.8368233905758757,0.8714570526242041,1010,472.222084738839,1.290828198946467,-0.1045238446834043
2018-02-03,Man United,Huddersfield,2,0,H,,,,2017/18,19,11,,,,False,,0.797885554089612,0.15661929624282442,0.04549514966756324,2.3396645439280914,0.4293969568577052,1010,472.222084738839,1.290828198946467,-0.1045238446834043
2018-02-03,West Brom,Southampton,2,3,A,,,,2017/18,31,25,,,,False,,0.3441356409565913,0.3389505013593009,0.3169138576841076,1.0135444339471946,0.9618290894536724,1010,472.222084738839,1.290828198946467,-0.1045238446834043
2018-02-04,Liverpool,Tottenham,2,2,D,,,,2017/18,16,29,,,,False,,0.3599073623404504,0.26626869912877904,0.3738239385307705,1.502667453076797,1.5344848845958639,1017,478.2645983748874,1.2978808069904857,-0.11299695581705126
2018-02-04,Crystal Palace,Newcastle,1,1,D,,,,2017/18,8,21,,,,False,,0.44670574951152164,0.3061790083479209,0.2471152421405575,1.3466509994875082,0.9405415526574799,1017,478.2645983748874,1.2978808069904857,-0.11299695581705126
2018-02-05,Watford,Chelsea,4,1,H,,,,2017/18,30,7,,,,False,,0.15080017258745546,0.23051562913297494,0.6186841982795698,0.9116249259741058,2.0153638762733093,1019,479.3050290673015,1.2971979072701196,-0.11682616499584043
2018-02-10,Everton,Crystal Palace,3,1,H,,,,2017/18,9,8,,,,False,,0.5281596165030681,0.26428244714245763,0.20755793635447428,1.721976569071145,1.0081059374501395,1020,475.5259141769713,1.3047104353921999,-0.11550285323774073
2018-02-10,Man City,Leicester,5,1,H,,,,2017/18,18,15,,,,False,,0.7360427705768298,0.16772225213588426,0.09623497728728622,2.6352650607747035,0.8981141609097522,1020,475.5259141769713,1.3047104353921999,-0.11550285323774073
2018-02-10,Stoke,Brighton,1,1,D,,,,2017/18,26,4,,,,False,,0.4058465142864787,0.32442892636260234,0.26972455935091894,1.196744349575904,0.9292854027545017,1020,475.5259141769713,1.3047104353921999,-0.11550285323774073
2018-02-10,Swansea,Burnley,1,0,H,,,,2017/18,28,5,,,,False,,0.3296004518524883,0.36209952752229396,0.30830002062521733,0.9083229586301373,0.8695420654613357,1020,475.5259141769713,1.3047104353921999,-0.11550285323774073
2018-02-10,Tottenham,Arsenal,1,0,H,,,,2017/18,29,0,,,,False,,0.5965898367480033,0.2264586378607162,0.1769515253912802,2.104157828009517,1.084819670150239,1020,475.5259141769713,1.3047104353921999,-0.11550285323774073
2018-02-10,West Ham,Watford,2,0,H,,,,2017/18,32,30,,,,False,,0.5024224003156147,0.24921403504108686,0.2483635646432983,1.8739517017113136,1.2755351521732468,1020,475.5259141769713,1.3047104353921999,-0.11550285323774073
2018-02-11,Huddersfield,Bournemouth,4,1,H,,,,2017/18,11,2,,,,False,,0.26155641668529206,0.2912368024404191,0.447206780874289,1.058337364584465,1.451102137925505,1026,480.56382475873204,1.3159187349095283,-0.11243807772598703
2018-02-11,Newcastle,Man United,1,0,H,,,,2017/18,21,19,,,,False,,0.1542702020718763,0.2917318960300537,0.5539979018980697,0.6592892068840704,1.4665645576487092,1026,480.56382475873204,1.3159187349095283,-0.11243807772598703
2018-02-11,Southampton,Liverpool,0,2,A,,,,2017/18,25,16,,,,False,,0.24067487281685526,0.25834293757751486,0.5009821896056298,1.1760431840576675,1.771484835804483,1026,480.56382475873204,1.3159187349095283,-0.11243807772598703
2018-02-12,Chelsea,West Brom,3,0,H,,,,2017/18,7,31,,,,False,,0.7085953519138439,0.20444889032454544,0.08695575776161045,2.0708439709686264,0.6028233245596506,1029,482.59766359243457,1.323358072650894,-0.10679087888618378
2018-02-24,Liverpool,West Ham,4,1,H,,,,2017/18,16,32,,,,False,,0.7471611083139054,0.1556119630276325,0.09722692865846269,2.8291879843149723,0.9891626398921126,1030,472.1294882376066,1.3262795298434396,-0.10700773682104656
2018-02-24,Leicester,Stoke,1,1,D,,,,2017/18,15,26,,,,False,,0.6257999418952126,0.22406612173388507,0.1501339363709024,2.063171233317231,0.9278381993512701,1030,472.1294882376066,1.3262795298434396,-0.10700773682104656
2018-02-24,Watford,Everton,1,0,H,,,,2017/18,30,9,,,,False,,0.3522047868956004,0.26996332540112655,0.37783188770327314,1.4427622449393154,1.5005418507719168,1030,472.1294882376066,1.3262795298434396,-0.10700773682104656
2018-02-24,Brighton,Swansea,4,1,H,,,,2017/18,4,28,,,,False,,0.3839910427853155,0.3418820947379008,0.2741268624767838,1.0661610939724022,0.859200875767008,1030,472.1294882376066,1.3262795298434396,-0.10700773682104656
2018-02-24,Bournemouth,Newcastle,2,2,D,,,,2017/18,2,21,,,,False,,0.4790884463655373,0.2818754539284545,0.23903609970600823,1.5370413027971612,1.0224143362810114,1030,472.1294882376066,1.3262795298434396,-0.10700773682104656
2018-02-24,Burnley,Southampton,1,1,D,,,,2017/18,5,25,,,,False,,0.3798201611053932,0.3523031528442324,0.2678766860503741,1.0139628881338174,0.8077314181225864,1030,472.1294882376066,1.3262795298434396,-0.10700773682104656
2018-02-24,West Brom,Huddersfield,1,2,A,,,,2017/18,31,11,,,,False,,0.4863909781371712,0.30683822730665855,0.20677079455617003,1.355552711932974,0.7969955849415749,1030,472.1294882376066,1.3262795298434396,-0.10700773682104656
2018-02-25,Man United,Chelsea,2,1,H,,,,2017/18,19,7,,,,False,,0.4347102288467956,0.3101827267893502,0.25510704436385423,1.300189535805919,0.9385896211255336,1037,478.1721868815879,1.3289363673120127,-0.10772016049643914
2018-02-25,Crystal Palace,Tottenham,0,1,A,,,,2017/18,8,29,,,,False,,0.1366125210260392,0.23466858547724345,0.6287188934967174,0.7927377136441004,1.9202457455133233,1037,478.1721868815879,1.3289363673120127,-0.10772016049643914
2018-03-01,Arsenal,Man City,0,3,A,,,,2017/18,0,18,,,,False,,0.32178293984247625,0.246349179145469,0.43186788101205487,1.5484535778131419,1.8125819367024762,1039,476.3461340036405,1.3304625018719631,-0.1048256234006519
2018-03-03,Swansea,West Ham,4,1,H,,,,2017/18,28,32,,,,False,,0.37620226143530316,0.2848264762465684,0.3389712623181285,1.3797177838713344,1.2991911397294664,1040,475.4405631500935,1.3249516466756102,-0.10449806240163026
2018-03-03,Watford,West Brom,1,0,H,,,,2017/18,30,31,,,,False,,0.4477077601455089,0.3019615557102224,0.2503306841442686,1.3602026396565134,0.9564579866078753,1040,475.4405631500935,1.3249516466756102,-0.10449806240163026
2018-03-03,Southampton,Stoke,0,0,D,,,,2017/18,25,26,,,,False,,0.5365543382795204,0.2714250862512805,0.19202057546919882,1.6294913944958727,0.887078429895396,1040,475.4405631500935,1.3249516466756102,-0.10449806240163026
2018-03-03,Tottenham,Huddersfield,2,0,H,,,,2017/18,29,11,,,,False,,0.8468946604173985,0.11574071535797384,0.0373646242246276,2.8852086481259844,0.5220429592037862,1040,475.4405631500935,1.3249516466756102,-0.10449806240163026
2018-03-03,Leicester,Bournemouth,1,1,D,,,,2017/18,15,2,,,,False,,0.54790203719684,0.23952919311122103,0.21256876969193866,1.9573848190640497,1.162636807588036,1040,475.4405631500935,1.3249516466756102,-0.10449806240163026
2018-03-03,Burnley,Everton,2,1,H,,,,2017/18,5,9,,,,False,,0.3652424243491227,0.3315879170177384,0.30316965863313927,1.0836240689409589,0.9638784290354552,1040,475.4405631500935,1.3249516466756102,-0.10449806240163026
2018-03-03,Liverpool,Newcastle,2,0,H,,,,2017/18,16,21,,,,False,,0.7457916407583338,0.16940250429288886,0.08480585494877713,2.500408405589695,0.75949011713049,1040,475.4405631500935,1.3249516466756102,-0.10449806240163026
2018-03-04,Brighton,Arsenal,2,1,H,,,,2017/18,4,0,,,,False,,0.2256632898099922,0.27418813783914453,0.5001485723508634,1.016796622642787,1.61462468127423,1047,481.476646261987,1.3320113156741278,-0.10886444239310425
2018-03-04,Man City,Chelsea,1,0,H,,,,2017/18,18,7,,,,False,,0.5775624829434233,0.23171422170787362,0.1907232953487029,2.0427267290479656,1.1132937072687628,1047,481.476646261987,1.3320113156741278,-0.10886444239310425
2018-03-05,Crystal Palace,Man United,2,3,A,,,,2017/18,8,19,,,,False,,0.17307413459682278,0.29011827193288503,0.5368075934702923,0.7309076753297798,1.4727204498952229,1049,482.51065927844223,1.3358493062247618,-0.10435637958891253
2018-03-10,Chelsea,Crystal Palace,2,1,H,,,,2017/18,7,8,,,,False,,0.736775130467203,0.17928816616797455,0.08393670336482252,2.352067678007484,0.6934515341925612,1050,478.6996478345724,1.3344596319123734,-0.10388821706639363
2018-03-10,Everton,Brighton,2,0,H,,,,2017/18,9,4,,,,False,,0.511176888793344,0.27803414538867494,0.21078896581798112,1.5729318342445322,0.9308958008018071,1050,478.6996478345724,1.3344596319123734,-0.10388821706639363
2018-03-10,Huddersfield,Swansea,0,0,D,,,,2017/18,11,28,,,,False,,0.3721987691397012,0.3070179139539128,0.3207833169063858,1.226764254804805,1.1217050055115778,1050,478.6996478345724,1.3344596319123734,-0.10388821706639363
2018-03-10,Man United,Liverpool,2,1,H,,,,2017/18,19,16,,,,False,,0.4649184964426494,0.2790593246812171,0.25602217887613354,1.5442666781658358,1.0918590983057221,1050,478.6996478345724,1.3344596319123734,-0.10388821706639363
2018-03-10,Newcastle,Southampton,3,0,H,,,,2017/18,21,25,,,,False,,0.36937786246921167,0.3235256142600776,0.30709652327071063,1.1300508156632454,1.0077251239644893,1050,478.6996478345724,1.3344596319123734,-0.10388821706639363
2018-03-10,West Brom,Leicester,1,4,A,,,,2017/18,31,15,,,,False,,0.3056609198149958,0.31048511887274316,0.3838539613122609,1.067486255160992,1.2257495289087441,1050,478.6996478345724,1.3344596319123734,-0.10388821706639363
2018-03-10,West Ham,Burnley,0,3,A,,,,2017/18,32,5,,,,False,,0.40966870239111697,0.31281737294874934,0.27751392466013397,1.2488887272016655,0.9838628551346759,1050,478.6996478345724,1.3344596319123734,-0.10388821706639363
2018-03-11,Arsenal,Watford,3,0,H,,,,2017/18,0,30,,,,False,,0.7107699996399061,0.1790398300638603,0.11019017029623385,2.514914564531172,0.9278573731971542,1057,484.7292192909231,1.3297206783947815,-0.10596230798104651
2018-03-11,Bournemouth,Tottenham,1,4,A,,,,2017/18,2,29,,,,False,,0.15296754056681955,0.22895108087811794,0.6180813785550627,0.9147985563427287,2.011144180497091,1057,484.7292192909231,1.3297206783947815,-0.10596230798104651
2018-03-12,Stoke,Man City,0,2,A,,,,2017/18,26,18,,,,False,,0.0937020585599151,0.1777117651479066,0.7285861762921786,0.7919559339420855,2.440099444282377,1059,485.75673366213186,1.3282660751559325,-0.10577847613330303
2018-03-17,Stoke,Everton,1,2,A,,,,2017/18,26,9,,,,False,,0.3087335313131462,0.2853953860133562,0.4058710826734976,1.2201899126229563,1.4296127732566342,1060,481.9134232384817,1.3279134073501582,-0.10572908801341059
2018-03-17,Liverpool,Watford,5,0,H,,,,2017/18,16,30,,,,False,,0.7791669710583605,0.14466471060116648,0.07616831834047309,2.847711910954558,0.8427185301381532,1060,481.9134232384817,1.3279134073501582,-0.10572908801341059
2018-03-17,Bournemouth,West Brom,2,1,H,,,,2017/18,2,31,,,,False,,0.5062328364809631,0.279247252066707,0.21451991145232965,1.565830764593138,0.9425003922140128,1060,481.9134232384817,1.3279134073501582,-0.10572908801341059
2018-03-17,Huddersfield,Crystal Palace,0,2,A,,,,2017/18,11,8,,,,False,,0.3449634857574271,0.31057290529504483,0.34446360894752814,1.158056023819055,1.157041334926159,1060,481.9134232384817,1.3279134073501582,-0.10572908801341059
2018-03-31,Brighton,Leicester,0,2,A,,,,2017/18,4,15,,,,False,,0.3211631151121866,0.3017470354146768,0.37708984947313656,1.1532375002670605,1.2690541963159918,1064,472.49656002967026,1.328492999405439,-0.10477124301381378
2018-03-31,Crystal Palace,Liverpool,1,2,A,,,,2017/18,8,16,,,,False,,0.1890166693196278,0.23428265076407473,0.5767006799162974,1.0798205370541598,2.0012063888706657,1064,472.49656002967026,1.328492999405439,-0.10477124301381378
2018-03-31,Everton,Man City,1,3,A,,,,2017/18,9,18,,,,False,,0.17076366488891487,0.22187804365046526,0.6073582914606197,1.0604780933304068,2.123972945887966,1064,472.49656002967026,1.328492999405439,-0.10477124301381378
2018-03-31,Man United,Swansea,2,0,H,,,,2017/18,19,28,,,,False,,0.7154634588392703,0.2054556623240553,0.07908087883667457,2.017561687042951,0.5384122606042264,1064,472.49656002967026,1.328492999405439,-0.10477124301381378
2018-03-31,Newcastle,Huddersfield,1,0,H,,,,2017/18,21,11,,,,False,,0.5349821744144643,0.2875261563256454,0.17749166925989018,1.494261591997719,0.7588489100364636,1064,472.49656002967026,1.328492999405439,-0.10477124301381378
2018-03-31,Watford,Bournemouth,2,2,D,,,,2017/18,30,2,,,,False,,0.40855683051643,0.26742260290951053,0.32402056657405953,1.5748329842769406,1.3835499022777096,1064,472.49656002967026,1.328492999405439,-0.10477124301381378
2018-03-31,West Brom,Burnley,1,2,A,,,,2017/18,31,5,,,,False,,0.29978506164883506,0.3688626426968378,0.33135229565432733,0.8178747551367032,0.8742458725800051,1064,472.49656002967026,1.328492999405439,-0.10477124301381378
2018-03-31,West Ham,Southampton,3,0,H,,,,2017/18,32,25,,,,False,,0.4256292882487137,0.2786377528117218,0.2957329589395643,1.5079822570856718,1.2237367140136761,1064,472.49656002967026,1.328492999405439,-0.10477124301381378
2018-04-01,Arsenal,Stoke,3,0,H,,,,2017/18,0,26,,,,False,,0.747818096541058,0.16615990257420776,0.0860220008847344,2.5502697125409375,0.7867798983736424,1072,479.53652726238914,1.32735258037601,-0.10136842864674199
2018-04-01,Chelsea,Tottenham,1,3,A,,,,2017/18,7,29,,,,False,,0.35593773516743643,0.292317095666732,0.35174516916583143,1.2819930718843404,1.2731130763648844,1072,479.53652726238914,1.32735258037601,-0.10136842864674199
2018-04-07,Stoke,Tottenham,1,2,A,,,,2017/18,26,29,,,,False,,0.0993774669823658,0.20301998169954946,0.6976025513180846,0.6922538031768546,2.129854850788194,1074,475.7926212977345,1.3254912638405016,-0.10091263589866291
2018-04-07,West Brom,Swansea,1,1,D,,,,2017/18,31,28,,,,False,,0.38817484203706637,0.3264097916014036,0.28541536636152953,1.1390266999919718,0.9393151757206406,1074,475.7926212977345,1.3254912638405016,-0.10091263589866291
2018-04-07,Watford,Burnley,1,2,A,,,,2017/18,30,5,,,,False,,0.3328374152156849,0.3278541554932628,0.3393084292910521,1.0376972410927285,1.0502736682019584,1074,475.7926212977345,1.3254912638405016,-0.10091263589866291
2018-04-07,Man City,Man United,2,3,A,,,,2017/18,18,19,,,,False,,0.5268591741792236,0.27231034283049593,0.20083048299028064,1.616241319846115,0.9138657138305999,1074,475.7926212977345,1.3254912638405016,-0.10091263589866291
2018-04-07,Everton,Liverpool,0,0,D,,,,2017/18,9,16,,,,False,,0.2530881511441304,0.24009679777337517,0.5068150510824946,1.3358814145262188,1.9446968743045616,1074,475.7926212977345,1.3254912638405016,-0.10091263589866291
2018-04-07,Brighton,Huddersfield,1,1,D,,,,2017/18,4,11,,,,False,,0.48540522380254536,0.3139737474490758,0.20062102874837895,1.298971009045093,0.7423538663835958,1074,475.7926212977345,1.3254912638405016,-0.10091263589866291
2018-04-07,Bournemouth,Crystal Palace,2,2,D,,,,2017/18,2,8,,,,False,,0.4737723203260946,0.2660663044233525,0.260161375250553,1.6574417429245938,1.1793389598033088,1074,475.7926212977345,1.3254912638405016,-0.10091263589866291
2018-04-07,Leicester,Newcastle,1,2,A,,,,2017/18,15,21,,,,False,,0.5421947683793734,0.26492518506542395,0.19288004655520233,1.6803454675588425,0.9165544362947815,1074,475.7926212977345,1.3254912638405016,-0.10091263589866291
2018-04-08,Arsenal,Southampton,3,2,H,,,,2017/18,0,25,,,,False,,0.663119290180124,0.2119253256579708,0.12495538416190498,2.1569190816848853,0.8488784809504742,1082,482.8260029956472,1.3165356844830052,-0.11489162267730224
2018-04-08,Chelsea,West Ham,1,1,D,,,,2017/18,7,32,,,,False,,0.7317094184612745,0.17100824625335953,0.09728233528536605,2.587969584222379,0.8836484217578833,1082,482.8260029956472,1.3165356844830052,-0.11489162267730224
2018-04-14,Burnley,Leicester,2,1,H,,,,2017/18,5,15,,,,False,,0.38345589728641716,0.32242512018290953,0.29411898253067337,1.18375776228123,1.0063669839442064,1084,479.04285921991266,1.3127772678755179,-0.11943895849798587
2018-04-14,Crystal Palace,Brighton,3,2,H,,,,2017/18,8,4,,,,False,,0.45596591003342984,0.31125695908296197,0.2327771308836083,1.3320259750353152,0.8831904581056309,1084,479.04285921991266,1.3127772678755179,-0.11943895849798587
2018-04-14,Huddersfield,Watford,1,0,H,,,,2017/18,11,30,,,,False,,0.3487665035754472,0.30813025868988453,0.34310323773466833,1.2037285052940012,1.1920628770822697,1084,479.04285921991266,1.3127772678755179,-0.11943895849798587
2018-04-14,Liverpool,Bournemouth,3,0,H,,,,2017/18,16,2,,,,False,,0.7672912970986006,0.14756571326331946,0.08514298963807938,2.9156065213498628,0.9458980153965949,1084,479.04285921991266,1.3127772678755179,-0.11943895849798587
2018-04-14,Southampton,Chelsea,2,3,A,,,,2017/18,25,7,,,,False,,0.2147004177607637,0.27917216177416776,0.506127420465069,0.9661968250184853,1.5945860021383982,1084,479.04285921991266,1.3127772678755179,-0.11943895849798587
2018-04-14,Swansea,Everton,1,1,D,,,,2017/18,28,9,,,,False,,0.3271184702561978,0.3001192670999895,0.37276226264381257,1.2030983278644178,1.2989338549132212,1084,479.04285921991266,1.3127772678755179,-0.11943895849798587
2018-04-14,Tottenham,Man City,1,3,A,,,,2017/18,29,18,,,,False,,0.44039943511188867,0.2726248852968192,0.2869756795912924,1.607056462900743,1.2634052329119054,1084,479.04285921991266,1.3127772678755179,-0.11943895849798587
2018-04-15,Newcastle,Arsenal,2,1,H,,,,2017/18,21,0,,,,False,,0.25343840628820197,0.2782538436725684,0.46830775003922964,1.1114210252858654,1.5813942548960478,1091,485.071744939458,1.3132111162193005,-0.11726510809318577
2018-04-15,Man United,West Brom,0,1,A,,,,2017/18,19,31,,,,False,,0.7272376029646198,0.20489271310586799,0.06786968392951226,1.9910635877671994,0.47210536688037635,1091,485.071744939458,1.3132111162193005,-0.11726510809318577
2018-04-16,West Ham,Stoke,1,1,D,,,,2017/18,32,26,,,,False,,0.5452812424134441,0.2503818782384343,0.20433687934812161,1.84006619510186,1.0579946560803108,1093,486.09857494396454,1.3106741501541388,-0.10669841929643455
2018-04-17,Brighton,Tottenham,1,1,D,,,,2017/18,4,29,,,,False,,0.12027004899211331,0.23401872227448767,0.645711228733399,0.7033721895521272,1.8931316428736973,1094,486.12535134208633,1.3095403239043328,-0.1102307501818662
2018-04-18,Bournemouth,Man United,0,2,A,,,,2017/18,2,19,,,,False,,0.18777870022542054,0.2653823242009806,0.5468389755735987,0.9133430586432676,1.7020904368821255,1095,486.152074240929,1.3119335911544896,-0.11406838046254257
2018-04-19,Burnley,Chelsea,1,2,A,,,,2017/18,5,7,,,,False,,0.2547810656158637,0.3193935529988582,0.42582538138527815,0.9073243742520517,1.2458710840065317,1096,486.17874374738415,1.3097657438459644,-0.11401508649130532
2018-04-19,Leicester,Southampton,0,0,D,,,,2017/18,15,25,,,,False,,0.5310142681570631,0.2605899664296592,0.2083957654132778,1.7545545234453213,1.0296550010012901,1096,486.17874374738415,1.3097657438459644,-0.11401508649130532
2018-04-21,Watford,Crystal Palace,0,0,D,,,,2017/18,30,8,,,,False,,0.3917782146192065,0.28804964985179826,0.32017213552899537,1.413159730663913,1.2583579235563056,1098,486.22992900030783,1.3078314391444703,-0.11867513168721446
2018-04-21,West Brom,Liverpool,2,2,D,,,,2017/18,31,16,,,,False,,0.14870207888504614,0.24337535350597336,0.6079225676089803,0.8357847451150159,1.8808492370288996,1098,486.22992900030783,1.3078314391444703,-0.11867513168721446
2018-04-22,Arsenal,West Ham,4,1,H,,,,2017/18,0,32,,,,False,,0.6935211394690802,0.1814342174378458,0.125044643093074,2.6014454453366294,1.0690403256304206,1100,487.25444495151726,1.3101267766721476,-0.12513940322444264
2018-04-22,Man City,Swansea,5,0,H,,,,2017/18,18,28,,,,False,,0.8406336005186332,0.11775438955721121,0.04161200992415565,2.9816116246252564,0.6048208357501305,1100,487.25444495151726,1.3101267766721476,-0.12513940322444264
2018-04-22,Stoke,Burnley,1,1,D,,,,2017/18,26,5,,,,False,,0.2869566464646073,0.3426159010983228,0.37042745243707,0.9108071035239027,1.0697296515305277,1100,487.25444495151726,1.3101267766721476,-0.12513940322444264
2018-04-23,Everton,Newcastle,1,0,H,,,,2017/18,9,21,,,,False,,0.47662804324447616,0.29224557727327677,0.2311263794822471,1.4970415775481902,0.978111445517625,1103,489.2749159171582,1.3175955725075341,-0.12870899088576568
2018-04-28,Newcastle,West Brom,0,1,A,,,,2017/18,21,31,,,,False,,0.46411688060080875,0.3248444656991714,0.21103865370002034,1.2622723231836923,0.7701220171915801,1104,485.3965989951699,1.3190538064768331,-0.12542029456809836
2018-04-28,Swansea,Chelsea,0,1,A,,,,2017/18,28,7,,,,False,,0.17359013074574112,0.26029173837977654,0.5661181308744825,0.891214802213235,1.7640751343628451,1104,485.3965989951699,1.3190538064768331,-0.12542029456809836
2018-04-28,Liverpool,Stoke,0,0,D,,,,2017/18,16,26,,,,False,,0.803943191861195,0.13757744530841265,0.058479362830391936,2.8420212918335346,0.7089013716140191,1104,485.3965989951699,1.3190538064768331,-0.12542029456809836
2018-04-28,Southampton,Bournemouth,2,1,H,,,,2017/18,25,2,,,,False,,0.45608875722426384,0.27969760289553486,0.2642136398802012,1.5763495223784256,1.154833275276595,1104,485.3965989951699,1.3190538064768331,-0.12542029456809836
2018-04-28,Crystal Palace,Leicester,5,0,H,,,,2017/18,8,15,,,,False,,0.3517169657343543,0.28843194190611837,0.35985109235952734,1.3447864714273718,1.3624567143476047,1104,485.3965989951699,1.3190538064768331,-0.12542029456809836
2018-04-28,Huddersfield,Everton,0,2,A,,,,2017/18,11,9,,,,False,,0.2526513384232095,0.3054383158230358,0.44191034575375465,0.9808369357756839,1.37019548611538,1104,485.3965989951699,1.3190538064768331,-0.12542029456809836
2018-04-28,Burnley,Brighton,0,0,D,,,,2017/18,5,4,,,,False,,0.48102717475017354,0.32974828108916027,0.18922454416066614,1.2404389105068385,0.6835236615668787,1104,485.3965989951699,1.3190538064768331,-0.12542029456809836
2018-04-29,Man United,Arsenal,2,1,H,,,,2017/18,19,0,,,,False,,0.5269083576379713,0.26894528530226697,0.2041463570597619,1.6982885325273431,0.9849265317193694,1111,491.4127899341769,1.319199778276098,-0.1251012324960527
2018-04-29,West Ham,Man City,1,4,A,,,,2017/18,32,18,,,,False,,0.11610330492288647,0.17617522046306777,0.7077214746140462,1.0333828373629084,2.6414445658514745,1111,491.4127899341769,1.319199778276098,-0.1251012324960527
2018-04-30,Tottenham,Watford,2,0,H,,,,2017/18,29,30,,,,False,,0.8200540666814066,0.1318311106222363,0.048114822696356974,2.809553873129034,0.6084029038510071,1113,492.4269505223335,1.3166467228914913,-0.12480696966683509
2018-05-04,Brighton,Man United,1,0,H,,,,2017/18,4,19,,,,False,,0.15596472633591044,0.29948562396452,0.5445496496995694,0.6568119829964872,1.4347613428675652,1114,489.4952825588821,1.3166399563138307,-0.12525658933926034
2018-05-05,Bournemouth,Swansea,1,0,H,,,,2017/18,2,28,,,,False,,0.4957642547611585,0.2732740194865268,0.23096172575231486,1.6427787860780942,1.059809225538668,1115,489.5152723306625,1.320228762809142,-0.11896182081939646
2018-05-05,Everton,Southampton,1,1,D,,,,2017/18,9,25,,,,False,,0.5040913384058363,0.2777131582003422,0.21819550339382116,1.6058624973889737,0.9864700673911344,1115,489.5152723306625,1.320228762809142,-0.11896182081939646
2018-05-05,Leicester,West Ham,0,2,A,,,,2017/18,15,32,,,,False,,0.5482757226202625,0.23448970139418363,0.217234575985554,2.0526816407508512,1.248121552391203,1115,489.5152723306625,1.320228762809142,-0.11896182081939646
2018-05-05,Stoke,Crystal Palace,1,2,A,,,,2017/18,26,8,,,,False,,0.3471765427049222,0.3049290243530994,0.3478944329419783,1.218366715085199,1.2198566879263,1115,489.5152723306625,1.320228762809142,-0.11896182081939646
2018-05-05,Watford,Newcastle,2,1,H,,,,2017/18,30,21,,,,False,,0.36762379603491074,0.31735938514390294,0.31501681882118643,1.185613171501756,1.0797545744703771,1115,489.5152723306625,1.320228762809142,-0.11896182081939646
2018-05-05,West Brom,Tottenham,1,0,H,,,,2017/18,31,29,,,,False,,0.12589781209902434,0.2504331430879135,0.6236690448130621,0.6806888837650834,1.7717246337118753,1115,489.5152723306625,1.320228762809142,-0.11896182081939646
2018-05-06,Chelsea,Liverpool,1,0,H,,,,2017/18,7,16,,,,False,,0.444036803456532,0.2609949264590677,0.29496827008440024,1.6947065364131613,1.351879797303252,1121,494.525232156189,1.3194819609915456,-0.10964610791608084
2018-05-06,Man City,Huddersfield,0,0,D,,,,2017/18,18,11,,,,False,,0.897997173500305,0.07996923991010696,0.022033586589588112,3.372467856814936,0.48126764953947215,1121,494.525232156189,1.3194819609915456,-0.10964610791608084
2018-05-06,Arsenal,Burnley,5,0,H,,,,2017/18,0,5,,,,False,,0.581135078409023,0.2580622300739158,0.16080269151706145,1.7380587238073488,0.8150359730680091,1121,494.525232156189,1.3194819609915456,-0.10964610791608084
2018-05-08,Swansea,Southampton,0,1,A,,,,2017/18,28,25,,,,False,,0.3536320201383206,0.3192292693930189,0.3271387104686605,1.1319750282292174,1.079227145428334,1124,495.53910612778844,1.3238555643255006,-0.10805995883912059
2018-05-09,Chelsea,Huddersfield,1,1,D,,,,2017/18,7,11,,,,False,,0.770857402751151,0.169480109334293,0.059662487914555945,2.3022515853304335,0.5172963566489268,1125,495.5470203320239,1.3216400059992295,-0.10321702481532144
2018-05-09,Leicester,Arsenal,3,1,H,,,,2017/18,15,0,,,,False,,0.29371627537397443,0.24522041950434573,0.4610633051216796,1.4590726177118856,1.8596137034621134,1125,495.5470203320239,1.3216400059992295,-0.10321702481532144
2018-05-09,Man City,Brighton,3,1,H,,,,2017/18,18,4,,,,False,,0.8199592078781156,0.132397655864566,0.0476431362573181,2.7313454532037964,0.5675975247036583,1125,495.5470203320239,1.3216400059992295,-0.10321702481532144
2018-05-09,Tottenham,Newcastle,1,0,H,,,,2017/18,29,21,,,,False,,0.7409934636605173,0.18530163669595243,0.07370489964353052,2.2082037313838945,0.5749409690927666,1125,495.5470203320239,1.3216400059992295,-0.10321702481532144
2018-05-10,West Ham,Man United,0,0,D,,,,2017/18,32,19,,,,False,,0.19338860451536363,0.2630597464417017,0.5435516490429346,0.9373565311210662,1.7096333299252469,1129,498.5489247196707,1.3221011208122047,-0.10641130056819717
2018-05-13,Tottenham,Leicester,5,4,H,,,,2017/18,29,15,,,,False,,0.7291573213178298,0.17939104333895858,0.09145163534321163,2.4186766441703593,0.7717102370001644,1130,496.56060509517965,1.324517508808455,-0.11190905156008747
2018-05-13,Swansea,Stoke,1,2,A,,,,2017/18,28,26,,,,False,,0.4253662506130089,0.3148140901393541,0.25981965924763695,1.2692131415725032,0.9382055513998455,1130,496.56060509517965,1.324517508808455,-0.11190905156008747
2018-05-13,Southampton,Man City,0,1,A,,,,2017/18,25,18,,,,False,,0.1367755042376364,0.21843061399696984,0.6447938817653935,0.8854537962209471,2.1080222948346656,1130,496.56060509517965,1.324517508808455,-0.11190905156008747
2018-05-13,Newcastle,Chelsea,3,0,H,,,,2017/18,21,7,,,,False,,0.21037272261092824,0.2923093287173079,0.497317948671764,0.8761892146145888,1.4715781363667568,1130,496.56060509517965,1.324517508808455,-0.11190905156008747
2018-05-13,Crystal Palace,West Brom,2,0,H,,,,2017/18,8,31,,,,False,,0.47997738649500327,0.2985724946521759,0.22145011885282082,1.4191880489810227,0.8883785224385018,1130,496.56060509517965,1.324517508808455,-0.11190905156008747
2018-05-13,Liverpool,Brighton,4,0,H,,,,2017/18,16,4,,,,False,,0.7287024914667648,0.1853490443907358,0.08594846414249918,2.30485805300269,0.6909611420941572,1130,496.56060509517965,1.324517508808455,-0.11190905156008747
2018-05-13,Huddersfield,Arsenal,0,1,A,,,,2017/18,11,0,,,,False,,0.16620811471848634,0.2490233745135209,0.5847685107679924,0.8890981675080535,1.8350588050542398,1130,496.56060509517965,1.324517508808455,-0.11190905156008747
2018-05-13,Burnley,Bournemouth,1,2,A,,,,2017/18,5,2,,,,False,,0.46009083525442207,0.2990801715802331,0.24082899316534465,1.4038692365177505,0.951364679958295,1130,496.56060509517965,1.324517508808455,-0.11190905156008747
2018-05-13,Man United,Watford,1,0,H,,,,2017/18,19,30,,,,False,,0.735056240008282,0.19072669107535464,0.07421706891636341,2.1679195344595357,0.5676934981454612,1130,496.56060509517965,1.324517508808455,-0.11190905156008747
2018-05-13,West Ham,Everton,3,1,H,,,,2017/18,32,9,,,,False,,0.38935671235814123,0.2686873544741993,0.34195593316765954,1.544360037663993,1.4368418762237845,1130,496.56060509517965,1.324517508808455,-0.11190905156008747
2018-08-10,Man United,Leicester,2,1,H,,,,2018/19,19,15,,,,False,,0.6513969496404727,0.22493504266377154,0.12366800769575607,1.9687689778926847,0.7481061073175227,1140,423.9620604722964,1.333286931169993,-0.09889610030170437
2018-08-11,Bournemouth,Cardiff,2,0,H,,,,2018/19,2,6,,,,False,,0.4158579836884319,0.2746995709540817,0.3094424453574866,1.5135407601004967,1.2786697117973689,1141,424.1129857091399,1.332685248947617,-0.09892484134672852
2018-08-11,Fulham,Crystal Palace,0,2,A,,,,2018/19,10,8,,,,False,,0.4546932058410387,0.2830145396883313,0.2622922544706303,1.493690652075265,1.0817902999195272,1141,424.1129857091399,1.332685248947617,-0.09892484134672852
2018-08-11,Huddersfield,Chelsea,0,3,A,,,,2018/19,11,7,,,,False,,0.1524098455641807,0.26971875086374253,0.5778714035720771,0.7112161360102384,1.6073714076960823,1141,424.1129857091399,1.332685248947617,-0.09892484134672852
2018-08-11,Newcastle,Tottenham,1,2,A,,,,2018/19,21,29,,,,False,,0.1847067880247037,0.273174385714773,0.5421188262605232,0.8393074247012294,1.6004817804640579,1141,424.1129857091399,1.332685248947617,-0.09892484134672852
2018-08-11,Watford,Brighton,2,0,H,,,,2018/19,30,4,,,,False,,0.41965486065834035,0.3061211283731559,0.27422401096850346,1.2935944255437755,0.9984696263274173,1141,424.1129857091399,1.332685248947617,-0.09892484134672852
2018-08-11,Wolves,Everton,2,2,D,,,,2018/19,33,9,,,,False,,0.418906039826129,0.285196041761712,0.2958979184121591,1.436351383663488,1.1726561907046364,1141,424.1129857091399,1.332685248947617,-0.09892484134672852
2018-08-12,Arsenal,Man City,0,2,A,,,,2018/19,0,18,,,,False,,0.2899851336055958,0.239782662930082,0.4702322034643224,1.4805036005835726,1.9169785923101084,1147,429.2536193904957,1.3296504635096278,-0.09750788142160205
2018-08-12,Liverpool,West Ham,4,0,H,,,,2018/19,16,32,,,,False,,0.7602397448478101,0.1502769203133895,0.08948333483880025,2.8404579831955403,0.9349113589862517,1147,429.2536193904957,1.3296504635096278,-0.09750788142160205
2018-08-12,Southampton,Burnley,0,0,D,,,,2018/19,25,5,,,,False,,0.4018217175724782,0.33519111421975367,0.26298716820776796,1.1074564364828619,0.8441341401157121,1147,429.2536193904957,1.3296504635096278,-0.09750788142160205
2018-08-18,Cardiff,Newcastle,0,0,D,,,,2018/19,6,21,,,,False,,0.2991245630636512,0.3358659002804527,0.36500953665589614,0.931617095979867,1.0572136898839353,1150,427.09757410193606,1.3313745427601864,-0.10076624714777088
2018-08-18,Chelsea,Arsenal,3,2,H,,,,2018/19,7,0,,,,False,,0.5141507782267782,0.24364136027835573,0.2422078614948655,1.9052148455864055,1.261757235398749,1150,427.09757410193606,1.3313745427601864,-0.10076624714777088
2018-08-18,Everton,Southampton,2,1,H,,,,2018/19,9,25,,,,False,,0.48948595233139175,0.28201522735156653,0.2284988203170419,1.5281296714597405,0.9730663763901787,1150,427.09757410193606,1.3313745427601864,-0.10076624714777088
2018-08-18,Leicester,Wolves,2,0,H,,,,2018/19,15,33,,,,False,,0.5481241754028824,0.22664152158060238,0.2252343030165149,2.1116170580619875,1.3142737617693236,1150,427.09757410193606,1.3313745427601864,-0.10076624714777088
2018-08-18,Tottenham,Fulham,3,1,H,,,,2018/19,29,10,,,,False,,0.8590563421069546,0.10813762535643845,0.03280603253660698,2.940985237850617,0.4898733435520205,1150,427.09757410193606,1.3313745427601864,-0.10076624714777088
2018-08-18,West Ham,Bournemouth,1,2,A,,,,2018/19,32,2,,,,False,,0.4730670530825065,0.24634149530069618,0.2805914516167973,1.8536074813558239,1.396411190746983,1150,427.09757410193606,1.3313745427601864,-0.10076624714777088
2018-08-19,Man City,Huddersfield,6,1,H,,,,2018/19,18,11,,,,False,,0.8775448058033511,0.09713142729521458,0.025323766901434175,3.0154576696725854,0.42740750624960716,1156,432.2322445717056,1.332245676228421,-0.10411964171080662
2018-08-19,Brighton,Man United,3,2,H,,,,2018/19,4,19,,,,False,,0.15847882987017722,0.30133683828438773,0.5401843318454354,0.6358621098821101,1.388776797455822,1156,432.2322445717056,1.332245676228421,-0.10411964171080662
2018-08-19,Burnley,Watford,1,3,A,,,,2018/19,5,30,,,,False,,0.4722442074098553,0.3112603934895337,0.21649539910061094,1.315512108677231,0.808736834032114,1156,432.2322445717056,1.332245676228421,-0.10411964171080662
2018-08-20,Crystal Palace,Liverpool,0,2,A,,,,2018/19,8,16,,,,False,,0.21783174757118204,0.24867182770322568,0.5334964247255927,1.126735219457829,1.8578687498263693,1159,434.36264996703164,1.333249036232065,-0.10472423650302265
2018-08-25,Arsenal,West Ham,3,1,H,,,,2018/19,0,32,,,,False,,0.7106650856810746,0.17022044246802961,0.11911447185089565,2.7037388811061063,1.0743203574306073,1160,431.03071922045694,1.330635451421366,-0.10484968060006022
2018-08-25,Bournemouth,Everton,2,2,D,,,,2018/19,2,9,,,,False,,0.40583109906685033,0.2657233267269302,0.32844557420621967,1.584942553739747,1.4089438856506395,1160,431.03071922045694,1.330635451421366,-0.10484968060006022
2018-08-25,Huddersfield,Cardiff,0,0,D,,,,2018/19,11,6,,,,False,,0.3471832405647142,0.3828860132543867,0.2699307461808989,0.8518783234173787,0.7177511752989488,1160,431.03071922045694,1.330635451421366,-0.10484968060006022
2018-08-25,Liverpool,Brighton,1,0,H,,,,2018/19,16,4,,,,False,,0.7688321129249668,0.16084750616470364,0.07032038091033017,2.5171828673912797,0.6679296381041097,1160,431.03071922045694,1.330635451421366,-0.10484968060006022
2018-08-25,Southampton,Leicester,1,2,A,,,,2018/19,25,15,,,,False,,0.3855118691393587,0.2885793694719503,0.3259087613886908,1.3711646669473,1.2435588473740893,1160,431.03071922045694,1.330635451421366,-0.10484968060006022
2018-08-25,Wolves,Man City,1,1,D,,,,2018/19,33,18,,,,False,,0.0865985365136258,0.16580412594401442,0.7475973375423596,0.8004174545411654,2.5696079319672886,1160,431.03071922045694,1.330635451421366,-0.10484968060006022
2018-08-26,Fulham,Burnley,4,2,H,,,,2018/19,10,5,,,,False,,0.30063746077189396,0.33534143839334496,0.364021100834761,0.9449421121733138,1.0663219990942128,1166,436.1575312610381,1.330727299027239,-0.10629640047496629
2018-08-26,Newcastle,Chelsea,1,2,A,,,,2018/19,21,7,,,,False,,0.2351696830274611,0.29483578983988384,0.46999452713265505,0.9434027123676474,1.4303378779972244,1166,436.1575312610381,1.330727299027239,-0.10629640047496629
2018-08-26,Watford,Crystal Palace,2,1,H,,,,2018/19,30,8,,,,False,,0.38784723305747476,0.28796163730751534,0.32419112963500996,1.382484223422418,1.2458772888961798,1166,436.1575312610381,1.330727299027239,-0.10629640047496629
2018-08-27,Man United,Tottenham,0,3,A,,,,2018/19,19,29,,,,False,,0.3770107366316695,0.31147880536352845,0.3115104580048021,1.211687394574637,1.0792170614922025,1169,438.28009392832786,1.3331410669803685,-0.10552075246285474
2018-09-01,Man City,Newcastle,2,1,H,,,,2018/19,18,21,,,,False,,0.7937001921251859,0.14864968563621445,0.05765012223859925,2.5855175175148166,0.600226638391818,1170,434.90918396305983,1.3260948096408047,-0.1051297438117629
2018-09-01,West Ham,Wolves,0,1,A,,,,2018/19,32,33,,,,False,,0.43442906385711266,0.2798227916209285,0.28574814452195896,1.5104571574429133,1.1865975778393705,1170,434.90918396305983,1.3260948096408047,-0.1051297438117629
2018-09-01,Everton,Huddersfield,1,1,D,,,,2018/19,9,11,,,,False,,0.6361974363500389,0.24003938486459392,0.12376317878536733,1.8329614933626908,0.6911530957794548,1170,434.90918396305983,1.3260948096408047,-0.1051297438117629
2018-09-01,Leicester,Liverpool,1,2,A,,,,2018/19,15,16,,,,False,,0.24579411980254243,0.2434972550310594,0.5107086251663983,1.2867096048697326,1.9162563870648883,1170,434.90918396305983,1.3260948096408047,-0.1051297438117629
2018-09-01,Crystal Palace,Southampton,0,2,A,,,,2018/19,8,25,,,,False,,0.4503906304942017,0.2986428986966604,0.2509664708091382,1.3864926877513544,0.9751141609475548,1170,434.90918396305983,1.3260948096408047,-0.1051297438117629
2018-09-01,Chelsea,Bournemouth,2,0,H,,,,2018/19,7,2,,,,False,,0.7115573493567895,0.17987767431086957,0.10856497633234091,2.491328221486038,0.9065419952454461,1170,434.90918396305983,1.3260948096408047,-0.1051297438117629
2018-09-01,Brighton,Fulham,2,2,D,,,,2018/19,4,10,,,,False,,0.42159949985984513,0.265909434450767,0.3124910656893878,1.609544238253746,1.361934379360657,1170,434.90918396305983,1.3260948096408047,-0.1051297438117629
2018-09-02,Burnley,Man United,0,2,A,,,,2018/19,5,19,,,,False,,0.20987261365993223,0.3245303823303828,0.465597004009685,0.7389688065803752,1.229876498817081,1177,441.02624882458394,1.3128125707269112,-0.10287688312426285
2018-09-02,Cardiff,Arsenal,2,3,A,,,,2018/19,6,0,,,,False,,0.17538702179769305,0.3075378962245484,0.5170750819777588,0.678372967527182,1.3488740236042902,1177,441.02624882458394,1.3128125707269112,-0.10287688312426285
2018-09-02,Watford,Tottenham,2,1,H,,,,2018/19,30,29,,,,False,,0.14055299831403878,0.22112552198324922,0.6383214797027121,0.8790240881615242,2.0646197745468755,1177,441.02624882458394,1.3128125707269112,-0.10287688312426285
2018-09-15,Bournemouth,Leicester,4,2,H,,,,2018/19,2,15,,,,False,,0.3926045372623819,0.25607861850159996,0.3513168442360184,1.6460865675300878,1.5494757228301892,1180,432.6303549371379,1.3130500371002962,-0.10489213984509879
2018-09-15,Chelsea,Cardiff,4,1,H,,,,2018/19,7,6,,,,False,,0.7328484917864473,0.19379538434528432,0.07335612386826817,2.1118842659723245,0.5392492295276355,1180,432.6303549371379,1.3130500371002962,-0.10489213984509879
2018-09-15,Huddersfield,Crystal Palace,0,1,A,,,,2018/19,11,8,,,,False,,0.27684657234457466,0.3239975678941398,0.3991558597612853,0.9339865090229509,1.1732577569984177,1180,432.6303549371379,1.3130500371002962,-0.10489213984509879
2018-09-15,Man City,Fulham,3,0,H,,,,2018/19,18,10,,,,False,,0.8878305677234359,0.07444433750627545,0.03772509477028845,4.100551521321726,0.9457704166613776,1180,432.6303549371379,1.3130500371002962,-0.10489213984509879
2018-09-15,Newcastle,Arsenal,1,2,A,,,,2018/19,21,0,,,,False,,0.27443806215104755,0.27660198949077974,0.44895994835817293,1.169966242353443,1.5523172275832449,1180,432.6303549371379,1.3130500371002962,-0.10489213984509879
2018-09-15,Tottenham,Liverpool,1,2,A,,,,2018/19,29,16,,,,False,,0.48299311497055875,0.2613730425596801,0.2556338424697609,1.7164683086757861,1.2005590194785638,1180,432.6303549371379,1.3130500371002962,-0.10489213984509879
2018-09-15,Watford,Man United,1,2,A,,,,2018/19,30,19,,,,False,,0.20040859723252835,0.2819713207795611,0.5176200819879109,0.8733128554744904,1.5421503541503347,1180,432.6303549371379,1.3130500371002962,-0.10489213984509879
2018-09-16,Wolves,Burnley,1,0,H,,,,2018/19,33,5,,,,False,,0.4544825125228341,0.33528072574296924,0.21023676173419667,1.162032274703303,0.7038527147401574,1187,438.75197290209263,1.3121719850220441,-0.10106767304028441
2018-09-16,Everton,West Ham,1,3,A,,,,2018/19,9,32,,,,False,,0.5417227907617822,0.24072910589529903,0.21754810334291869,1.9374901024587083,1.171659856103272,1187,438.75197290209263,1.3121719850220441,-0.10106767304028441
2018-09-17,Southampton,Brighton,2,2,D,,,,2018/19,25,4,,,,False,,0.4594867390249654,0.3106485723241294,0.22986468865090529,1.3030704841775167,0.8468579296853936,1189,439.8713498728586,1.307199484022407,-0.09909735867745781
2018-09-22,Brighton,Tottenham,1,2,A,,,,2018/19,4,29,,,,False,,0.1514736201698527,0.2430082503731061,0.6055181294570409,0.8224994960559097,1.8464065040819928,1190,436.48460664639504,1.3057564205990362,-0.09969582230910605
2018-09-22,Burnley,Bournemouth,4,0,H,,,,2018/19,5,2,,,,False,,0.3946130147206354,0.300467733207279,0.30491925207208564,1.296607984795193,1.1111707890822156,1190,436.48460664639504,1.3057564205990362,-0.09969582230910605
2018-09-22,Cardiff,Man City,0,5,A,,,,2018/19,6,18,,,,False,,0.06443123724464743,0.15289259333783564,0.7826761694175167,0.643761422620274,2.5725118034024934,1190,436.48460664639504,1.3057564205990362,-0.09969582230910605
2018-09-22,Crystal Palace,Newcastle,0,0,D,,,,2018/19,8,21,,,,False,,0.4178123542512647,0.31228187093967175,0.26990577480906386,1.2548124393600089,0.9590199413856344,1190,436.48460664639504,1.3057564205990362,-0.09969582230910605
2018-09-22,Fulham,Watford,1,1,D,,,,2018/19,10,30,,,,False,,0.4901030004368101,0.23878290088640647,0.2711140986767832,1.949421906300837,1.41942776851764,1190,436.48460664639504,1.3057564205990362,-0.09969582230910605
2018-09-22,Leicester,Huddersfield,3,1,H,,,,2018/19,15,11,,,,False,,0.6489903569442114,0.22889420111994802,0.12211544193584065,1.9255318292572898,0.7215435714661482,1190,436.48460664639504,1.3057564205990362,-0.09969582230910605
2018-09-22,Liverpool,Southampton,3,0,H,,,,2018/19,16,25,,,,False,,0.7221442043673817,0.1864670966207545,0.09138869901186372,2.2905844840641385,0.71215257571018,1190,436.48460664639504,1.3057564205990362,-0.09969582230910605
2018-09-22,Man United,Wolves,1,1,D,,,,2018/19,19,33,,,,False,,0.5366563610263559,0.3083277434102243,0.15501589556342016,1.3359279943742255,0.597545098569464,1190,436.48460664639504,1.3057564205990362,-0.09969582230910605
2018-09-23,Arsenal,Everton,2,0,H,,,,2018/19,0,9,,,,False,,0.63955147547563,0.2028344544704944,0.1576140700538757,2.3728072867497314,1.1324305280081772,1198,443.59652580996556,1.3098201322563232,-0.11536244687221012
2018-09-23,West Ham,Chelsea,0,0,D,,,,2018/19,32,7,,,,False,,0.2173380574537329,0.24473248560342306,0.5379294569428442,1.17000019204345,1.925459691384726,1198,443.59652580996556,1.3098201322563232,-0.11536244687221012
2018-09-29,West Ham,Man United,3,1,H,,,,2018/19,32,19,,,,False,,0.21588635792916017,0.2801195335706985,0.5039941085001413,0.9734993700732081,1.5953463456880332,1200,440.28132250237815,1.314708063880254,-0.12390955642326923
2018-09-29,Wolves,Southampton,2,0,H,,,,2018/19,33,25,,,,False,,0.486735126128446,0.3248089684180503,0.1884559054535036,1.269000116243197,0.6945064270620468,1200,440.28132250237815,1.314708063880254,-0.12390955642326923
2018-09-29,Man City,Brighton,2,0,H,,,,2018/19,18,4,,,,False,,0.8434832671757969,0.11640062227855817,0.04011611054564466,2.979307721351704,0.5885843397778561,1200,440.28132250237815,1.314708063880254,-0.12390955642326923
2018-09-29,Newcastle,Leicester,0,2,A,,,,2018/19,21,15,,,,False,,0.3789822003700101,0.29891154212674664,0.3221062575032429,1.326378691093219,1.206300172559973,1200,440.28132250237815,1.314708063880254,-0.12390955642326923
2018-09-29,Everton,Fulham,3,0,H,,,,2018/19,9,10,,,,False,,0.5378670896566944,0.23853174662297313,0.22360116372033226,2.0178450596233635,1.2585002932291764,1200,440.28132250237815,1.314708063880254,-0.12390955642326923
2018-09-29,Huddersfield,Tottenham,0,2,A,,,,2018/19,11,29,,,,False,,0.08767517215642091,0.21496072314962647,0.6973641046939525,0.5886067396516382,2.001673233651767,1200,440.28132250237815,1.314708063880254,-0.12390955642326923
2018-09-29,Chelsea,Liverpool,1,1,D,,,,2018/19,7,16,,,,False,,0.38736613937982556,0.2798276070470935,0.3328062535730808,1.4766820168561892,1.3556985414443137,1200,440.28132250237815,1.314708063880254,-0.12390955642326923
2018-09-29,Arsenal,Watford,2,0,H,,,,2018/19,0,30,,,,False,,0.7038395751598217,0.18262638872825532,0.11353403611192275,2.5251759949201067,0.9613487771754807,1200,440.28132250237815,1.314708063880254,-0.12390955642326923
2018-09-30,Cardiff,Burnley,1,2,A,,,,2018/19,6,5,,,,False,,0.22758144366965752,0.31911978997357954,0.453298766356763,0.8510605821844819,1.299411653107141,1208,447.38565582260867,1.3227774802658976,-0.1306604737574614
2018-10-01,Bournemouth,Crystal Palace,2,1,H,,,,2018/19,2,8,,,,False,,0.43640624258835525,0.2776316043059985,0.28596215310564604,1.583953182212256,1.2490047877452046,1209,447.4897806847264,1.3217483219733426,-0.13085842072757484
2018-10-05,Brighton,West Ham,1,0,H,,,,2018/19,4,32,,,,False,,0.39243533335896646,0.29358178280189046,0.3139828838391429,1.3992261375297306,1.230751551644848,1210,444.9161759175224,1.3230824243324661,-0.13101742547962858
2018-10-06,Watford,Bournemouth,0,4,A,,,,2018/19,30,2,,,,False,,0.43336674363626915,0.269713326957952,0.296919929405779,1.6335081529231985,1.3240834699358062,1211,445.02523480378153,1.3255537011547431,-0.12423176679460131
2018-10-06,Tottenham,Cardiff,1,0,H,,,,2018/19,29,6,,,,False,,0.9076554954796294,0.07296715429788499,0.01937735022248512,3.5334016618241275,0.4904215688960983,1211,445.02523480378153,1.3255537011547431,-0.12423176679460131
2018-10-06,Man United,Newcastle,3,2,H,,,,2018/19,19,21,,,,False,,0.6139882571762145,0.267931495050183,0.11808024777360238,1.6219049184364032,0.5850526616727956,1211,445.02523480378153,1.3255537011547431,-0.12423176679460131
2018-10-06,Leicester,Everton,1,2,A,,,,2018/19,15,9,,,,False,,0.4944221338171235,0.25049093476720663,0.25508693141567007,1.876277188902168,1.3104065784666032,1211,445.02523480378153,1.3255537011547431,-0.12423176679460131
2018-10-06,Crystal Palace,Wolves,0,1,A,,,,2018/19,8,33,,,,False,,0.2817527647542481,0.3418977598342643,0.3763494754114875,0.9002936968448944,1.0804717145404288,1211,445.02523480378153,1.3255537011547431,-0.12423176679460131
2018-10-06,Burnley,Huddersfield,1,1,D,,,,2018/19,5,11,,,,False,,0.5461047286957563,0.30951270859193863,0.14438256271230498,1.3607032115293467,0.5798551150140325,1211,445.02523480378153,1.3255537011547431,-0.12423176679460131
2018-10-07,Fulham,Arsenal,1,5,A,,,,2018/19,10,0,,,,False,,0.18366120634877128,0.2076167516886995,0.6087220419625295,1.2738925931687408,2.3743118610475618,1217,450.12408578357713,1.304609055666898,-0.12044164650442908
2018-10-07,Liverpool,Man City,0,0,D,,,,2018/19,16,18,,,,False,,0.35620701410891376,0.26919441460916327,0.37459857128192314,1.4856640629650169,1.5275650994111045,1217,450.12408578357713,1.304609055666898,-0.12044164650442908
2018-10-07,Southampton,Chelsea,0,3,A,,,,2018/19,25,7,,,,False,,0.21119594572978373,0.28299069429735624,0.5058133599728604,0.935464546125171,1.5642731437438375,1217,450.12408578357713,1.304609055666898,-0.12044164650442908
2018-10-20,Wolves,Watford,0,2,A,,,,2018/19,33,30,,,,False,,0.5993906803627445,0.2752226150139906,0.12538670462326468,1.584146290162974,0.6018448920975356,1220,441.49469672582427,1.2935019521269429,-0.12749471572860213
2018-10-20,West Ham,Tottenham,0,1,A,,,,2018/19,32,29,,,,False,,0.17476067173149445,0.236938988189409,0.5883003400790964,1.0274624463846562,2.0083327943826323,1220,441.49469672582427,1.2935019521269429,-0.12749471572860213
2018-10-20,Newcastle,Brighton,0,1,A,,,,2018/19,21,4,,,,False,,0.42667224480964994,0.33187503871733304,0.24145271647301694,1.1973886920416603,0.8389036863054805,1220,441.49469672582427,1.2935019521269429,-0.12749471572860213
2018-10-20,Man City,Burnley,5,0,H,,,,2018/19,18,5,,,,False,,0.7963372510622733,0.15156480354534674,0.05209794539238017,2.5396381488945954,0.5528992977704197,1220,441.49469672582427,1.2935019521269429,-0.12749471572860213
2018-10-20,Bournemouth,Southampton,0,0,D,,,,2018/19,2,25,,,,False,,0.4740511060657389,0.27471183232956164,0.25123706160469944,1.6372547217516156,1.1426269997032268,1220,441.49469672582427,1.2935019521269429,-0.12749471572860213
2018-10-20,Chelsea,Man United,2,2,D,,,,2018/19,7,19,,,,False,,0.45513586865263583,0.29625130161411395,0.24861282973325033,1.450382535767143,1.0160357285690784,1220,441.49469672582427,1.2935019521269429,-0.12749471572860213
2018-10-20,Cardiff,Fulham,4,2,H,,,,2018/19,6,10,,,,False,,0.3635952862740424,0.2838899118284908,0.3525148018974666,1.4063126294859734,1.381926456165166,1220,441.49469672582427,1.2935019521269429,-0.12749471572860213
2018-10-20,Huddersfield,Liverpool,0,1,A,,,,2018/19,11,16,,,,False,,0.08517650203426372,0.21152418372538334,0.703299314240353,0.5888063373406458,2.0337056438270587,1220,441.49469672582427,1.2935019521269429,-0.12749471572860213
2018-10-21,Everton,Crystal Palace,2,0,H,,,,2018/19,9,8,,,,False,,0.4931871423865969,0.2765232210561541,0.23028963655724896,1.614932890430729,1.0407496345841156,1228,448.5966057227393,1.2921434760386776,-0.11975076615832134
2018-10-22,Arsenal,Leicester,3,1,H,,,,2018/19,0,15,,,,False,,0.6438521188230221,0.1938954030723736,0.1622524781046043,2.52965177563849,1.2460154210133745,1229,448.6983111053428,1.2952360192185852,-0.12021538589269627
2018-10-27,Watford,Huddersfield,3,0,H,,,,2018/19,30,11,,,,False,,0.5298029349558934,0.2962620202566014,0.17393504478750543,1.4561733926236573,0.7332448631967308,1230,445.22373814712626,1.2966352207967151,-0.12021303447487261
2018-10-27,Brighton,Wolves,1,0,H,,,,2018/19,4,33,,,,False,,0.28809160718177906,0.3697588497224477,0.34214954309577317,0.8091917012751598,0.9062763294162512,1230,445.22373814712626,1.2966352207967151,-0.12021303447487261
2018-10-27,Fulham,Bournemouth,0,3,A,,,,2018/19,10,2,,,,False,,0.30032144046349885,0.22755976994804875,0.4721187895884526,1.680523182235813,2.1181733147612887,1230,445.22373814712626,1.2966352207967151,-0.12021303447487261
2018-10-27,Leicester,West Ham,1,1,D,,,,2018/19,15,32,,,,False,,0.5322406447279077,0.23695906540701334,0.23080028986507906,2.029377147199225,1.2972073896294056,1230,445.22373814712626,1.2966352207967151,-0.12021303447487261
2018-10-27,Liverpool,Cardiff,4,1,H,,,,2018/19,16,6,,,,False,,0.8604081555258558,0.10399933678472863,0.03559250768941555,3.1526628282013167,0.5941043111527916,1230,445.22373814712626,1.2966352207967151,-0.12021303447487261
2018-10-27,Southampton,Newcastle,0,0,D,,,,2018/19,25,21,,,,False,,0.3964879162756268,0.3355498664851774,0.2679622172391957,1.1330919331428886,0.8860122374959372,1230,445.22373814712626,1.2966352207967151,-0.12021303447487261
2018-10-28,Man United,Everton,2,1,H,,,,2018/19,19,9,,,,False,,0.5973367837052908,0.24724795959764043,0.15541525669706854,1.8669155760088343,0.8626735358147286,1236,450.32219251697734,1.2982301121285809,-0.12478588665683096
2018-10-28,Burnley,Chelsea,0,4,A,,,,2018/19,5,7,,,,False,,0.19349891170321828,0.28364838246682217,0.5228527058299595,0.8690285948989028,1.5671952818047277,1236,450.32219251697734,1.2982301121285809,-0.12478588665683096
2018-10-28,Crystal Palace,Arsenal,2,2,D,,,,2018/19,8,0,,,,False,,0.22985156182668176,0.2559135354937989,0.5142349026795193,1.1695676242807,1.8267474329826876,1236,450.32219251697734,1.2982301121285809,-0.12478588665683096
2018-10-29,Tottenham,Man City,0,1,A,,,,2018/19,29,18,,,,False,,0.33763260552170105,0.2854920738076783,0.37687532067062063,1.3292685542837577,1.415055197529027,1239,452.41645417220093,1.2919884970958428,-0.12406443364955169
2018-11-03,Arsenal,Liverpool,1,1,D,,,,2018/19,0,16,,,,False,,0.3513412252914967,0.25657565365061724,0.3920831210578864,1.5702181689837498,1.6660988669109968,1240,448.90488507232476,1.2900012761855912,-0.11700261644230447
2018-11-03,Bournemouth,Man United,1,2,A,,,,2018/19,2,19,,,,False,,0.2495331847772503,0.27217137943691716,0.4782954357858325,1.1325899061622966,1.640118344213828,1240,448.90488507232476,1.2900012761855912,-0.11700261644230447
2018-11-03,Cardiff,Leicester,0,1,A,,,,2018/19,6,15,,,,False,,0.2456881963617651,0.24542846781014657,0.5088833358280884,1.2946319460978397,1.9211047085594568,1240,448.90488507232476,1.2900012761855912,-0.11700261644230447
2018-11-03,Everton,Brighton,3,1,H,,,,2018/19,9,4,,,,False,,0.49807780797907963,0.2871314666068546,0.21479072541406585,1.5221539983408645,0.9240255674584976,1240,448.90488507232476,1.2900012761855912,-0.11700261644230447
2018-11-03,Newcastle,Watford,1,0,H,,,,2018/19,21,30,,,,False,,0.4236705597163659,0.313827040317747,0.26250239996588703,1.2823122730086887,0.9581126088327822,1240,448.90488507232476,1.2900012761855912,-0.11700261644230447
2018-11-03,West Ham,Burnley,4,2,H,,,,2018/19,32,5,,,,False,,0.4727178184991785,0.28876919375309057,0.238512987747731,1.498662943051396,1.001935077728515,1240,448.90488507232476,1.2900012761855912,-0.11700261644230447
2018-11-03,Wolves,Tottenham,2,3,A,,,,2018/19,33,29,,,,False,,0.20603698803307713,0.33465399933675893,0.459309012630164,0.7116542305861765,1.19095034597452,1240,448.90488507232476,1.2900012761855912,-0.11700261644230447
2018-11-04,Chelsea,Crystal Palace,3,1,H,,,,2018/19,7,8,,,,False,,0.7071680944659808,0.19405042787353197,0.09878147766048735,2.2459367633856595,0.739592392697192,1247,454.9939865043809,1.2940250774292894,-0.10511208860400093
2018-11-04,Man City,Southampton,6,1,H,,,,2018/19,18,25,,,,False,,0.826856042237115,0.12976251365264024,0.04338144411024504,2.7224076207990735,0.5284231655064938,1247,454.9939865043809,1.2940250774292894,-0.10511208860400093
2018-11-05,Huddersfield,Fulham,1,0,H,,,,2018/19,11,10,,,,False,,0.4388542062893578,0.2891124385883331,0.27203335512230886,1.447542853192983,1.0931659116739847,1249,456.0809119103244,1.2990437686789558,-0.10691695234792863
2018-11-10,Southampton,Watford,1,1,D,,,,2018/19,25,30,,,,False,,0.42464734725230197,0.2986751579251843,0.27667749482251347,1.3534076589992883,1.0470756985355485,1250,452.53288084673477,1.3008679823952998,-0.10171850042762523
2018-11-10,Newcastle,Bournemouth,2,1,H,,,,2018/19,21,2,,,,False,,0.39897612870716276,0.3016150628015146,0.2994088084913228,1.2996296175318294,1.0942194966011753,1250,452.53288084673477,1.3008679823952998,-0.10171850042762523
2018-11-10,Leicester,Burnley,0,0,D,,,,2018/19,15,5,,,,False,,0.5533523262929221,0.253074915960219,0.19357275774685873,1.7958395335954846,0.9836209700814315,1250,452.53288084673477,1.3008679823952998,-0.10171850042762523
2018-11-10,Huddersfield,West Ham,1,1,D,,,,2018/19,11,32,,,,False,,0.24325729311191685,0.30749914765652203,0.4492435592315613,0.9054409076961765,1.3199002326738039,1250,452.53288084673477,1.3008679823952998,-0.10171850042762523
2018-11-10,Crystal Palace,Tottenham,0,1,A,,,,2018/19,8,29,,,,False,,0.16879300084772747,0.250783943414111,0.5804230557381618,0.8765483228985635,1.7979862621279945,1250,452.53288084673477,1.3008679823952998,-0.10171850042762523
2018-11-10,Cardiff,Brighton,2,1,H,,,,2018/19,6,4,,,,False,,0.2934089544452178,0.3110755997643399,0.3955154457904421,1.0303703089019716,1.2361743592944963,1250,452.53288084673477,1.3008679823952998,-0.10171850042762523
2018-11-11,Arsenal,Wolves,1,1,D,,,,2018/19,0,33,,,,False,,0.5961987008385156,0.24730075201710222,0.15650054714438244,1.8395641402268523,0.8478321370848148,1256,457.6167315397314,1.3036929524668643,-0.11207053681826433
2018-11-11,Chelsea,Everton,0,0,D,,,,2018/19,7,9,,,,False,,0.6618085882329342,0.20708593690325508,0.13110547486381097,2.229509367834038,0.9148760864388203,1256,457.6167315397314,1.3036929524668643,-0.11207053681826433
2018-11-11,Liverpool,Fulham,2,0,H,,,,2018/19,16,10,,,,False,,0.9277028774464524,0.05499539556510207,0.017301726988445773,4.094976929951719,0.5995634287147052,1256,457.6167315397314,1.3036929524668643,-0.11207053681826433
2018-11-11,Man City,Man United,3,1,H,,,,2018/19,18,19,,,,False,,0.6419281557837008,0.2247008268505011,0.13337101736579823,2.028295422281665,0.8301009144352708,1256,457.6167315397314,1.3036929524668643,-0.11207053681826433
2018-11-24,Brighton,Leicester,1,1,D,,,,2018/19,4,15,,,,False,,0.34215952750213235,0.29668794775651497,0.3611525247413525,1.2665987929173177,1.3069555460038298,1260,449.7693794896622,1.3001907755543785,-0.1237955806056765
2018-11-24,Everton,Cardiff,1,0,H,,,,2018/19,9,6,,,,False,,0.6654605200997987,0.21080743824721146,0.12373204165298946,2.1881795077738526,0.8612617240547911,1260,449.7693794896622,1.3001907755543785,-0.1237955806056765
2018-11-24,Fulham,Southampton,3,2,H,,,,2018/19,10,25,,,,False,,0.26962741012962615,0.28599031028320615,0.44438227958716775,1.1331201197573968,1.5111068519472566,1260,449.7693794896622,1.3001907755543785,-0.1237955806056765
2018-11-24,Man United,Crystal Palace,0,0,D,,,,2018/19,19,8,,,,False,,0.64824485166119,0.23301761584195993,0.1187375324968504,1.9289618591344107,0.7181282619056081,1260,449.7693794896622,1.3001907755543785,-0.1237955806056765
2018-11-24,Tottenham,Chelsea,3,1,H,,,,2018/19,29,7,,,,False,,0.48348728221960496,0.27791452367477126,0.23859819410562388,1.6072320921497387,1.071349350009029,1260,449.7693794896622,1.3001907755543785,-0.1237955806056765
2018-11-24,Watford,Liverpool,0,3,A,,,,2018/19,30,16,,,,False,,0.15001149128952415,0.23553140743647802,0.6144571012739977,0.8913300314485854,1.9757994217514963,1260,449.7693794896622,1.3001907755543785,-0.1237955806056765
2018-11-24,West Ham,Man City,0,4,A,,,,2018/19,32,18,,,,False,,0.1035150040909482,0.17677591853599356,0.7197090773730581,0.9151460319866973,2.5599358746609604,1260,449.7693794896622,1.3001907755543785,-0.1237955806056765
2018-11-25,Wolves,Huddersfield,0,2,A,,,,2018/19,33,11,,,,False,,0.5744565073393538,0.30920151358091247,0.11634197907973366,1.3483909552346414,0.47268685417983364,1267,455.8567536607204,1.2952288467895505,-0.12864932732179093
2018-11-25,Bournemouth,Arsenal,1,2,A,,,,2018/19,2,0,,,,False,,0.26187134452505195,0.23598220263998784,0.5021464528349604,1.4604612713415823,2.054683030739883,1267,455.8567536607204,1.2952288467895505,-0.12864932732179093
2018-11-26,Burnley,Newcastle,1,2,A,,,,2018/19,5,21,,,,False,,0.35878467481421034,0.3489035235137324,0.2923118016720572,1.0263323469505765,0.9012240591584677,1269,456.9419552567357,1.2882962958733206,-0.1274472391094707
2018-11-30,Cardiff,Wolves,2,1,H,,,,2018/19,6,33,,,,False,,0.26818204912860244,0.33933863334783454,0.392479317523563,0.8804677983978967,1.1183810109939494,1270,454.29303475756706,1.2855620113937143,-0.12652636849188756
2018-12-01,Crystal Palace,Burnley,2,0,H,,,,2018/19,8,5,,,,False,,0.44527033494851165,0.3141399822706047,0.24058968278088388,1.3151605613026787,0.903867043550632,1271,454.3833586673675,1.2874268864653617,-0.12504162826359735
2018-12-01,Huddersfield,Brighton,1,2,A,,,,2018/19,11,4,,,,False,,0.2882352991735563,0.35928968325215477,0.35247501757428895,0.850747424752046,0.9688677894891446,1271,454.3833586673675,1.2874268864653617,-0.12504162826359735
2018-12-01,Leicester,Watford,2,0,H,,,,2018/19,15,30,,,,False,,0.5501790775417947,0.24843957150028204,0.2013813509579229,1.9010077753212582,1.0886028515035282,1271,454.3833586673675,1.2874268864653617,-0.12504162826359735
2018-12-01,Man City,Bournemouth,3,1,H,,,,2018/19,18,2,,,,False,,0.8652437689163573,0.09666523689486238,0.03809099418878094,3.4116766334667608,0.7099897899491707,1271,454.3833586673675,1.2874268864653617,-0.12504162826359735
2018-12-01,Newcastle,West Ham,0,3,A,,,,2018/19,21,32,,,,False,,0.42467742764222766,0.3027379618697672,0.2725846104880051,1.3699487867140459,1.0536983751471085,1271,454.3833586673675,1.2874268864653617,-0.12504162826359735
2018-12-01,Southampton,Man United,2,2,D,,,,2018/19,25,19,,,,False,,0.2041181435197245,0.2955149410444226,0.5003669154358528,0.8591245821303937,1.4726711135698547,1271,454.3833586673675,1.2874268864653617,-0.12504162826359735
2018-12-02,Arsenal,Tottenham,4,2,H,,,,2018/19,0,29,,,,False,,0.3425211473448962,0.2686076944934448,0.38887115816165924,1.4677895887286798,1.573871990146125,1277,459.46351210321245,1.284040998507564,-0.12631449772413406
2018-12-02,Chelsea,Fulham,2,0,H,,,,2018/19,7,10,,,,False,,0.8732742767857972,0.09071378082779846,0.03601194238640438,3.534087291561714,0.7269118558950253,1277,459.46351210321245,1.284040998507564,-0.12631449772413406
2018-12-02,Liverpool,Everton,1,0,H,,,,2018/19,16,9,,,,False,,0.6888515761904795,0.202894389260849,0.1082540345486717,2.232171553258803,0.7977536437967084,1277,459.46351210321245,1.284040998507564,-0.12631449772413406
2018-12-04,Watford,Man City,1,2,A,,,,2018/19,30,18,,,,False,,0.07675615335379692,0.163872916594556,0.7593709300516471,0.7407553755608638,2.568742848078674,1280,460.6173528348812,1.2870524587663823,-0.12117239667577188
2018-12-04,West Ham,Cardiff,3,1,H,,,,2018/19,32,6,,,,False,,0.5940598847668694,0.23430804361326138,0.17163207161986957,2.018715830598357,1.0152994857952347,1280,460.6173528348812,1.2870524587663823,-0.12117239667577188
2018-12-04,Bournemouth,Huddersfield,2,1,H,,,,2018/19,2,11,,,,False,,0.5927519997833559,0.25798216997123175,0.1492658302454123,1.748810174088593,0.7755278240097871,1280,460.6173528348812,1.2870524587663823,-0.12117239667577188
2018-12-04,Brighton,Crystal Palace,3,1,H,,,,2018/19,4,8,,,,False,,0.3871431285024336,0.32193967179465094,0.29091719970291535,1.1948475541484749,1.0034327215269956,1280,460.6173528348812,1.2870524587663823,-0.12117239667577188
2018-12-05,Burnley,Liverpool,1,3,A,,,,2018/19,5,16,,,,False,,0.12841488386009223,0.24480102336916898,0.626784092770739,0.7219025636906928,1.835134377468279,1284,463.689046744737,1.2938735336588454,-0.12210954619106201
2018-12-05,Everton,Newcastle,1,1,D,,,,2018/19,9,21,,,,False,,0.4949330535936413,0.3005975727361406,0.2044693736702177,1.428400104902903,0.8349120814637156,1284,463.689046744737,1.2938735336588454,-0.12210954619106201
2018-12-05,Fulham,Leicester,1,1,D,,,,2018/19,10,15,,,,False,,0.2209739362186696,0.23612516430253616,0.5429008994787939,1.2601777263308827,2.041653827467633,1284,463.689046744737,1.2938735336588454,-0.12210954619106201
2018-12-05,Man United,Arsenal,2,2,D,,,,2018/19,19,0,,,,False,,0.44260628475939423,0.2679365622995956,0.2894571529410105,1.6563195767963006,1.3083056513137723,1284,463.689046744737,1.2938735336588454,-0.12210954619106201
2018-12-05,Tottenham,Southampton,3,1,H,,,,2018/19,29,25,,,,False,,0.7519468080379226,0.17418014851207628,0.07387304345000113,2.3993007157509068,0.6559698659245011,1284,463.689046744737,1.2938735336588454,-0.12210954619106201
2018-12-05,Wolves,Chelsea,2,1,H,,,,2018/19,33,7,,,,False,,0.1978558801399122,0.30111279870431706,0.5010313211557709,0.8087222906054116,1.4257010956326879,1284,463.689046744737,1.2938735336588454,-0.12210954619106201
2018-12-08,Man United,Fulham,4,1,H,,,,2018/19,19,10,,,,False,,0.8048887517539308,0.13937089606751807,0.055740352178551805,2.7892039066210463,0.6692141296666989,1290,466.8793499836371,1.2955163639689669,-0.13009622158936185
2018-12-08,Arsenal,Huddersfield,1,0,H,,,,2018/19,0,11,,,,False,,0.7876474788600751,0.15402713598931672,0.05832538515060798,2.576054967793025,0.6143686919755482,1290,466.8793499836371,1.2955163639689669,-0.13009622158936185
2018-12-08,Bournemouth,Liverpool,0,4,A,,,,2018/19,2,16,,,,False,,0.16817395410057004,0.2311664420850655,0.6006596038143641,1.0305413682111906,2.0702850864177362,1290,466.8793499836371,1.2955163639689669,-0.13009622158936185
2018-12-08,Burnley,Brighton,1,0,H,,,,2018/19,5,4,,,,False,,0.3636883920791978,0.3279300282980837,0.30838157962271845,1.1402093159083084,1.0308917424397082,1290,466.8793499836371,1.2955163639689669,-0.13009622158936185
2018-12-08,Cardiff,Southampton,1,0,H,,,,2018/19,6,25,,,,False,,0.33588647799908233,0.3029417922784484,0.3611717297224696,1.2259132580957626,1.279015098113808,1290,466.8793499836371,1.2955163639689669,-0.13009622158936185
2018-12-08,Chelsea,Man City,2,0,H,,,,2018/19,7,18,,,,False,,0.2628215801323573,0.2705299917408527,0.4666484281267901,1.2147738840938354,1.674331064045677,1290,466.8793499836371,1.2955163639689669,-0.13009622158936185
2018-12-08,Leicester,Tottenham,0,2,A,,,,2018/19,15,29,,,,False,,0.2204896627530338,0.2563670778289535,0.5231432594180125,1.1359739885011546,1.8342211766229586,1290,466.8793499836371,1.2955163639689669,-0.13009622158936185
2018-12-08,West Ham,Crystal Palace,3,2,H,,,,2018/19,32,8,,,,False,,0.47154084358560455,0.2765123966708762,0.2519467597435194,1.625369988617611,1.1392256558816494,1290,466.8793499836371,1.2955163639689669,-0.13009622158936185
2018-12-09,Newcastle,Wolves,1,2,A,,,,2018/19,21,33,,,,False,,0.36053401236613636,0.35483550015974774,0.28463048747411573,0.986105641619377,0.846112418991183,1298,473.9305404095137,1.2968082212167595,-0.1147697946830176
2018-12-10,Everton,Watford,2,2,D,,,,2018/19,9,30,,,,False,,0.5467357536817264,0.26212651679216725,0.19113772952610644,1.7342821538628075,0.9451015447502067,1299,473.9816285568513,1.2944206425500866,-0.11419684829448432
2018-12-15,Tottenham,Burnley,1,0,H,,,,2018/19,29,5,,,,False,,0.7631814014634933,0.17048781632108317,0.06633078221542334,2.3697037797840075,0.5906586574350156,1300,470.25548238661975,1.2924893653830642,-0.1137563712084456
2018-12-15,Wolves,Bournemouth,2,0,H,,,,2018/19,33,2,,,,False,,0.46593542504480767,0.2847851286529964,0.24927944630219592,1.5190137788390747,1.0544299427716588,1300,470.25548238661975,1.2924893653830642,-0.1137563712084456
2018-12-15,Man City,Everton,3,1,H,,,,2018/19,18,9,,,,False,,0.7946430452313159,0.14279464974504877,0.06256230502363505,2.7619819128982823,0.706680416798571,1300,470.25548238661975,1.2924893653830642,-0.1137563712084456
2018-12-15,Watford,Cardiff,3,2,H,,,,2018/19,30,6,,,,False,,0.5163467812053258,0.27129215511861254,0.2123610636760619,1.6531712807615668,0.9876907478202624,1300,470.25548238661975,1.2924893653830642,-0.1137563712084456
2018-12-15,Fulham,West Ham,0,2,A,,,,2018/19,10,32,,,,False,,0.2591515729559874,0.23843330415575126,0.5024151228882615,1.4001033158976386,1.9921508424653633,1300,470.25548238661975,1.2924893653830642,-0.1137563712084456
2018-12-15,Huddersfield,Newcastle,0,1,A,,,,2018/19,11,21,,,,False,,0.2753321376332331,0.3650241481548138,0.3596437142119531,0.7905755407867813,0.9427191255610194,1300,470.25548238661975,1.2924893653830642,-0.1137563712084456
2018-12-15,Crystal Palace,Leicester,1,0,H,,,,2018/19,8,15,,,,False,,0.3718536735101544,0.2872887754098197,0.34085755108002586,1.3721668972302015,1.305148716348617,1300,470.25548238661975,1.2924893653830642,-0.1137563712084456
2018-12-16,Southampton,Arsenal,3,2,H,,,,2018/19,25,0,,,,False,,0.20568361277140543,0.24365403276101943,0.5506623544675756,1.0962656845707304,1.9001320238614574,1307,476.3019252967887,1.292028936452699,-0.10125292984548427
2018-12-16,Brighton,Chelsea,1,2,A,,,,2018/19,4,7,,,,False,,0.19188383020309444,0.27036040488846663,0.5377557649084391,0.8863491745681736,1.632026376159663,1307,476.3019252967887,1.292028936452699,-0.10125292984548427
2018-12-16,Liverpool,Man United,3,1,H,,,,2018/19,16,19,,,,False,,0.560060919541598,0.2577724431728345,0.18216663728556762,1.7418464894973384,0.9048160178131947,1307,476.3019252967887,1.292028936452699,-0.10125292984548427
2018-12-21,Wolves,Liverpool,0,2,A,,,,2018/19,33,16,,,,False,,0.19412670779165714,0.286093729567067,0.5197795626412758,0.8263936513213406,1.5030305853676362,1310,474.5327914557418,1.296705137052295,-0.102001049665334
2018-12-22,Arsenal,Burnley,3,1,H,,,,2018/19,0,5,,,,False,,0.7121681824666072,0.18602848057386343,0.10180333695952944,2.3580831957355772,0.8040276495306568,1311,474.5826763046864,1.2944140468049765,-0.10172330439593771
2018-12-22,Bournemouth,Brighton,2,0,H,,,,2018/19,2,4,,,,False,,0.4607031945554846,0.27559918820158175,0.2636976172429339,1.5650618039781263,1.1343367461963694,1311,474.5826763046864,1.2944140468049765,-0.10172330439593771
2018-12-22,Cardiff,Man United,1,5,A,,,,2018/19,6,19,,,,False,,0.16560207363777718,0.24109717258034608,0.5933007537818769,0.9106249779710204,1.8913599799847305,1311,474.5826763046864,1.2944140468049765,-0.10172330439593771
2018-12-22,Chelsea,Leicester,0,1,A,,,,2018/19,7,15,,,,False,,0.6630038861258843,0.2070462895814423,0.12994982429267318,2.200148264853065,0.8896179082702235,1311,474.5826763046864,1.2944140468049765,-0.10172330439593771
2018-12-22,Huddersfield,Southampton,1,3,A,,,,2018/19,11,25,,,,False,,0.28580897861349935,0.34307782404647674,0.371113197340024,0.8749200138116122,1.0349512778412258,1311,474.5826763046864,1.2944140468049765,-0.10172330439593771
2018-12-22,Man City,Crystal Palace,2,3,A,,,,2018/19,18,8,,,,False,,0.8366216450680055,0.1192227727326578,0.04415558219933714,2.925493455885388,0.5994866401816149,1311,474.5826763046864,1.2944140468049765,-0.10172330439593771
2018-12-22,Newcastle,Fulham,0,0,D,,,,2018/19,21,10,,,,False,,0.6044225238521452,0.2468552627681682,0.1487222133796866,1.8092267967577749,0.7929084712078663,1311,474.5826763046864,1.2944140468049765,-0.10172330439593771
2018-12-22,West Ham,Watford,0,2,A,,,,2018/19,32,30,,,,False,,0.5215036225131546,0.24775285836457528,0.23074351912227054,1.8621137885345587,1.1845747295473565,1311,474.5826763046864,1.2944140468049765,-0.10172330439593771
2018-12-23,Everton,Tottenham,2,6,A,,,,2018/19,9,29,,,,False,,0.2179498784833006,0.26252880005144763,0.5195213214652518,1.0248453026694297,1.6933617535323071,1319,481.6184754743077,1.271551858959034,-0.09440841396534583
2018-12-26,Watford,Chelsea,1,2,A,,,,2018/19,30,7,,,,False,,0.19173084359267478,0.251056126797346,0.5572130296099794,0.9712426362319576,1.7953618267820777,1320,479.7314344057854,1.2639993768122129,-0.09305704523907221
2018-12-26,Tottenham,Bournemouth,5,0,H,,,,2018/19,29,2,,,,False,,0.7656739893862284,0.15221569118309228,0.08211031943067926,2.72817160402026,0.8306996795078825,1320,479.7314344057854,1.2639993768122129,-0.09305704523907221
2018-12-26,Man United,Huddersfield,3,1,H,,,,2018/19,19,11,,,,False,,0.7441670202368869,0.18887823652218808,0.06695474324092533,2.101554676276177,0.4921519204599586,1320,479.7314344057854,1.2639993768122129,-0.09305704523907221
2018-12-26,Liverpool,Newcastle,4,0,H,,,,2018/19,16,21,,,,False,,0.7371205364171194,0.19018355236343856,0.07269591121944216,2.1216618374362484,0.5331965590047208,1320,479.7314344057854,1.2639993768122129,-0.09305704523907221
2018-12-26,Leicester,Man City,2,1,H,,,,2018/19,15,18,,,,False,,0.1451340003603327,0.20646590986803526,0.6484000897716319,0.981848250646463,2.2322027439336494,1320,479.7314344057854,1.2639993768122129,-0.09305704523907221
2018-12-26,Fulham,Wolves,1,1,D,,,,2018/19,10,33,,,,False,,0.21490770586210933,0.2874070486390537,0.4976852454988368,0.8854040030992346,1.4730172975073519,1320,479.7314344057854,1.2639993768122129,-0.09305704523907221
2018-12-26,Crystal Palace,Cardiff,0,0,D,,,,2018/19,8,6,,,,False,,0.5952354783191455,0.23482243248856757,0.16994208919228718,1.9439165403429826,0.9541014427504793,1320,479.7314344057854,1.2639993768122129,-0.09305704523907221
2018-12-26,Burnley,Everton,1,5,A,,,,2018/19,5,9,,,,False,,0.3183446167137641,0.2994414105085128,0.382213972777723,1.1386514137764425,1.2706338333291778,1320,479.7314344057854,1.2639993768122129,-0.09305704523907221
2018-12-26,Brighton,Arsenal,1,1,D,,,,2018/19,4,0,,,,False,,0.21409948759561193,0.24785572872343126,0.5380447836809567,1.0935536758441244,1.8387480408085817,1320,479.7314344057854,1.2639993768122129,-0.09305704523907221
2018-12-27,Southampton,West Ham,1,2,A,,,,2018/19,25,32,,,,False,,0.3973504551410209,0.27858908667334414,0.3240604581856348,1.4709730009007849,1.3097009905461094,1329,487.75494834852645,1.2719433290731956,-0.10762993387806834
2018-12-29,Brighton,Everton,1,0,H,,,,2018/19,4,9,,,,False,,0.330443318739233,0.29785017670304775,0.3717065045577191,1.2028865370590676,1.289371182632202,1330,486.80383338654224,1.2695817791662856,-0.10764211834407532
2018-12-29,Fulham,Huddersfield,1,0,H,,,,2018/19,10,11,,,,False,,0.3939955455158877,0.3199489262863931,0.28605552819771934,1.1930764745900606,0.9793330075719522,1330,486.80383338654224,1.2695817791662856,-0.10764211834407532
2018-12-29,Leicester,Cardiff,0,1,A,,,,2018/19,15,6,,,,False,,0.6581874802061618,0.210344988037454,0.13146753175638418,2.178931378079398,0.8902441972863826,1330,486.80383338654224,1.2695817791662856,-0.10764211834407532
2018-12-29,Liverpool,Arsenal,5,1,H,,,,2018/19,16,0,,,,False,,0.6175754873129141,0.21459190523271732,0.16783260745436854,2.2178049755798823,1.0983437348774032,1330,486.80383338654224,1.2695817791662856,-0.10764211834407532
2018-12-29,Tottenham,Wolves,1,3,A,,,,2018/19,29,33,,,,False,,0.6840749707706608,0.2172219385836174,0.09870309064572166,1.9875711219770864,0.633795030099947,1330,486.80383338654224,1.2695817791662856,-0.10764211834407532
2018-12-29,Watford,Newcastle,1,1,D,,,,2018/19,30,21,,,,False,,0.41934466141786797,0.31536887613282083,0.26528646244931114,1.2518396190466814,0.9446601054867397,1330,486.80383338654224,1.2695817791662856,-0.10764211834407532
2018-12-30,Burnley,West Ham,2,0,H,,,,2018/19,5,32,,,,False,,0.3374206922714539,0.2855331848776812,0.37704612285086536,1.2635550796844548,1.3483170137136131,1336,491.8192106706925,1.2674686903544319,-0.09037153372969445
2018-12-30,Crystal Palace,Chelsea,0,1,A,,,,2018/19,8,7,,,,False,,0.2116349392134219,0.27177593480957735,0.5165891259770004,0.942894682391004,1.5994535823424991,1336,491.8192106706925,1.2674686903544319,-0.09037153372969445
2018-12-30,Man United,Bournemouth,4,1,H,,,,2018/19,19,2,,,,False,,0.6783627458001485,0.19476875655167028,0.12686849764818106,2.3213659962968323,0.9261017183378297,1336,491.8192106706925,1.2674686903544319,-0.09037153372969445
2018-12-30,Southampton,Man City,1,3,A,,,,2018/19,25,18,,,,False,,0.10426997358424613,0.18470024609401955,0.7110297803217343,0.8138175070619555,2.359310284533785,1336,491.8192106706925,1.2674686903544319,-0.09037153372969445
2019-01-01,Everton,Leicester,0,1,A,,,,2018/19,9,15,,,,False,,0.44703464490833794,0.266820150445669,0.28614520464599263,1.595454055581704,1.2370406993244456,1340,493.8398950982414,1.2723211687239626,-0.08692830016248769
2019-01-01,Arsenal,Fulham,4,1,H,,,,2018/19,0,10,,,,False,,0.8410894150000214,0.1070169396872792,0.05189364531269932,3.3020258743727084,0.8035235348907442,1340,493.8398950982414,1.2723211687239626,-0.08692830016248769
2019-01-01,Cardiff,Tottenham,0,3,A,,,,2018/19,6,29,,,,False,,0.10291524630998546,0.18255817009334183,0.714526583596673,0.8102163967825867,2.37309040463201,1340,493.8398950982414,1.2723211687239626,-0.08692830016248769
2019-01-02,Bournemouth,Watford,3,3,D,,,,2018/19,2,30,,,,False,,0.46282311378714686,0.2543613776711481,0.2828155085417048,1.7133131322498605,1.3004769411624242,1343,495.84720832571304,1.267953017855574,-0.080008951776379
2019-01-02,Chelsea,Southampton,0,0,D,,,,2018/19,7,25,,,,False,,0.7055840805534465,0.1940109924003083,0.10040492704624486,2.190807313723769,0.7133987313224771,1343,495.84720832571304,1.267953017855574,-0.080008951776379
2019-01-02,Huddersfield,Burnley,1,2,A,,,,2018/19,11,5,,,,False,,0.2918030116923207,0.34410065966767966,0.3640963286399997,0.8566985814920837,0.9904560170981206,1343,495.84720832571304,1.267953017855574,-0.080008951776379
2019-01-02,Newcastle,Man United,0,2,A,,,,2018/19,21,19,,,,False,,0.2074423271754369,0.2892663095954497,0.5032913632291135,0.8305210987621057,1.435727872075295,1343,495.84720832571304,1.267953017855574,-0.080008951776379
2019-01-02,West Ham,Brighton,2,2,D,,,,2018/19,32,4,,,,False,,0.4662659441451605,0.2777250763350337,0.25600897951980556,1.5065352987142995,1.0567032856350582,1343,495.84720832571304,1.267953017855574,-0.080008951776379
2019-01-02,Wolves,Crystal Palace,0,2,A,,,,2018/19,33,8,,,,False,,0.4741655673065182,0.3037911591501517,0.22204327354332992,1.3234300132879815,0.8219281340195667,1343,495.84720832571304,1.267953017855574,-0.080008951776379
2019-01-03,Man City,Liverpool,2,1,H,,,,2018/19,18,16,,,,False,,0.4722243819761192,0.2566798042853572,0.27109581373852365,1.7063814381179443,1.2484208165839714,1349,500.84451693468304,1.2550968371332933,-0.083409958308104
2019-01-12,Leicester,Southampton,1,2,A,,,,2018/19,15,25,,,,False,,0.5137332512462651,0.2695866614636052,0.21668008729012977,1.604026599874018,0.9624422250563176,1350,492.892128835921,1.2560679224898166,-0.08344909295651567
2019-01-12,Brighton,Liverpool,0,1,A,,,,2018/19,4,16,,,,False,,0.1282367087661532,0.2294916813673882,0.642271609866459,0.7310776972944781,1.898340905954479,1350,492.892128835921,1.2560679224898166,-0.08344909295651567
2019-01-12,Burnley,Fulham,2,1,H,,,,2018/19,5,10,,,,False,,0.5499934530441853,0.2599649967329988,0.19004155022281538,1.6871134121548397,0.9001032164357429,1350,492.892128835921,1.2560679224898166,-0.08344909295651567
2019-01-12,Cardiff,Huddersfield,0,0,D,,,,2018/19,6,11,,,,False,,0.44985983898459186,0.3131853965848952,0.2369547644305126,1.2540221179023245,0.8365546043526259,1350,492.892128835921,1.2560679224898166,-0.08344909295651567
2019-01-12,Chelsea,Newcastle,2,1,H,,,,2018/19,7,21,,,,False,,0.6698370239183088,0.22775759300373585,0.10240538307795553,1.845463020195414,0.584581864545354,1350,492.892128835921,1.2560679224898166,-0.08344909295651567
2019-01-12,Crystal Palace,Watford,1,2,A,,,,2018/19,8,30,,,,False,,0.4580116330848018,0.28141485492076224,0.26057351199443607,1.4775332452979137,1.0575956327516778,1350,492.892128835921,1.2560679224898166,-0.08344909295651567
2019-01-12,West Ham,Arsenal,1,0,H,,,,2018/19,32,0,,,,False,,0.2677461859894969,0.22415472211351314,0.5080990918969902,1.5041704418963011,2.105937244758168,1350,492.892128835921,1.2560679224898166,-0.08344909295651567
2019-01-13,Tottenham,Man United,0,1,A,,,,2018/19,29,19,,,,False,,0.5299533237914978,0.24884823952789248,0.2211984366806096,1.7850381420679728,1.0832741335112168,1357,498.8933436963172,1.2535025873341679,-0.0739414093196529
2019-01-13,Everton,Bournemouth,2,0,H,,,,2018/19,9,2,,,,False,,0.5309349042625103,0.23282196898540505,0.23624312675208434,1.9709866350331617,1.264846091896605,1357,498.8933436963172,1.2535025873341679,-0.0739414093196529
2019-01-14,Man City,Wolves,3,0,H,,,,2018/19,18,33,,,,False,,0.7569883839434901,0.1657645413899496,0.07724707466656025,2.394781596646422,0.6490738920147746,1359,499.8925581280879,1.2530938188868708,-0.06595822546927749
2019-01-19,Arsenal,Chelsea,2,0,H,,,,2018/19,0,7,,,,False,,0.38655117652359283,0.2529048468493004,0.3605439766271069,1.5774153633224186,1.5174446036513431,1360,495.9085939009089,1.2553314990997753,-0.06587762063129808
2019-01-19,Bournemouth,West Ham,2,0,H,,,,2018/19,2,32,,,,False,,0.41858881659272296,0.24346099288392714,0.3379501905233497,1.7332569318655116,1.5422559148883737,1360,495.9085939009089,1.2553314990997753,-0.06587762063129808
2019-01-19,Liverpool,Crystal Palace,4,3,H,,,,2018/19,16,8,,,,False,,0.759470681195827,0.16578653542540378,0.07474278337876904,2.3757306979259347,0.6254155232533877,1360,495.9085939009089,1.2553314990997753,-0.06587762063129808
2019-01-19,Man United,Brighton,2,1,H,,,,2018/19,19,4,,,,False,,0.6559498686763492,0.2237395291718145,0.12031060215183624,1.896802981075911,0.6840775565315029,1360,495.9085939009089,1.2553314990997753,-0.06587762063129808
2019-01-19,Newcastle,Cardiff,3,0,H,,,,2018/19,21,6,,,,False,,0.4984694709584718,0.2950354775238395,0.20649505151768882,1.3681202007340854,0.7841197957163394,1360,495.9085939009089,1.2553314990997753,-0.06587762063129808
2019-01-19,Southampton,Everton,2,1,H,,,,2018/19,25,9,,,,False,,0.3522470281242805,0.28059253924238825,0.3671604326333315,1.2826468559452546,1.3144605590995524,1360,495.9085939009089,1.2553314990997753,-0.06587762063129808
2019-01-19,Watford,Burnley,0,0,D,,,,2018/19,30,5,,,,False,,0.4688795176073037,0.27556737900633166,0.25555310338636483,1.4965783217995419,1.0419897196687358,1360,495.9085939009089,1.2553314990997753,-0.06587762063129808
2019-01-19,Wolves,Leicester,4,3,H,,,,2018/19,33,15,,,,False,,0.38717493570438294,0.30259083831999256,0.3102342259756243,1.210298689620868,1.0553744283155204,1360,495.9085939009089,1.2553314990997753,-0.06587762063129808
2019-01-20,Fulham,Tottenham,1,2,A,,,,2018/19,10,29,,,,False,,0.07151298930982429,0.1432287041798447,0.7852583065103315,0.7394569562649714,2.7224152259431658,1368,502.9017838587526,1.2663871815367547,-0.06985000740142865
2019-01-20,Huddersfield,Man City,0,3,A,,,,2018/19,11,18,,,,False,,0.051346929534390295,0.14544221453077796,0.8032108559348317,0.4974942363466391,2.473162101212178,1368,502.9017838587526,1.2663871815367547,-0.06985000740142865
2019-01-29,Newcastle,Man City,2,1,H,,,,2018/19,21,18,,,,False,,0.10668703041776635,0.20410313532956328,0.6892098342526702,0.6929207109684701,2.0727794844840783,1370,495.89485727426006,1.2664490515165052,-0.069997980899815
2019-01-29,Wolves,West Ham,3,0,H,,,,2018/19,33,32,,,,False,,0.4684092244309241,0.2686004262584234,0.2629903493106527,1.5632813286639309,1.11538329172259,1370,495.89485727426006,1.2664490515165052,-0.069997980899815
2019-01-29,Huddersfield,Everton,0,1,A,,,,2018/19,11,9,,,,False,,0.20253808041132976,0.2929274246961942,0.5045344948924761,0.7840753076763457,1.391616744971126,1370,495.89485727426006,1.2664490515165052,-0.069997980899815
2019-01-29,Arsenal,Cardiff,2,1,H,,,,2018/19,0,6,,,,False,,0.8170929377842919,0.12305656715820536,0.05985049505750291,2.988361243017999,0.7496430714629145,1370,495.89485727426006,1.2664490515165052,-0.069997980899815
2019-01-29,Fulham,Brighton,4,2,H,,,,2018/19,10,4,,,,False,,0.27952516353452644,0.2892096093851189,0.43126522708035464,1.0504726688835602,1.3655542866123485,1370,495.89485727426006,1.2664490515165052,-0.069997980899815
2019-01-29,Man United,Burnley,2,2,D,,,,2018/19,19,5,,,,False,,0.6952607584473091,0.20310886164170838,0.10163037991098273,2.064169625754021,0.6624222227702098,1370,495.89485727426006,1.2664490515165052,-0.069997980899815
2019-01-30,Bournemouth,Chelsea,4,0,H,,,,2018/19,2,7,,,,False,,0.2095608279711288,0.23730470768093828,0.5531344643479332,1.0905202031505477,1.8888766033863769,1376,500.8920706805674,1.2727255787985903,-0.06597463643244736
2019-01-30,Liverpool,Leicester,1,1,D,,,,2018/19,16,15,,,,False,,0.7427848730574714,0.165662433016324,0.09155269392620452,2.4986142942745366,0.7843586327092517,1376,500.8920706805674,1.2727255787985903,-0.06597463643244736
2019-01-30,Southampton,Crystal Palace,1,1,D,,,,2018/19,25,8,,,,False,,0.40143442923288375,0.2914985582090233,0.3070670125580931,1.301842461419884,1.1066846023466774,1376,500.8920706805674,1.2727255787985903,-0.06597463643244736
2019-01-30,Tottenham,Watford,2,1,H,,,,2018/19,29,30,,,,False,,0.7619996178176949,0.15666054444642166,0.08133983773588385,2.5672235440915623,0.7452541385377136,1376,500.8920706805674,1.2727255787985903,-0.06597463643244736
2019-02-02,Brighton,Watford,0,0,D,,,,2018/19,4,30,,,,False,,0.41028131564117226,0.29134532001707014,0.29837336434175804,1.330904476349561,1.0984501627248522,1380,501.87178816487324,1.2768671704509955,-0.07379700308488751
2019-02-02,Burnley,Southampton,1,1,D,,,,2018/19,5,25,,,,False,,0.38675070492847663,0.30355904713430637,0.3096902479372172,1.2179498243830669,1.0623587816708997,1380,501.87178816487324,1.2768671704509955,-0.07379700308488751
2019-02-02,Cardiff,Bournemouth,2,0,H,,,,2018/19,6,2,,,,False,,0.2831913000687505,0.26103828597543943,0.4557704139558101,1.2410964695505171,1.6280661704531243,1380,501.87178816487324,1.2768671704509955,-0.07379700308488751
2019-02-02,Chelsea,Huddersfield,5,0,H,,,,2018/19,7,11,,,,False,,0.7636139086585126,0.17770699304836832,0.0586790982931189,2.130032917749805,0.4419671743379059,1380,501.87178816487324,1.2768671704509955,-0.07379700308488751
2019-02-02,Crystal Palace,Fulham,2,0,H,,,,2018/19,8,10,,,,False,,0.6081464009278036,0.22457265844372343,0.16728094062847348,2.008869163925762,0.9670240859266938,1380,501.87178816487324,1.2768671704509955,-0.07379700308488751
2019-02-02,Everton,Wolves,1,3,A,,,,2018/19,9,33,,,,False,,0.42172577816859236,0.28304930683984464,0.295224914991563,1.405305584535675,1.1371224245987075,1380,501.87178816487324,1.2768671704509955,-0.07379700308488751
2019-02-02,Tottenham,Newcastle,1,0,H,,,,2018/19,29,21,,,,False,,0.7113408052241581,0.19716200063982858,0.09149719413601318,2.0966937578402187,0.622273866561149,1380,501.87178816487324,1.2768671704509955,-0.07379700308488751
2019-02-03,Man City,Arsenal,3,1,H,,,,2018/19,18,0,,,,False,,0.6956497489191695,0.17283557174684,0.13151467933399033,2.659835751600083,1.1197908186298549,1387,507.85506165396316,1.283740234330581,-0.08138074128721855
2019-02-03,Leicester,Man United,0,1,A,,,,2018/19,15,19,,,,False,,0.2867026557037995,0.2719704131200945,0.441326931176106,1.1941237290799203,1.5326862826448442,1387,507.85506165396316,1.283740234330581,-0.08138074128721855
2019-02-04,West Ham,Liverpool,1,1,D,,,,2018/19,32,16,,,,False,,0.1472427441523275,0.20677194649506597,0.6459853093526066,0.9641892335994101,2.191315278761455,1389,508.8363705613116,1.2835280625986347,-0.07648858536236253
2019-02-06,Everton,Man City,0,2,A,,,,2018/19,9,18,,,,False,,0.1484883669626033,0.20299516541272686,0.6485164676246697,1.0055384837919972,2.2552214641026063,1390,507.8010983372101,1.2859652556970453,-0.08029868016227747
2019-02-09,Brighton,Burnley,1,3,A,,,,2018/19,4,5,,,,False,,0.42452872731530367,0.3120931255586549,0.2633781471260415,1.230552667993849,0.9124212733288671,1391,505.75743187755967,1.2849890546179106,-0.08032254780412366
2019-02-09,Crystal Palace,West Ham,1,1,D,,,,2018/19,8,32,,,,False,,0.4516057235347843,0.27221223385663734,0.2761820426085784,1.5395450024121453,1.1568152849960844,1391,505.75743187755967,1.2849890546179106,-0.08032254780412366
2019-02-09,Fulham,Man United,0,3,A,,,,2018/19,10,19,,,,False,,0.12387204853470944,0.1950848820054833,0.6810430694598073,0.8841739080834108,2.278744310802624,1391,505.75743187755967,1.2849890546179106,-0.08032254780412366
2019-02-09,Huddersfield,Arsenal,1,2,A,,,,2018/19,11,0,,,,False,,0.11362271446767018,0.21316223476680027,0.6732150507655297,0.7117770944755325,2.0210134657557264,1391,505.75743187755967,1.2849890546179106,-0.08032254780412366
2019-02-09,Liverpool,Bournemouth,3,0,H,,,,2018/19,16,2,,,,False,,0.8049724230432838,0.1295909125470353,0.06543666440968103,2.9538537528970825,0.7886182083420923,1391,505.75743187755967,1.2849890546179106,-0.08032254780412366
2019-02-09,Southampton,Cardiff,1,2,A,,,,2018/19,25,6,,,,False,,0.5448157707799672,0.26581851202282736,0.1893657171972048,1.627381608575311,0.8636555211974944,1391,505.75743187755967,1.2849890546179106,-0.08032254780412366
2019-02-09,Watford,Everton,1,0,H,,,,2018/19,30,9,,,,False,,0.37885192523022443,0.2772620766401347,0.343885998129641,1.3909800504044532,1.3150196300810038,1391,505.75743187755967,1.2849890546179106,-0.08032254780412366
2019-02-10,Man City,Chelsea,6,0,H,,,,2018/19,18,7,,,,False,,0.6241697252130529,0.21672021262377927,0.15911006216316737,2.0983917939705803,0.9767836093279747,1398,511.73294184533347,1.2784544128939335,-0.07812571726035313
2019-02-10,Tottenham,Leicester,3,1,H,,,,2018/19,29,15,,,,False,,0.6890093747143526,0.19424551512087282,0.1167451101647749,2.255233118148711,0.8324915037195941,1398,511.73294184533347,1.2784544128939335,-0.07812571726035313
2019-02-11,Wolves,Newcastle,1,1,D,,,,2018/19,33,21,,,,False,,0.5049989899125424,0.2947497554440036,0.2002512546434538,1.393743073341478,0.7806246011460568,1400,512.7065027428915,1.2873431160248818,-0.07838501976394081
2019-02-22,West Ham,Fulham,3,1,H,,,,2018/19,32,10,,,,False,,0.6475544071930853,0.2034193153614386,0.14902627744547595,2.2554963221110214,1.0093135919610392,1401,502.52836999054125,1.2864148090483118,-0.08201201215093075
2019-02-22,Cardiff,Watford,1,5,A,,,,2018/19,6,30,,,,False,,0.3311558543001354,0.29085742069295767,0.3779867250069069,1.1993622860579007,1.2976059932101827,1401,502.52836999054125,1.2864148090483118,-0.08201201215093075
2019-02-23,Bournemouth,Wolves,1,1,D,,,,2018/19,2,33,,,,False,,0.3506582038200635,0.2698541637727368,0.3794876324071997,1.3872892468303268,1.451251232143682,1403,503.520321634932,1.2799612510247318,-0.08138962028270434
2019-02-23,Burnley,Tottenham,2,1,H,,,,2018/19,5,29,,,,False,,0.15332151719708742,0.23698362635231573,0.6096948564505966,0.8329336325506121,1.868202949883917,1403,503.520321634932,1.2799612510247318,-0.08138962028270434
2019-02-23,Leicester,Crystal Palace,1,4,A,,,,2018/19,15,8,,,,False,,0.4742187576957846,0.27663938864158893,0.24914185366262656,1.5239720298061243,1.041618177655394,1403,503.520321634932,1.2799612510247318,-0.08138962028270434
2019-02-23,Newcastle,Huddersfield,2,0,H,,,,2018/19,21,11,,,,False,,0.5524103429399965,0.30791906529724,0.13967059176276397,1.3082886274051506,0.5235890788821524,1403,503.520321634932,1.2799612510247318,-0.08138962028270434
2019-02-24,Arsenal,Southampton,2,0,H,,,,2018/19,0,25,,,,False,,0.6764747417202529,0.19329732783829298,0.13022793044145448,2.3376582827179786,0.9498129001907649,1407,506.5062953559498,1.2792459123493487,-0.08384288645127805
2019-02-24,Man United,Liverpool,0,0,D,,,,2018/19,19,16,,,,False,,0.32812954582924847,0.2835022044958933,0.3883682496748581,1.2414867085629704,1.3703938509281193,1407,506.5062953559498,1.2792459123493487,-0.08384288645127805
2019-02-26,Cardiff,Everton,0,3,A,,,,2018/19,6,9,,,,False,,0.2594161482603044,0.271447003259701,0.46913684847999443,1.1214050097602082,1.5806056138302331,1409,506.4763328062415,1.2816206987642023,-0.08918074520392798
2019-02-26,Huddersfield,Wolves,1,0,H,,,,2018/19,11,33,,,,False,,0.16702897573124967,0.3005867607456306,0.53238426352312,0.6531812367484,1.372210504875796,1409,506.4763328062415,1.2816206987642023,-0.08918074520392798
2019-02-26,Leicester,Brighton,2,1,H,,,,2018/19,15,4,,,,False,,0.516285271795405,0.2717134823301088,0.21200124587448624,1.5974936464173446,0.942679625863582,1409,506.4763328062415,1.2816206987642023,-0.08918074520392798
2019-02-26,Newcastle,Burnley,2,0,H,,,,2018/19,21,5,,,,False,,0.42530243158294884,0.3222707385959757,0.2524268298210753,1.1884569419681614,0.8537336396410699,1409,506.4763328062415,1.2816206987642023,-0.08918074520392798
2019-02-27,Liverpool,Watford,5,0,H,,,,2018/19,16,30,,,,False,,0.7731316890014434,0.15498828357525712,0.07188002742329948,2.560304382415951,0.6844887839927114,1413,509.4564004129996,1.283800293721669,-0.08237789164430322
2019-02-27,Southampton,Fulham,2,0,H,,,,2018/19,25,10,,,,False,,0.596546011922401,0.23402916386735426,0.16942482421024477,1.9263541228060337,0.9373146370995178,1413,509.4564004129996,1.283800293721669,-0.08237789164430322
2019-02-27,Man City,West Ham,1,0,H,,,,2018/19,18,32,,,,False,,0.8509208577638671,0.10315765941953862,0.04592148281659378,3.2733398968631926,0.7288927434010258,1413,509.4564004129996,1.283800293721669,-0.08237789164430322
2019-02-27,Crystal Palace,Man United,1,3,A,,,,2018/19,8,19,,,,False,,0.24299718685334604,0.2812956248604169,0.47570718828623704,0.9972032823194865,1.4894930333182403,1413,509.4564004129996,1.283800293721669,-0.08237789164430322
2019-02-27,Chelsea,Tottenham,2,0,H,,,,2018/19,7,29,,,,False,,0.3594831671160796,0.2728749515467679,0.3676418813371525,1.3871677615389875,1.4051350113187615,1413,509.4564004129996,1.283800293721669,-0.08237789164430322
2019-02-27,Arsenal,Bournemouth,5,1,H,,,,2018/19,0,2,,,,False,,0.6983786892093407,0.17097661757555296,0.13064469321510627,2.6912816018167156,1.1311960041779985,1413,509.4564004129996,1.283800293721669,-0.08237789164430322
2019-03-02,Bournemouth,Man City,0,1,A,,,,2018/19,2,18,,,,False,,0.09749805152255268,0.15604532528409648,0.7464566231933512,0.9410480451511098,2.7466663356463856,1419,512.3729216971,1.2930044832745997,-0.07987612237570538
2019-03-02,Brighton,Huddersfield,1,0,H,,,,2018/19,4,11,,,,False,,0.5382551835758704,0.30259473492695865,0.1591500814971703,1.3435248159226572,0.6075499604647275,1419,512.3729216971,1.2930044832745997,-0.07987612237570538
2019-03-02,Burnley,Crystal Palace,1,3,A,,,,2018/19,5,8,,,,False,,0.3712564614944614,0.2996269080738201,0.3291166304317184,1.225954552297836,1.139595079304829,1419,512.3729216971,1.2930044832745997,-0.07987612237570538
2019-03-02,Man United,Southampton,3,2,H,,,,2018/19,19,25,,,,False,,0.6840472994135739,0.2080635225206477,0.10788917806577827,2.056231089506429,0.6969641402958999,1419,512.3729216971,1.2930044832745997,-0.07987612237570538
2019-03-02,Tottenham,Arsenal,1,1,D,,,,2018/19,29,0,,,,False,,0.5632263850431976,0.22233741990203423,0.21443619505476852,2.1106121053473363,1.253164900679283,1419,512.3729216971,1.2930044832745997,-0.07987612237570538
2019-03-02,West Ham,Newcastle,2,0,H,,,,2018/19,32,21,,,,False,,0.4267722580829887,0.30000435657464136,0.27322338534236973,1.3064270234500546,0.9941885822023531,1419,512.3729216971,1.2930044832745997,-0.07987612237570538
2019-03-02,Wolves,Cardiff,2,0,H,,,,2018/19,33,6,,,,False,,0.6631492915533236,0.21701071986982629,0.11983998857684984,1.9978112523823868,0.7329082031449928,1419,512.3729216971,1.2930044832745997,-0.07987612237570538
2019-03-03,Everton,Liverpool,0,0,D,,,,2018/19,9,16,,,,False,,0.17395350558076386,0.23671987619071921,0.5893266182285167,0.9385707524924622,1.8933831477730054,1426,518.335213907398,1.2936050259921084,-0.07824215558197896
2019-03-03,Fulham,Chelsea,1,2,A,,,,2018/19,10,7,,,,False,,0.11451111058177166,0.1868084118076311,0.6986804776105968,0.8626774890604303,2.347559134045056,1426,518.335213907398,1.2936050259921084,-0.07824215558197896
2019-03-03,Watford,Leicester,2,1,H,,,,2018/19,30,15,,,,False,,0.397183069518174,0.27057361097733024,0.3322433195044955,1.472534895379862,1.3291922352267331,1426,518.335213907398,1.2936050259921084,-0.07824215558197896
2019-03-09,Man City,Watford,3,1,H,,,,2018/19,18,30,,,,False,,0.8486276807330888,0.10751101601287702,0.0438613032540346,3.1260844830712844,0.6558933196612989,1429,515.1165777807237,1.298626367760614,-0.08386567207003963
2019-03-09,Newcastle,Everton,3,2,H,,,,2018/19,21,9,,,,False,,0.3636441892343172,0.31611925017500997,0.32023656059067285,1.1263667169423743,1.0406549329055166,1429,515.1165777807237,1.298626367760614,-0.08386567207003963
2019-03-09,Leicester,Fulham,3,1,H,,,,2018/19,15,10,,,,False,,0.6913695202742847,0.18884962389348603,0.11978085583222946,2.3576440903242912,0.9004060879995046,1429,515.1165777807237,1.298626367760614,-0.08386567207003963
2019-03-09,Southampton,Tottenham,2,1,H,,,,2018/19,25,29,,,,False,,0.17994867886006258,0.24721744097199796,0.5728338801679393,0.9201693337832024,1.803974540189556,1429,515.1165777807237,1.298626367760614,-0.08386567207003963
2019-03-09,Crystal Palace,Brighton,1,2,A,,,,2018/19,8,4,,,,False,,0.502762097975047,0.28185480336851776,0.21538309865643515,1.4997953094595864,0.8979994049723281,1429,515.1165777807237,1.298626367760614,-0.08386567207003963
2019-03-09,Cardiff,West Ham,2,0,H,,,,2018/19,6,32,,,,False,,0.2555690587698079,0.2667358896084124,0.47769505162178,1.1265666260825407,1.6167431823786784,1429,515.1165777807237,1.298626367760614,-0.08386567207003963
2019-03-09,Huddersfield,Bournemouth,0,2,A,,,,2018/19,11,2,,,,False,,0.23962486289121693,0.29947450841670453,0.46090062869207843,0.9018304947810079,1.3498498267072547,1429,515.1165777807237,1.298626367760614,-0.08386567207003963
2019-03-10,Chelsea,Wolves,1,1,D,,,,2018/19,7,33,,,,False,,0.5697478934262374,0.2539605203537966,0.17629158621996582,1.7350982028370072,0.8677958936526834,1436,521.0733881625104,1.3014764056548138,-0.08379711995183506
2019-03-10,Liverpool,Burnley,4,2,H,,,,2018/19,16,5,,,,False,,0.8036049242569206,0.14243518084887355,0.05395989489420599,2.5861501954146027,0.5614528402840807,1436,521.0733881625104,1.3014764056548138,-0.08379711995183506
2019-03-10,Arsenal,Man United,2,0,H,,,,2018/19,0,19,,,,False,,0.42254586582822357,0.2552225052130645,0.322231628958712,1.6622463066385285,1.4305549440285714,1436,521.0733881625104,1.3014764056548138,-0.08379711995183506
2019-03-16,Bournemouth,Newcastle,2,2,D,,,,2018/19,2,21,,,,False,,0.42235447149383143,0.28906741985943873,0.2885781086467297,1.391334033042687,1.109644275756538,1439,517.8220903070869,1.3026278441043566,-0.08825287923171515
2019-03-16,Burnley,Leicester,1,2,A,,,,2018/19,5,15,,,,False,,0.3579239829228902,0.2843028389315363,0.35777317814557336,1.3139847003600986,1.313661364924966,1439,517.8220903070869,1.3026278441043566,-0.08825287923171515
2019-03-16,West Ham,Huddersfield,4,3,H,,,,2018/19,32,11,,,,False,,0.6325484323562841,0.24933608564025272,0.11811548200346324,1.704328261600632,0.6027904021110149,1439,517.8220903070869,1.3026278441043566,-0.08825287923171515
2019-03-17,Everton,Chelsea,2,0,H,,,,2018/19,9,7,,,,False,,0.2921540004335078,0.2750841087320249,0.43276189083446703,1.2016720600902768,1.5084582315885844,1442,519.781487076571,1.2987487934683064,-0.08691985026373185
2019-03-17,Fulham,Liverpool,1,2,A,,,,2018/19,10,16,,,,False,,0.05723625626512539,0.12962591832045053,0.8131378254144244,0.6888329392679531,2.8661397148917307,1442,519.781487076571,1.2987487934683064,-0.08691985026373185
2019-03-30,Brighton,Southampton,0,1,A,,,,2018/19,4,25,,,,False,,0.39776171528389637,0.3066194957768309,0.2956187889392732,1.239458464090551,1.0333394510687839,1444,508.3900119669373,1.3053092991117918,-0.08668378095222257
2019-03-30,Burnley,Wolves,2,0,H,,,,2018/19,5,33,,,,False,,0.3079731789707129,0.3062383950101478,0.38578842601913926,1.0660573991250952,1.2234450645192743,1444,508.3900119669373,1.3053092991117918,-0.08668378095222257
2019-03-30,Crystal Palace,Huddersfield,2,0,H,,,,2018/19,8,11,,,,False,,0.6327908702288745,0.24882722697774254,0.11838190279338254,1.706105572324115,0.6039934409581597,1444,508.3900119669373,1.3053092991117918,-0.08668378095222257
2019-03-30,Fulham,Man City,0,2,A,,,,2018/19,10,18,,,,False,,0.04139247279034705,0.10053743214609848,0.858070095063555,0.6777867896804562,3.260939036082117,1444,508.3900119669373,1.3053092991117918,-0.08668378095222257
2019-03-30,Leicester,Bournemouth,2,0,H,,,,2018/19,15,2,,,,False,,0.524365104725376,0.2391862204665186,0.23644867480810544,1.9246074294843094,1.242060072768968,1444,508.3900119669373,1.3053092991117918,-0.08668378095222257
2019-03-30,Man United,Watford,2,1,H,,,,2018/19,19,30,,,,False,,0.6785222248680965,0.20305870170339677,0.11841907342850636,2.1712145623687293,0.807110308529663,1444,508.3900119669373,1.3053092991117918,-0.08668378095222257
2019-03-30,West Ham,Everton,0,2,A,,,,2018/19,32,9,,,,False,,0.39965477550316836,0.2697466374243132,0.3305985870725183,1.5015691581763686,1.3479748920573604,1444,508.3900119669373,1.3053092991117918,-0.08668378095222257
2019-03-31,Liverpool,Tottenham,2,1,H,,,,2018/19,16,29,,,,False,,0.5296832971094964,0.2529727626277495,0.21734394026275392,1.7572698002942655,1.0534601435289457,1451,514.3602620361842,1.3085664209696022,-0.08068981122427031
2019-03-31,Cardiff,Chelsea,1,2,A,,,,2018/19,6,7,,,,False,,0.14448258845762518,0.2243424707986823,0.6311749407436925,0.8480794436551179,1.9838142507101026,1451,514.3602620361842,1.3085664209696022,-0.08068981122427031
2019-04-01,Arsenal,Newcastle,2,0,H,,,,2018/19,0,21,,,,False,,0.650926731500638,0.2141866028247257,0.13488666567463625,2.0755683926213453,0.8452215177232999,1453,515.3285735444996,1.3092358870976917,-0.08066825338214302
2019-04-02,Watford,Fulham,4,1,H,,,,2018/19,30,10,,,,False,,0.6445623578499202,0.2108759854414356,0.14456165670864446,2.14300525775607,0.9278595073180125,1454,515.2969483664637,1.3108647578998058,-0.08093842064113344
2019-04-02,Wolves,Man United,2,1,H,,,,2018/19,33,19,,,,False,,0.2802493881980401,0.29585605076565114,0.4238945610363088,1.036594510856808,1.332206131790568,1454,515.2969483664637,1.3108647578998058,-0.08093842064113344
2019-04-03,Chelsea,Brighton,3,0,H,,,,2018/19,7,4,,,,False,,0.66998896588371,0.2162808210608924,0.11373021305539718,1.9884236169735263,0.6983642208407294,1456,516.2633883742429,1.3159895846909537,-0.08065353289736987
2019-04-03,Man City,Cardiff,2,0,H,,,,2018/19,18,6,,,,False,,0.9230779065605891,0.05988861738098984,0.017033476058420656,3.747760450967674,0.4840775520781805,1456,516.2633883742429,1.3159895846909537,-0.08065353289736987
2019-04-03,Tottenham,Crystal Palace,2,0,H,,,,2018/19,29,8,,,,False,,0.6928793335719197,0.19486219368979307,0.11225847273828692,2.234752866979111,0.7993389394557331,1456,516.2633883742429,1.3159895846909537,-0.08065353289736987
2019-04-05,Southampton,Liverpool,1,3,A,,,,2018/19,25,16,,,,False,,0.14817666354081646,0.23298202493372588,0.6188413115254574,0.8241308012253672,1.8990878544972825,1459,517.1904833945779,1.3187012741077409,-0.08084343999329839
2019-04-06,Bournemouth,Burnley,1,3,A,,,,2018/19,2,5,,,,False,,0.4790128735643354,0.26035725948033867,0.26062986695532575,1.6710815061913304,1.1809210685804086,1460,517.1551381181803,1.3166881630764775,-0.08133169584218164
2019-04-06,Huddersfield,Leicester,1,4,A,,,,2018/19,11,15,,,,False,,0.1952650009071458,0.2888646654914783,0.515870333601376,0.7894208661641574,1.4430362834912371,1460,517.1551381181803,1.3166881630764775,-0.08133169584218164
2019-04-06,Newcastle,Crystal Palace,0,1,A,,,,2018/19,21,8,,,,False,,0.3989071102815614,0.3112889730544303,0.2898039166640082,1.2044599476915463,0.9875828099944036,1460,517.1551381181803,1.3166881630764775,-0.08133169584218164
2019-04-07,Everton,Arsenal,1,0,H,,,,2018/19,9,0,,,,False,,0.31650041686330393,0.2530703188769878,0.43042926425970823,1.4136087640649593,1.6768111754337816,1463,519.1158674590265,1.3050192622895624,-0.07567714087111357
2019-04-08,Chelsea,West Ham,2,0,H,,,,2018/19,7,32,,,,False,,0.6687862912675422,0.19863880875826728,0.13257489997419045,2.231095280599496,0.9028512256185841,1464,519.0766752627022,1.3079660346968884,-0.06819060253607469
2019-04-12,Leicester,Newcastle,0,1,A,,,,2018/19,15,21,,,,False,,0.49573873884470704,0.27909967618205617,0.22516158497323688,1.4882845768587314,0.9215098519757867,1465,515.9326600229506,1.3094495937454163,-0.06817332200901334
2019-04-13,Tottenham,Huddersfield,4,0,H,,,,2018/19,29,11,,,,False,,0.8530181557585603,0.1132195983769268,0.03376224586451308,2.747418598916207,0.42558432596444057,1466,515.8998278793257,1.3067292645326987,-0.06172609935914007
2019-04-13,Man United,West Ham,2,1,H,,,,2018/19,19,32,,,,False,,0.6828101981699722,0.19408253674083586,0.1231072650891922,2.239794410992184,0.8526083853123997,1466,515.8998278793257,1.3067292645326987,-0.06172609935914007
2019-04-13,Southampton,Wolves,3,1,H,,,,2018/19,25,33,,,,False,,0.35291617913139345,0.29904234527720014,0.3480414755914061,1.1616954089224079,1.1518032262062845,1466,515.8998278793257,1.3067292645326987,-0.06172609935914007
2019-04-13,Burnley,Cardiff,2,0,H,,,,2018/19,5,6,,,,False,,0.5612870224472726,0.25370532412740643,0.18500765342532152,1.6952924868399364,0.8731264163633056,1466,515.8998278793257,1.3067292645326987,-0.06172609935914007
2019-04-13,Fulham,Everton,2,0,H,,,,2018/19,10,9,,,,False,,0.2073677013072341,0.24145424577448873,0.5511780529182775,1.044971027880101,1.8312666407035403,1466,515.8998278793257,1.3067292645326987,-0.06172609935914007
2019-04-13,Brighton,Bournemouth,0,5,A,,,,2018/19,4,2,,,,False,,0.40999614859610034,0.2758564381699126,0.3141474132339875,1.417541071351089,1.2116145169788861,1466,515.8998278793257,1.3067292645326987,-0.06172609935914007
2019-04-14,Crystal Palace,Man City,1,3,A,,,,2018/19,8,18,,,,False,,0.13436643614146587,0.21009764549838417,0.6555359183601497,0.8319559874288558,2.0730836796318295,1472,520.857071327704,1.3096349136676684,-0.06094711537516318
2019-04-14,Liverpool,Chelsea,2,0,H,,,,2018/19,16,7,,,,False,,0.5948201023607024,0.23238526629277034,0.17279463134652723,1.8973558922201432,0.9271744661596919,1472,520.857071327704,1.3096349136676684,-0.06094711537516318
2019-04-15,Watford,Arsenal,0,1,A,,,,2018/19,30,0,,,,False,,0.2644863299024215,0.23721855525146537,0.49829511484611316,1.3256739342379862,1.8796350026653104,1474,521.812402202397,1.3100124184749664,-0.060728202041219
2019-04-16,Brighton,Cardiff,0,2,A,,,,2018/19,4,6,,,,False,,0.4989593453094867,0.28259547757302605,0.21844517711748723,1.4372125924444996,0.8609275161020051,1475,521.7678223260618,1.3095182915715733,-0.05513271961025735
2019-04-20,Bournemouth,Fulham,0,1,A,,,,2018/19,2,10,,,,False,,0.656321721985069,0.1911024617796812,0.1525758162352498,2.3720151323099143,1.0780193513407175,1476,518.6023637973234,1.3050933653658898,-0.05498656754420605
2019-04-20,Huddersfield,Watford,1,2,A,,,,2018/19,11,30,,,,False,,0.2150946692369,0.2868039678099217,0.4981013629531783,0.8310282734561899,1.40589609269112,1476,518.6023637973234,1.3050933653658898,-0.05498656754420605
2019-04-20,Man City,Tottenham,1,0,H,,,,2018/19,18,29,,,,False,,0.594286200795682,0.22477785847898488,0.18093594072533276,1.980277281260473,1.0070827047142257,1476,518.6023637973234,1.3050933653658898,-0.05498656754420605
2019-04-20,Newcastle,Southampton,3,1,H,,,,2018/19,21,25,,,,False,,0.4196909106834808,0.3066132285776568,0.2736958607388623,1.213975921578868,0.9261722812883705,1476,518.6023637973234,1.3050933653658898,-0.05498656754420605
2019-04-20,West Ham,Leicester,2,2,D,,,,2018/19,32,15,,,,False,,0.40242236210547044,0.2584073515845384,0.339170286309991,1.5340539341218176,1.3917278790783136,1476,518.6023637973234,1.3050933653658898,-0.05498656754420605
2019-04-20,Wolves,Brighton,0,0,D,,,,2018/19,33,4,,,,False,,0.5743910725586524,0.2593306902064489,0.16627823723489915,1.618559508121044,0.7530668516107467,1476,518.6023637973234,1.3050933653658898,-0.05498656754420605
2019-04-21,Arsenal,Crystal Palace,2,3,A,,,,2018/19,0,8,,,,False,,0.6537873364510189,0.19912737551532425,0.147085288033657,2.2117570830431728,0.9595979039735338,1482,523.5542075753361,1.3019186255200355,-0.04583007474300004
2019-04-21,Cardiff,Liverpool,0,2,A,,,,2018/19,6,16,,,,False,,0.07921228016575106,0.1632774315997769,0.7575102882344721,0.6506581171385585,2.3909686746081187,1482,523.5542075753361,1.3019186255200355,-0.04583007474300004
2019-04-21,Everton,Man United,4,0,H,,,,2018/19,9,19,,,,False,,0.29667758730290084,0.2726650281725401,0.4306573845245591,1.1517931141898092,1.4382513953806886,1482,523.5542075753361,1.3019186255200355,-0.04583007474300004
2019-04-22,Chelsea,Burnley,2,2,D,,,,2018/19,7,5,,,,False,,0.6675883654456923,0.20567328909593496,0.1267383454583725,2.061600676226169,0.779948872580452,1485,525.5021515668792,1.304364027823637,-0.04462089248582682
2019-04-23,Tottenham,Brighton,1,0,H,,,,2018/19,29,4,,,,False,,0.7827239651878819,0.15285591340471194,0.06442012140740613,2.4238997269091556,0.5634697918108788,1486,525.4501995663966,1.3018007271392058,-0.04474284193348743
2019-04-23,Watford,Southampton,1,1,D,,,,2018/19,30,25,,,,False,,0.4636006652067755,0.2624633921008651,0.2739359426923592,1.5574720522221446,1.142963424359013,1486,525.4501995663966,1.3018007271392058,-0.04474284193348743
2019-04-24,Man United,Man City,0,2,A,,,,2018/19,19,18,,,,False,,0.24726018388833515,0.2535714382226535,0.4991683778890113,1.1082877377732683,1.6688489645944014,1488,526.3963533647475,1.3002627107445566,-0.046818738853362823
2019-04-24,Wolves,Arsenal,3,1,H,,,,2018/19,33,0,,,,False,,0.3026156090731666,0.2617779730244005,0.4356064179024329,1.2439820476689503,1.5373742794118437,1488,526.3963533647475,1.3002627107445566,-0.046818738853362823
2019-04-26,Liverpool,Huddersfield,5,0,H,,,,2018/19,16,11,,,,False,,0.8990418640300433,0.0806295303794302,0.0203286055905264,3.09982516354968,0.35699104745212307,1490,526.2869894915194,1.3016279237939974,-0.04659815678428823
2019-04-27,Watford,Wolves,1,2,A,,,,2018/19,30,33,,,,False,,0.38108617049433396,0.28112627810392826,0.337787551401738,1.2999852515917596,1.2089683940804046,1491,526.2334693838175,1.3053036438958956,-0.04687554809661385
2019-04-27,Tottenham,West Ham,0,1,A,,,,2018/19,29,32,,,,False,,0.741306106527938,0.1639473182199642,0.09474657525209752,2.4932925221207185,0.793542129314248,1491,526.2334693838175,1.3053036438958956,-0.04687554809661385
2019-04-27,Southampton,Bournemouth,3,3,D,,,,2018/19,25,2,,,,False,,0.4687513659404035,0.2510439879948035,0.28020464606479306,1.6749589710657644,1.248148516452152,1491,526.2334693838175,1.3053036438958956,-0.04687554809661385
2019-04-27,Crystal Palace,Everton,0,0,D,,,,2018/19,8,9,,,,False,,0.40168459350310576,0.2750874895773238,0.32322791691957037,1.3791819194131036,1.2117957728918134,1491,526.2334693838175,1.3053036438958956,-0.04687554809661385
2019-04-27,Brighton,Newcastle,1,1,D,,,,2018/19,4,21,,,,False,,0.3151322420442996,0.3293511990033142,0.35551655895238615,0.9181254133441404,0.9938448284582145,1491,526.2334693838175,1.3053036438958956,-0.04687554809661385
2019-04-27,Fulham,Cardiff,1,0,H,,,,2018/19,10,6,,,,False,,0.4319021502162817,0.2740226931547485,0.29407515662896955,1.431454263718748,1.1377491376571127,1491,526.2334693838175,1.3053036438958956,-0.04687554809661385
2019-04-28,Burnley,Man City,0,1,A,,,,2018/19,5,18,,,,False,,0.1040754714045921,0.18220189879528276,0.7137226298001251,0.7486071472966347,2.2655577705614336,1497,531.1700662026985,1.2993060546019997,-0.0429554729343503
2019-04-28,Leicester,Arsenal,3,0,H,,,,2018/19,15,0,,,,False,,0.3233500022361129,0.23843233064588845,0.43821766711799853,1.4933205370532179,1.7651298462490814,1497,531.1700662026985,1.2993060546019997,-0.0429554729343503
2019-04-28,Man United,Chelsea,1,1,D,,,,2018/19,19,7,,,,False,,0.4445733395609432,0.2648929897202818,0.2905336707187755,1.5127591065258468,1.1774921600181931,1497,531.1700662026985,1.2993060546019997,-0.0429554729343503
2019-05-03,Everton,Burnley,2,0,H,,,,2018/19,9,5,,,,False,,0.5359422772567151,0.25559523418447966,0.2084624885588054,1.6461348485580722,0.9343250112864498,1500,528.8549852377638,1.3060379414659429,-0.043519038611515834
2019-05-04,West Ham,Southampton,3,0,H,,,,2018/19,32,25,,,,False,,0.47056307843776257,0.25552210393366104,0.27391481762857633,1.624512029279052,1.1867664897192007,1501,528.7963342711386,1.3084333201924883,-0.04344242404418092
2019-05-04,Wolves,Fulham,1,0,H,,,,2018/19,33,10,,,,False,,0.6750049309750531,0.20271153922188012,0.12228352980306678,2.0795096598572935,0.7647729998963879,1501,528.7963342711386,1.3084333201924883,-0.04344242404418092
2019-05-04,Cardiff,Crystal Palace,2,3,A,,,,2018/19,6,8,,,,False,,0.2619557066808866,0.28314461778549177,0.4548996755336221,0.983702377986945,1.3817996432483324,1501,528.7963342711386,1.3084333201924883,-0.04344242404418092
2019-05-04,Bournemouth,Tottenham,1,0,H,,,,2018/19,2,29,,,,False,,0.1957922321175202,0.21917993580773917,0.5850278320747402,1.105300225631139,2.0393409171712364,1501,528.7963342711386,1.3084333201924883,-0.04344242404418092
2019-05-04,Newcastle,Liverpool,2,3,A,,,,2018/19,21,16,,,,False,,0.1531334145388986,0.2463811769295288,0.6004854085315727,0.7298027101549203,1.6948584855310276,1501,528.7963342711386,1.3084333201924883,-0.04344242404418092
2019-05-05,Arsenal,Brighton,1,1,D,,,,2018/19,0,4,,,,False,,0.7285062561537725,0.17290286386196685,0.09859087998426024,2.342605049286889,0.7455673398016448,1506,532.7298084838922,1.3144286185595448,-0.033864797625222036
2019-05-05,Chelsea,Watford,3,0,H,,,,2018/19,7,30,,,,False,,0.6603096700776484,0.20076917036335504,0.13892115955899642,2.1322746157857675,0.8712160355410533,1506,532.7298084838922,1.3144286185595448,-0.033864797625222036
2019-05-05,Huddersfield,Man United,1,1,D,,,,2018/19,11,19,,,,False,,0.10786435230134796,0.21356324141066269,0.6785724062879892,0.6074905959420969,1.893593274570441,1506,532.7298084838922,1.3144286185595448,-0.033864797625222036
2019-05-06,Man City,Leicester,1,0,H,,,,2018/19,18,15,,,,False,,0.807122084401747,0.12972641226391374,0.0631515033343393,2.8017220976251727,0.69188571550369,1509,534.6594196125919,1.3174662527285546,-0.04155987478413691
2019-05-12,Southampton,Huddersfield,1,1,D,,,,2018/19,25,11,,,,False,,0.6415253266390032,0.23171539133920238,0.12675928202179465,1.7774042618157377,0.6498042768520607,1510,529.2699202472413,1.3161807652461266,-0.039048796463444196
2019-05-12,Man United,Cardiff,0,2,A,,,,2018/19,19,6,,,,False,,0.770514584478542,0.15570310875167379,0.07378230676978445,2.4443556886675437,0.6321837832529732,1510,529.2699202472413,1.3161807652461266,-0.039048796463444196
2019-05-12,Liverpool,Wolves,2,0,H,,,,2018/19,16,33,,,,False,,0.7181695965583693,0.1841959976452369,0.09763440579639361,2.1968430335012177,0.6805869052556286,1510,529.2699202472413,1.3161807652461266,-0.039048796463444196
2019-05-12,Leicester,Chelsea,0,0,D,,,,2018/19,15,7,,,,False,,0.32063109995173805,0.2628104957845925,0.4165584042636694,1.2734073421242802,1.4838644055384305,1510,529.2699202472413,1.3161807652461266,-0.039048796463444196
2019-05-12,Watford,West Ham,1,4,A,,,,2018/19,30,32,,,,False,,0.4364682098856641,0.25466968478504914,0.30886210532928676,1.585522864646559,1.2994760833858727,1510,529.2699202472413,1.3161807652461266,-0.039048796463444196
2019-05-12,Crystal Palace,Bournemouth,5,3,H,,,,2018/19,8,2,,,,False,,0.5137141897467806,0.23807871804148237,0.24820709221173673,1.820411918368136,1.205488647816957,1510,529.2699202472413,1.3161807652461266,-0.039048796463444196
2019-05-12,Fulham,Newcastle,0,4,A,,,,2018/19,10,21,,,,False,,0.28076995403619287,0.2886362796507607,0.43059376631304636,1.0041877697121124,1.309525818629827,1510,529.2699202472413,1.3161807652461266,-0.039048796463444196
2019-05-12,Tottenham,Everton,2,2,D,,,,2018/19,29,9,,,,False,,0.62357108444914,0.2233341798698837,0.1530947356809768,1.911697490720639,0.8333137375707776,1510,529.2699202472413,1.3161807652461266,-0.039048796463444196
2019-05-12,Burnley,Arsenal,1,3,A,,,,2018/19,5,0,,,,False,,0.27042310311187573,0.24502482088155958,0.4845520760065648,1.2413798253582202,1.730773302305226,1510,529.2699202472413,1.3161807652461266,-0.039048796463444196
2019-05-12,Brighton,Man City,1,4,A,,,,2018/19,4,18,,,,False,,0.0797780422455295,0.17888305672933205,0.7413389010251382,0.5666228245202464,2.1690679921546185,1510,529.2699202472413,1.3161807652461266,-0.039048796463444196
2019-08-09,Liverpool,Norwich,4,1,H,1.14,9.52,19.18,2019/20,16,22,0.8480434867420056,0.10155142593339142,0.05040508732460303,True,0.0343726426413824,0.8274128063701719,0.1214677728406188,0.051119420789209065,2.821325433057186,0.6004820617167975,1520,451.3378739663208,1.290197589905549,-0.04638988790521665
2019-08-10,Bournemouth,Sheffield United,1,1,D,1.98,3.58,3.96,2019/20,2,24,0.4870748299319728,0.26938775510204077,0.2435374149659864,True,0.036905366514305094,0.4318435196699453,0.2513161591609835,0.31684032116907096,1.6286803728414714,1.3666851694320643,1521,451.4341022913204,1.2908807009636172,-0.04648161372869946
2019-08-10,Burnley,Southampton,3,0,H,2.65,3.18,2.88,2019/20,5,25,0.36317780580075665,0.3026481715006305,0.33417402269861285,True,0.03904612159329135,0.43375950854870654,0.2757291320150015,0.29051135943629197,1.4198264010634079,1.1162045303103953,1521,451.4341022913204,1.2908807009636172,-0.04648161372869946
2019-08-10,Tottenham,Aston Villa,3,1,H,1.36,5.29,8.82,2019/20,29,1,0.7085746741708859,0.18216664591160775,0.10925867991750622,True,0.037708719278511715,0.8022268743559874,0.13799821326431372,0.05977491237969887,2.62136342007638,0.600649633432508,1521,451.4341022913204,1.2908807009636172,-0.04648161372869946
2019-08-10,Watford,Brighton,0,3,A,2.07,3.27,4.04,2019/20,30,4,0.46611272823498284,0.29506218576342946,0.23882508600158772,True,0.036426937468377885,0.5065418312484601,0.2691208277988852,0.2243373409526547,1.5290146469281845,0.9317028216829695,1521,451.4341022913204,1.2908807009636172,-0.04648161372869946
2019-08-10,West Ham,Man City,0,5,A,11.14,6.46,1.26,2019/20,32,18,0.0864623477274369,0.14910070490458932,0.7644369473679737,True,0.03821616208296286,0.12268496694764278,0.18774734933431247,0.6895676837180446,0.8641200817949455,2.2840498167802026,1521,451.4341022913204,1.2908807009636172,-0.04648161372869946
2019-08-10,Crystal Palace,Everton,0,0,D,3.41,3.37,2.23,2019/20,8,9,0.28240471081616314,0.28575669551427785,0.43183859366955896,True,0.038421530282862326,0.39838709151083507,0.2717805792815829,0.3298323292075822,1.3977874367219085,1.2501695878343906,1521,451.4341022913204,1.2908807009636172,-0.04648161372869946
2019-08-11,Leicester,Wolves,0,0,D,2.41,3.14,3.29,2019/20,15,33,0.39999380490883535,0.3070016145956348,0.29300458049552985,True,0.037360464696872375,0.43086516414732223,0.2846417926986016,0.284493043154076,1.3726049354870897,1.0674608897436533,1527,456.520148345335,1.2813655128247112,-0.057380831224887345
2019-08-11,Man United,Chelsea,4,0,H,2.05,3.36,3.99,2019/20,19,7,0.47083118224057824,0.28726307249797184,0.24190574526144995,True,0.036050492083868235,0.4040318372918629,0.27800596787392023,0.3179621948342171,1.3830232246800407,1.199608790742007,1527,456.520148345335,1.2813655128247112,-0.057380831224887345
2019-08-11,Newcastle,Arsenal,0,1,A,3.36,3.51,2.2,2019/20,21,0,0.28698211657672923,0.2747179235606297,0.43829995986264103,True,0.03706478706478711,0.30043407154762447,0.2680795351518106,0.4314863933005648,1.2151598707832278,1.5012411635178369,1527,456.520148345335,1.2813655128247112,-0.057380831224887345
2019-08-17,Man City,Tottenham,2,2,D,1.36,5.47,8.2,2019/20,18,29,0.7069723162666363,0.17577373859645803,0.11725394513690555,True,0.040060693649199175,0.6267007069946625,0.22164985368258092,0.15164943932275637,1.9767727751803792,0.8687464435840713,1530,454.0388600701435,1.2873751137581713,-0.05916068862342723
2019-08-17,Southampton,Liverpool,1,2,A,6.48,4.56,1.5,2019/20,25,16,0.14834478450968142,0.21080574640849467,0.6408494690818237,True,0.04028589993502285,0.12227650969179173,0.19790369660761625,0.6798197937005918,0.8185602603115785,2.179628827082968,1530,454.0388600701435,1.2873751137581713,-0.05916068862342723
2019-08-17,Norwich,Newcastle,3,1,H,2.15,3.44,3.55,2019/20,22,21,0.4483030781373322,0.2801894238358327,0.27150749802683505,True,0.037504094333442595,0.3437158829651834,0.28964534846880097,0.36663876856601546,1.1928866670182587,1.2404262642038968,1530,454.0388600701435,1.2873751137581713,-0.05916068862342723
2019-08-17,Everton,Watford,1,0,H,1.83,3.69,4.56,2019/20,9,30,0.5270784584590229,0.26139663386992196,0.21152490767105528,True,0.036749043072829224,0.5705129274954118,0.2407325466137339,0.1887545258908545,1.8206985697222549,0.9561365019306576,1530,454.0388600701435,1.2873751137581713,-0.05916068862342723
2019-08-17,Aston Villa,Bournemouth,1,2,A,2.26,3.62,3.12,2019/20,1,2,0.4257731803308353,0.2658141954551623,0.30841262421400245,True,0.03923379054166709,0.3394656346816001,0.2511351530204242,0.4093992122979757,1.4624519782717196,1.623646563259806,1530,454.0388600701435,1.2873751137581713,-0.05916068862342723
2019-08-17,Arsenal,Burnley,2,1,H,1.36,5.27,8.77,2019/20,0,5,0.7076446549884172,0.18261797548088188,0.10973736953070097,True,0.03907252384898485,0.6616811961919649,0.1973565047698008,0.1409622990382344,2.2529721865891976,0.9545483487000169,1530,454.0388600701435,1.2873751137581713,-0.05916068862342723
2019-08-17,Brighton,West Ham,1,1,D,2.23,3.44,3.34,2019/20,4,32,0.4317937539930099,0.279912811454771,0.28829343455221923,True,0.03852936529693762,0.3530493557223073,0.28354689127279253,0.36340375300490013,1.2516262663893507,1.2734451363755594,1530,454.0388600701435,1.2873751137581713,-0.05916068862342723
2019-08-18,Chelsea,Leicester,1,1,D,1.73,3.84,5.0,2019/20,7,15,0.5566314519963356,0.2507740656129324,0.1925944823907321,True,0.038451348747591485,0.5640747784734232,0.24233736980975934,0.19358785171681758,1.8037489337629087,0.9670940624746934,1537,460.1177038133121,1.2879780767891156,-0.05755591369955728
2019-08-18,Sheffield United,Crystal Palace,1,0,H,2.51,3.24,3.01,2019/20,24,8,0.38335056348491936,0.2969783686256628,0.3196710678894178,True,0.03927426343189655,0.4184431382975751,0.2947370056443864,0.2868198560580387,1.2889926448627913,1.021183027560601,1537,460.1177038133121,1.2879780767891156,-0.05755591369955728
2019-08-19,Wolves,Man United,1,1,D,3.0,3.29,2.49,2019/20,33,19,0.3208549238018024,0.29257287884662836,0.38657219735156917,True,0.03889112681729956,0.31917686135067025,0.2974827167508413,0.3833404218984884,1.0895473861831315,1.2197529288246498,1539,461.1943920252442,1.2884702699902826,-0.05772517225952308
2019-08-23,Aston Villa,Everton,2,0,H,3.02,3.4,2.42,2019/20,1,9,0.3188603493977772,0.2832230162297903,0.39791663437243263,True,0.03846661536926077,0.2213566852601315,0.2661301323490425,0.512513182390826,0.9619575491354418,1.5886427797688316,1540,458.51158774775405,1.288896957137585,-0.06187858921290329
2019-08-24,Brighton,Southampton,0,2,A,2.36,3.29,3.23,2019/20,4,25,0.4085008399355729,0.29302795813007654,0.29847120193435045,True,0.03727770456029145,0.38948649392815843,0.2973989902886207,0.31311451578322075,1.237770405332409,1.082428867218301,1541,458.5934829830581,1.2936589469061848,-0.061786600006163886
2019-08-24,Liverpool,Arsenal,3,1,H,1.47,4.96,6.34,2019/20,16,0,0.6543508387886152,0.19393059133452914,0.15171856987685559,True,0.039613718693949584,0.6576767406828598,0.1949330524087205,0.14739020690841995,2.3159487851912566,1.0229576631139572,1541,458.5934829830581,1.2936589469061848,-0.061786600006163886
2019-08-24,Man United,Crystal Palace,1,2,A,1.35,5.28,9.26,2019/20,19,8,0.7135364219854119,0.18243828971217918,0.10402528830240887,True,0.038126040825824825,0.5947554191003731,0.23357638833800334,0.17166819256162333,1.8849680248901888,0.9158589320052818,1541,458.5934829830581,1.2936589469061848,-0.061786600006163886
2019-08-24,Norwich,Chelsea,2,3,A,4.16,3.89,1.85,2019/20,22,7,0.23158562054906048,0.24765968675683592,0.5207546926941036,True,0.03799456466551576,0.2808996398831473,0.24478650721624953,0.474313852900603,1.3303019198490211,1.780750931520284,1541,458.5934829830581,1.2936589469061848,-0.061786600006163886
2019-08-24,Sheffield United,Leicester,1,2,A,3.23,3.27,2.36,2019/20,24,15,0.29793723288845303,0.2942927407430285,0.4077700263685184,True,0.03913673433265319,0.42251142906042294,0.31884404511182607,0.258644525827751,1.1611525949639596,0.8462934247364075,1541,458.5934829830581,1.2936589469061848,-0.061786600006163886
2019-08-24,Watford,West Ham,1,3,A,2.21,3.52,3.32,2019/20,30,32,0.43601414777560554,0.2737475189159342,0.29023833330846033,True,0.03778441615082295,0.4006700551185421,0.26004495913426295,0.33928498574719523,1.531574120789349,1.393471057724963,1541,458.5934829830581,1.2936589469061848,-0.061786600006163886
2019-08-25,Wolves,Burnley,1,1,D,1.79,3.48,5.21,2019/20,33,5,0.5382311293449189,0.27684877055385193,0.18492010010122933,True,0.037954119370685824,0.49526353834809983,0.28525034580792547,0.21948611584397484,1.4261233935551878,0.8610301961359698,1547,463.6652245849096,1.2782681879734576,-0.06040698922485104
2019-08-25,Tottenham,Newcastle,0,1,A,1.28,6.02,10.99,2019/20,29,21,0.7523921730962123,0.15997707334936076,0.0876307535544269,True,0.03835476754766498,0.6573820758534621,0.22075816639929477,0.12185975774724318,1.9188595600158653,0.6986235370967214,1547,463.6652245849096,1.2782681879734576,-0.06040698922485104
2019-08-25,Bournemouth,Man City,1,3,A,16.35,8.47,1.17,2019/20,2,18,0.05915514144548926,0.11418967681626323,0.8266551817382476,True,0.033926688638948876,0.0946276056295598,0.15442728949926646,0.7509451048711737,0.8898643791036924,2.6970059084618563,1547,463.6652245849096,1.2782681879734576,-0.06040698922485104
2019-08-31,Burnley,Liverpool,0,3,A,8.83,5.43,1.35,2019/20,5,16,0.10908823043577255,0.1773939364176559,0.7135178331465716,True,0.0381530864815498,0.1348719580449756,0.21096724168334594,0.6541608002716784,0.8223212544608113,2.0523807794602313,1550,461.09870778870913,1.2728249218232295,-0.05625932238962267
2019-08-31,Chelsea,Sheffield United,2,2,D,1.41,4.78,8.32,2019/20,7,24,0.682850108000261,0.20142649629296402,0.11572339570677499,True,0.038617186768838074,0.5684465578144061,0.2625884361541122,0.1689650060314821,1.59564835158039,0.7532793043238449,1550,461.09870778870913,1.2728249218232295,-0.05625932238962267
2019-08-31,Crystal Palace,Aston Villa,1,0,H,2.27,3.4,3.29,2019/20,8,1,0.424157164904085,0.28318728362713913,0.292655551468776,True,0.03859764920121189,0.5614775438896809,0.244286798593016,0.1942356575173033,1.7809358992003579,0.956543875134701,1550,461.09870778870913,1.2728249218232295,-0.05625932238962267
2019-08-31,Leicester,Bournemouth,3,1,H,1.67,4.03,5.16,2019/20,15,2,0.5753622506716544,0.2384255480450776,0.18621220128326796,True,0.04073980263836119,0.548949916438432,0.22854566847419433,0.22250441508737365,1.976055377946131,1.1973707433709915,1550,461.09870778870913,1.2728249218232295,-0.05625932238962267
2019-08-31,Man City,Brighton,4,0,H,1.09,11.5,31.01,2019/20,18,4,0.8850085705231083,0.08388342103219026,0.031108008444701327,True,0.03663537644418269,0.8658000418059729,0.10163766960789851,0.032562288586128696,2.944383214002619,0.46640949621703354,1550,461.09870778870913,1.2728249218232295,-0.05625932238962267
2019-08-31,Newcastle,Watford,1,1,D,2.53,3.19,3.01,2019/20,21,30,0.3797033363782679,0.30114402540345386,0.31915263821827833,True,0.040962454441761276,0.49456710043756835,0.27643537193012585,0.22899752763230583,1.4850539709556385,0.9286730792167763,1550,461.09870778870913,1.2728249218232295,-0.05625932238962267
2019-08-31,Southampton,Man United,1,1,D,4.06,3.52,1.97,2019/20,25,19,0.23728604767347167,0.2736878845324701,0.4890260677940583,True,0.038010541008090426,0.25146422028668025,0.26225366019205315,0.4862821195212664,1.087446878927209,1.601677880165955,1550,461.09870778870913,1.2728249218232295,-0.05625932238962267
2019-08-31,West Ham,Norwich,2,0,H,1.9,4.0,3.81,2019/20,32,22,0.5066657801123707,0.24066624555337612,0.25266797433425314,True,0.03878298107473399,0.5026741036945702,0.21821771936642087,0.2791081769390088,2.1221695112072556,1.558381081071997,1550,461.09870778870913,1.2728249218232295,-0.05625932238962267
2019-09-01,Arsenal,Tottenham,2,2,D,2.58,3.63,2.65,2019/20,0,29,0.3725326176617523,0.26477524891661736,0.36269213342163054,True,0.04043748345475562,0.37719283456265246,0.2547792603293014,0.368027905108046,1.528682216862756,1.507731213386249,1558,468.16144794539497,1.2767489616188852,-0.060808057021383366
2019-09-01,Everton,Wolves,3,2,H,2.07,3.26,4.01,2019/20,9,33,0.46486140497484135,0.29517273260672444,0.23996586241843432,True,0.03921681230077345,0.4262237665613056,0.30422356511478227,0.26955266832391206,1.245652540217398,0.9342164924661198,1558,468.16144794539497,1.2767489616188852,-0.060808057021383366
2019-09-14,Sheffield United,Southampton,0,1,A,2.48,3.25,3.04,2019/20,24,25,0.3877672768375773,0.2958962604791359,0.31633646268328675,True,0.039865482564973354,0.5056276644114134,0.27100262607678055,0.2233697095118064,1.5415532427560141,0.9417352615280586,1560,458.09479651445577,1.277122392710226,-0.06026801637057819
2019-09-14,Tottenham,Crystal Palace,4,0,H,1.41,4.94,7.7,2019/20,29,8,0.6809475048513794,0.1943595104940172,0.12469298465460324,True,0.04151913782372918,0.6403385676874073,0.2172725891582791,0.1423888431543137,2.008661168876663,0.8403073068648208,1560,458.09479651445577,1.277122392710226,-0.06026801637057819
2019-09-14,Norwich,Man City,3,2,H,25.99,11.87,1.09,2019/20,22,18,0.03699101720651391,0.08099381105284723,0.8820151717406389,True,0.04015352802834293,0.07697072329707437,0.13514757954437348,0.787881697158552,0.855346309043554,2.9117975133940552,1560,458.09479651445577,1.277122392710226,-0.06026801637057819
2019-09-14,Wolves,Chelsea,2,5,A,3.05,3.4,2.39,2019/20,33,7,0.31513835295030157,0.28269764014659404,0.40216400690310444,True,0.040396541358844074,0.31970469338393426,0.2894831191815152,0.39081218743455065,1.1398024625686611,1.2872348784135843,1560,458.09479651445577,1.277122392710226,-0.06026801637057819
2019-09-14,Liverpool,Newcastle,3,1,H,1.2,7.31,14.15,2019/20,16,21,0.8006633717397446,0.13143584761801552,0.06790078064223982,True,0.040803617033961403,0.7433397715910052,0.17789463418003676,0.07876559422895787,2.2267832289312715,0.5920367334271724,1560,458.09479651445577,1.277122392710226,-0.06026801637057819
2019-09-14,Brighton,Burnley,1,1,D,2.13,3.38,3.64,2019/20,4,5,0.45139750071544404,0.2844605551845846,0.2641419440999714,True,0.04006683096607255,0.34882281000059484,0.30553356115734204,0.3456436288420626,1.1153064938778876,1.1089618290133418,1560,458.09479651445577,1.277122392710226,-0.06026801637057819
2019-09-14,Man United,Leicester,1,0,H,2.13,3.35,3.7,2019/20,19,15,0.45218247815697793,0.28750706820130234,0.2603104536417197,True,0.0382613010319548,0.5359433822893173,0.25092707492800875,0.21312954278267388,1.730411253455798,1.0101637084520143,1560,458.09479651445577,1.277122392710226,-0.06026801637057819
2019-09-15,Watford,Arsenal,2,2,D,4.08,3.88,1.87,2019/20,30,0,0.23621872924507417,0.2483949524020368,0.5153863183528891,True,0.03758935626734283,0.23960476837054887,0.2300455462162412,0.5303496854132097,1.2592975400965547,1.9533435116461662,1567,464.1655364912034,1.2796477367373071,-0.05266540139946719
2019-09-15,Bournemouth,Everton,3,1,H,3.32,3.51,2.21,2019/20,2,9,0.2900121506682868,0.27431348724179827,0.4356743620899149,True,0.03859379196019885,0.35631211011200714,0.2563719389783748,0.3873159509096182,1.4476931282660024,1.517834782431317,1567,464.1655364912034,1.2796477367373071,-0.05266540139946719
2019-09-16,Aston Villa,West Ham,0,0,D,2.73,3.61,2.53,2019/20,1,32,0.3526983452723446,0.2667220173389199,0.38057963738873557,True,0.0385655935457212,0.3237567580435842,0.27714452356818353,0.39909871838823235,1.21088626437853,1.3713759267625296,1569,465.2341371280506,1.2845265273841386,-0.05254721500703897
2019-09-20,Southampton,Bournemouth,1,3,A,2.18,3.56,3.34,2019/20,25,2,0.44149054670211346,0.27035095275578863,0.2881585005420981,True,0.03901567033955988,0.44595593461086697,0.2493922352253417,0.30465183016379105,1.6947665231187228,1.3691185642080117,1570,462.5191438175447,1.2855700521290003,-0.05838953408783581
2019-09-21,Burnley,Norwich,2,0,H,2.02,3.73,3.62,2019/20,5,22,0.47628890707452665,0.2579366199170359,0.26577447300843754,True,0.03938911361845521,0.40585687173966456,0.24760458583700232,0.3465385424233333,1.6497122149020325,1.5115343199233788,1571,462.5930319504806,1.2807750052521358,-0.05821782178958677
2019-09-21,Everton,Sheffield United,0,2,A,1.76,3.56,5.21,2019/20,9,24,0.5457937544875643,0.26983062019609916,0.18437562531633647,True,0.0410192742408233,0.4833863006070626,0.2926222646382826,0.22399143475465497,1.3643748945877927,0.8418723572745263,1571,462.5930319504806,1.2807750052521358,-0.05821782178958677
2019-09-21,Leicester,Tottenham,2,1,H,2.71,3.44,2.63,2019/20,15,29,0.3548352937023716,0.2795359435852986,0.36562876271232975,True,0.0399295013376344,0.2698750716932775,0.2681447043921577,0.4619802239145647,1.1193834110713718,1.5362133888222202,1571,462.5930319504806,1.2807750052521358,-0.05821782178958677
2019-09-21,Man City,Watford,8,0,H,1.1,10.72,24.55,2019/20,18,30,0.8715216261056452,0.08942852506681061,0.03904984882754419,True,0.04310768873646942,0.869437989809991,0.09357155575839912,0.03699045443160976,3.2541439764697944,0.6126063429102422,1571,462.5930319504806,1.2807750052521358,-0.05821782178958677
2019-09-21,Newcastle,Brighton,0,0,D,2.4,3.2,3.23,2019/20,21,4,0.40111766532132875,0.30083824899099654,0.29804408568767465,True,0.038764189886481004,0.5091022578867759,0.2961106618111884,0.19478708030203595,1.3510258010007326,0.7296329116138658,1571,462.5930319504806,1.2807750052521358,-0.05821782178958677
2019-09-22,Arsenal,Aston Villa,3,2,H,1.42,5.07,7.23,2019/20,0,1,0.6772852494637126,0.189693304583525,0.13302144595276236,True,0.03977659733516292,0.703018257376331,0.19261983478148006,0.10436190784218877,2.184935020024591,0.7252118655842877,1576,466.6587804494977,1.2915160536408368,-0.06371649492137804
2019-09-22,Chelsea,Liverpool,1,2,A,3.25,3.7,2.17,2019/20,7,16,0.2962020179661705,0.2601774482135281,0.4436205338203014,True,0.03879207105013549,0.2742812380341303,0.2575362729047679,0.46818248906110205,1.2147006001655656,1.6498631927967453,1576,466.6587804494977,1.2915160536408368,-0.06371649492137804
2019-09-22,Crystal Palace,Wolves,1,1,D,2.75,3.11,2.83,2019/20,8,33,0.35014302025357746,0.3096119954010733,0.34024498434534917,True,0.038536662455856296,0.4327772224815803,0.2817171373247945,0.28550564019362495,1.4088502511443692,1.0981883435394635,1576,466.6587804494977,1.2915160536408368,-0.06371649492137804
2019-09-22,West Ham,Man United,2,0,H,3.08,3.48,2.34,2019/20,32,19,0.3123734118946787,0.2764684220217271,0.41115816608359423,True,0.0393820738648325,0.2987026559457599,0.26845863182653257,0.43283871222770776,1.2199258002058029,1.513600125468969,1576,466.6587804494977,1.2915160536408368,-0.06371649492137804
2019-09-28,Wolves,Watford,2,0,H,1.93,3.45,4.29,2019/20,33,30,0.49768483491208426,0.278414994602992,0.22390017048492364,True,0.04109002058990807,0.5448654308819482,0.2500190646173007,0.20511550450075142,1.7550361990338048,0.9941150189245284,1580,465.04462737224253,1.2929174530321403,-0.06795646432064523
2019-09-28,Sheffield United,Liverpool,0,1,A,8.92,5.33,1.35,2019/20,24,16,0.10774755132814524,0.18032047989625805,0.7119319687755966,True,0.04046562484711891,0.18933085053987708,0.2737181556924943,0.5369509937676288,0.8090471245740023,1.535560854897715,1580,465.04462737224253,1.2929174530321403,-0.06795646432064523
2019-09-28,Everton,Man City,1,3,A,8.67,5.55,1.35,2019/20,9,18,0.11130423156628116,0.1738752590413798,0.714820509392339,True,0.0362611746694792,0.1364641121110901,0.21000645738286683,0.6535294305060431,0.8580142893633387,2.0979952795266157,1580,465.04462737224253,1.2929174530321403,-0.06795646432064523
2019-09-28,Tottenham,Southampton,2,1,H,1.39,5.07,8.29,2019/20,29,25,0.6935612954965866,0.19014796858782154,0.11629073591559173,True,0.0372903809699332,0.7177768969797738,0.1829579583376483,0.09926514468257777,2.2973457199010703,0.7464021859469598,1580,465.04462737224253,1.2929174530321403,-0.06795646432064523
2019-09-28,Chelsea,Brighton,2,0,H,1.43,4.74,7.74,2019/20,7,4,0.672747276928155,0.20295962152051927,0.12429310155132575,True,0.03947012984398923,0.6957794492487837,0.20141772267685945,0.10280282807435691,2.0832347971597027,0.6756298379200316,1580,465.04462737224253,1.2929174530321403,-0.06795646432064523
2019-09-28,Bournemouth,West Ham,2,2,D,2.39,3.61,2.89,2019/20,2,32,0.4017614054274701,0.2659860828176326,0.3322525117548974,True,0.04143911333598638,0.43501363560642153,0.24243103246993708,0.32255533192364155,1.7757292822748834,1.5086912572501985,1580,465.04462737224253,1.2929174530321403,-0.06795646432064523
2019-09-28,Aston Villa,Burnley,2,2,D,2.31,3.41,3.19,2019/20,1,5,0.41639647985178324,0.2820750347383047,0.301528485409912,True,0.039635188689693734,0.36278099908907707,0.3053711264530765,0.33184787445784636,1.1560006383184274,1.093956160859739,1580,465.04462737224253,1.2929174530321403,-0.06795646432064523
2019-09-28,Crystal Palace,Norwich,2,0,H,1.91,3.8,3.95,2019/20,8,22,0.5034800838574424,0.2530649895178197,0.2434549266247379,True,0.039882661122951246,0.5045082238417262,0.23982124572976388,0.2556705304285102,1.8689926539562218,1.282992677971587,1580,465.04462737224253,1.2929174530321403,-0.06795646432064523
2019-09-29,Leicester,Newcastle,5,0,H,1.53,4.18,6.92,2019/20,15,21,0.6300693116322432,0.23062345617161056,0.13930723219614627,True,0.03733789152282685,0.4876599824792241,0.2884280659316821,0.22391195158909388,1.4101113625937272,0.8709725600762299,1588,472.09948357634187,1.2952251266419292,-0.06597123916478564
2019-09-30,Man United,Arsenal,1,1,D,2.24,3.55,3.21,2019/20,19,0,0.4294047381292415,0.27094834180549326,0.2996469200652651,True,0.03964519202442074,0.46339483084271926,0.24970508914094613,0.28690008001633466,1.726850110899051,1.3201736314677501,1589,472.1542301776723,1.302647203084557,-0.06520587233918816
2019-10-05,West Ham,Crystal Palace,1,2,A,2.0,3.65,3.76,2019/20,32,8,0.4808015695067265,0.26345291479820626,0.25574551569506726,True,0.039930049548236646,0.4472296227925985,0.2682100625983721,0.2845603146090295,1.5453187494596148,1.1885512430576215,1590,468.4462669251201,1.3022042034413057,-0.06940024225023418
2019-10-05,Watford,Sheffield United,0,0,D,2.35,3.28,3.23,2019/20,30,24,0.40916235724851213,0.29314985961402545,0.2976877831374624,True,0.040007486893919086,0.29713746488504267,0.31242105227218725,0.3904414828427702,0.9819937872709812,1.1657717422040716,1590,468.4462669251201,1.3022042034413057,-0.06940024225023418
2019-10-05,Norwich,Aston Villa,1,5,A,2.42,3.6,2.86,2019/20,22,1,0.39708128287799077,0.2669268623790938,0.33599185474291526,True,0.04065126792399543,0.4902879754070826,0.25352536984989604,0.25618665474302127,1.7176465368578377,1.187099096210787,1590,468.4462669251201,1.3022042034413057,-0.06940024225023418
2019-10-05,Burnley,Everton,1,0,H,3.19,3.24,2.4,2019/20,5,9,0.3017743212406278,0.2971173101103712,0.4011083686490011,True,0.038788265799760024,0.37145632324509814,0.28850690322868966,0.3400367735262123,1.2765722355437674,1.2107842866606764,1590,468.4462669251201,1.3022042034413057,-0.06940024225023418
2019-10-05,Brighton,Tottenham,3,0,H,4.92,3.91,1.73,2019/20,4,29,0.19599224642237295,0.24661939959030052,0.5573883539873266,True,0.03704119030457487,0.15259641977931904,0.25254424309988316,0.5948593371207975,0.7389558452338063,1.693419695394009,1590,468.4462669251201,1.3022042034413057,-0.06940024225023418
2019-10-05,Liverpool,Leicester,2,1,H,1.58,4.36,5.65,2019/20,16,15,0.6090017750396789,0.22069330379878271,0.17030492116153853,True,0.03926034101267861,0.7151972625949488,0.18266166032884337,0.10214107707620758,2.320468731744931,0.7740557069846606,1590,468.4462669251201,1.3022042034413057,-0.06940024225023418
2019-10-06,Arsenal,Bournemouth,1,0,H,1.36,5.72,7.57,2019/20,0,2,0.7055077979887511,0.16774311280851426,0.12674908920273467,True,0.042219688773422526,0.675110067181784,0.1744358438621751,0.15045408895604087,2.6859268645565737,1.2440539449276007,1596,473.49832265152486,1.299403411312409,-0.06905864973180399
2019-10-06,Man City,Wolves,0,2,A,1.14,8.99,20.26,2019/20,18,33,0.8452541831722683,0.10718462389503736,0.047561192932694264,True,0.03778602924389518,0.8032504870290356,0.13733747017767972,0.059412042793284665,2.6944960034537924,0.6351301783273735,1596,473.49832265152486,1.299403411312409,-0.06905864973180399
2019-10-06,Newcastle,Man United,1,0,H,3.9,3.31,2.08,2019/20,21,19,0.24671573651355636,0.29069225752352557,0.46259200596291805,True,0.039294290804864795,0.2681684357691231,0.3017782379117764,0.43005332631910065,0.9541635855046169,1.2793951777694315,1596,473.49832265152486,1.299403411312409,-0.06905864973180399
2019-10-06,Southampton,Chelsea,1,4,A,4.66,4.2,1.71,2019/20,25,7,0.2068393495878765,0.22949318311416772,0.5636674672979558,True,0.03748283441077649,0.2499829600834839,0.25902517653850377,0.49099186337801226,1.1263308702590706,1.66309802286017,1596,473.49832265152486,1.299403411312409,-0.06905864973180399
2019-10-19,Leicester,Burnley,2,1,H,1.5,4.41,6.85,2019/20,15,5,0.6413898531800376,0.21815981400681553,0.14045033281314695,True,0.039409437741033004,0.5523663048597515,0.25063765510124153,0.19699604003900667,1.7234365808123564,0.9372504511738485,1600,465.24337098870103,1.289659042155457,-0.05830854200355105
2019-10-19,Wolves,Southampton,1,1,D,2.07,3.26,4.03,2019/20,33,25,0.46541566736691453,0.295524672223777,0.23905966040930843,True,0.03797921151365946,0.5444029019015459,0.2574810843205897,0.19811601377786472,1.658621984727489,0.9059779112574735,1600,465.24337098870103,1.289659042155457,-0.05830854200355105
2019-10-19,Tottenham,Watford,1,1,D,1.51,4.49,6.54,2019/20,29,30,0.638084828519836,0.21458977529286238,0.14732539618730156,True,0.0378740036263876,0.7521446926787413,0.1603595839830417,0.08749572333821676,2.532645404918047,0.7686635329846083,1600,465.24337098870103,1.289659042155457,-0.05830854200355105
2019-10-19,Everton,West Ham,2,0,H,1.81,4.0,4.25,2019/20,9,32,0.5323729742425429,0.24089877084475064,0.22672825491270648,True,0.037780305492362665,0.4676680646031631,0.2638301521716561,0.26850178322518053,1.579006541187881,1.1419473048530444,1600,465.24337098870103,1.289659042155457,-0.05830854200355105
2019-10-19,Bournemouth,Norwich,0,0,D,1.76,4.24,4.29,2019/20,2,22,0.547839915186854,0.2274052478134111,0.22475483699973497,True,0.03713110788582474,0.608462779155199,0.19389238765419398,0.19764483319060713,2.458967688453217,1.3736778852832279,1600,465.24337098870103,1.289659042155457,-0.05830854200355105
2019-10-19,Chelsea,Newcastle,1,0,H,1.28,6.01,10.93,2019/20,7,21,0.7518303814129158,0.1601236086869438,0.08804600990014019,True,0.03913065940724003,0.6247484579742207,0.23063805082989683,0.14461349119588257,1.8643865940465396,0.7800234229907151,1600,465.24337098870103,1.289659042155457,-0.05830854200355105
2019-10-19,Crystal Palace,Man City,0,2,A,12.15,7.23,1.22,2019/20,8,18,0.0791169640526657,0.13295589394742577,0.7879271419999085,True,0.04028924434187875,0.13721203665852708,0.20440614433337054,0.6583818190081023,0.8802558681499296,2.1449386600352196,1600,465.24337098870103,1.289659042155457,-0.05830854200355105
2019-10-19,Aston Villa,Brighton,2,1,H,2.39,3.45,3.03,2019/20,1,4,0.4029767893696007,0.27916363089662194,0.31785957973377743,True,0.038298117605102266,0.5157103956659418,0.26853247920541107,0.21575712512864692,1.560554350944208,0.9218884506518938,1600,465.24337098870103,1.289659042155457,-0.05830854200355105
2019-10-20,Man United,Liverpool,1,1,D,4.06,3.48,1.98,2019/20,19,16,0.23712574850299403,0.27664670658682633,0.48622754491017967,True,0.03871224560879738,0.2474694477566965,0.2704702527122861,0.4820602995310174,1.0581266303902785,1.5663584313115273,1608,472.2978301027897,1.287666829535055,-0.07456472469683792
2019-10-21,Sheffield United,Arsenal,1,0,H,3.68,3.56,2.06,2019/20,24,0,0.2617721808161284,0.270595962191953,0.4676318569919187,True,0.03807490004316039,0.3210418240649476,0.31682763168585953,0.3621305442491929,1.0306434649612173,1.1113797706319009,1609,472.35218040749595,1.2888682469351807,-0.07856940468223697
2019-10-25,Southampton,Leicester,0,9,A,3.13,3.34,2.39,2019/20,25,15,0.3080003858396836,0.2886350921192245,0.4033645220410919,True,0.03730005733716846,0.30880199306412737,0.27356553365319347,0.4176324732826791,1.2360271686650501,1.473066442431072,1610,469.5804699219461,1.2910266628880878,-0.0741512311607329
2019-10-26,Brighton,Everton,3,2,H,2.68,3.33,2.74,2019/20,4,9,0.3593364787057238,0.289195724604006,0.35146779669027006,True,0.03839813230814437,0.29330525226212395,0.30850299645160156,0.3981917512862747,0.9969058770254685,1.2057929315296352,1611,469.64024951591495,1.2722418742090154,-0.07337994372055462
2019-10-26,Burnley,Chelsea,2,4,A,5.05,4.01,1.69,2019/20,5,7,0.19056630832435836,0.2399899892862867,0.5694437023893548,True,0.03911233691505034,0.24848405088281003,0.26517731969901776,0.48633862941817213,1.0907177036191453,1.613001935099228,1611,469.64024951591495,1.2722418742090154,-0.07337994372055462
2019-10-26,Man City,Aston Villa,3,0,H,1.08,13.96,27.97,2019/20,18,1,0.8960760590583129,0.06932393580107292,0.03460000514061416,True,0.03331175581119994,0.8435100232558019,0.10775427482136729,0.04873570192283041,3.179830786847535,0.7195308649351505,1611,469.64024951591495,1.2722418742090154,-0.07337994372055462
2019-10-26,Watford,Bournemouth,0,0,D,2.28,3.54,3.14,2019/20,30,2,0.42190844910043274,0.27173764518332955,0.3063539057162377,True,0.03955370451390272,0.38628187028935523,0.25428812721006655,0.3594300025005783,1.5807960338890152,1.5188340649688785,1611,469.64024951591495,1.2722418742090154,-0.07337994372055462
2019-10-26,West Ham,Sheffield United,1,1,D,2.27,3.41,3.28,2019/20,32,24,0.4241309615450247,0.28233937909302226,0.2935296593619531,True,0.03866181510653055,0.3306460437034896,0.34426206510447993,0.32509189119203064,0.9249585735272858,0.9147082928625714,1611,469.64024951591495,1.2722418742090154,-0.07337994372055462
2019-10-27,Newcastle,Wolves,1,1,D,3.4,3.07,2.39,2019/20,21,33,0.2832792176454464,0.313729426708312,0.40299135564624167,True,0.038260587922628986,0.33573656570249555,0.32816339367227976,0.33610004062522447,1.0188181581337554,1.0195175577994353,1616,473.6919176648448,1.2728061166212454,-0.08564228082144001
2019-10-27,Norwich,Man United,1,3,A,4.53,3.73,1.82,2019/20,22,19,0.2126081659625244,0.25820777260328037,0.5291840614341954,True,0.03829761607223725,0.2011175071599187,0.24446447436565774,0.5544180184744233,1.0409227576879312,1.852243386079162,1616,473.6919176648448,1.2728061166212454,-0.08564228082144001
2019-10-27,Arsenal,Crystal Palace,2,2,D,1.48,4.71,6.63,2019/20,0,8,0.6504264692098605,0.20438029181116635,0.14519323897897338,True,0.03881946332302255,0.5837523720846405,0.22948690233590777,0.18676072557945186,2.008360961275994,1.0644297895420574,1616,473.6919176648448,1.2728061166212454,-0.08564228082144001
2019-10-27,Liverpool,Tottenham,2,1,H,1.48,4.8,6.44,2019/20,16,29,0.6501329205505265,0.20045765050307904,0.1494094289463943,True,0.03928851211459916,0.583906421016634,0.23917117850368158,0.17692240047968436,1.8882240672632988,0.952803810523196,1616,473.6919176648448,1.2728061166212454,-0.08564228082144001
2019-11-02,Arsenal,Wolves,1,1,D,1.75,3.87,4.71,2019/20,0,33,0.5483218872113276,0.2479491738035719,0.2037289389851005,True,0.04214072929818746,0.5321442258560631,0.2517751952497963,0.2160805788941405,1.7891922285831836,1.0710253779163434,1620,471.9938713074035,1.2684995406090136,-0.0893040608061515
2019-11-02,Aston Villa,Liverpool,1,2,A,9.45,6.14,1.3,2019/20,1,16,0.10195427257631882,0.15691659215736367,0.7411291352663175,True,0.0379173245622757,0.13390955371609514,0.2061733849782215,0.6599170613056836,0.9009642252958493,2.1923772032887636,1620,471.9938713074035,1.2684995406090136,-0.0893040608061515
2019-11-02,Bournemouth,Man United,1,0,H,3.61,3.56,2.09,2019/20,2,19,0.26728550952153435,0.27103951948672445,0.4616749709917412,True,0.036376086175333056,0.2762118595691639,0.26485310819949054,0.45893503223134546,1.2216775644575113,1.6306174228003367,1620,471.9938713074035,1.2684995406090136,-0.0893040608061515
2019-11-02,Brighton,Norwich,2,0,H,1.59,4.44,5.43,2019/20,4,22,0.6057207461842848,0.2169135104578858,0.1773657433578293,True,0.038318105450389384,0.4795994975717277,0.27059233779780273,0.2498081646304696,1.5954862266870502,1.0925892062558282,1620,471.9938713074035,1.2684995406090136,-0.0893040608061515
2019-11-02,Man City,Southampton,2,1,H,1.07,12.93,31.81,2019/20,18,25,0.8957439112007599,0.07412575289905747,0.03013033590018275,True,0.0433556148872023,0.8857855326336578,0.08440620758915669,0.02980825977718523,3.4288051553620273,0.5954106516154567,1620,471.9938713074035,1.2684995406090136,-0.0893040608061515
2019-11-02,Sheffield United,Burnley,3,0,H,2.27,3.17,3.5,2019/20,24,5,0.4228938210619799,0.3028293292778216,0.27427684966019844,True,0.041700333324730554,0.4691951344076768,0.33585893089862034,0.19494593469370256,1.1521443910750602,0.6441018106426165,1620,471.9938713074035,1.2684995406090136,-0.0893040608061515
2019-11-02,Watford,Chelsea,1,2,A,5.17,4.29,1.63,2019/20,30,7,0.18598051549106231,0.22413036482256224,0.5898891196863755,True,0.04002076329448734,0.1975970985964348,0.23884988092576365,0.5635530204778019,1.0658199474835477,1.9200301435258755,1620,471.9938713074035,1.2684995406090136,-0.0893040608061515
2019-11-02,West Ham,Newcastle,2,3,A,1.85,3.73,4.36,2019/20,32,21,0.5207545478124709,0.25828308671664113,0.2209623654708879,True,0.03799485345098641,0.44518320144444856,0.29577615092009174,0.2590406476354598,1.371774786816084,0.9882827821082937,1620,471.9938713074035,1.2684995406090136,-0.0893040608061515
2019-11-03,Crystal Palace,Leicester,0,2,A,3.74,3.49,2.07,2019/20,8,15,0.2578385149917733,0.27630832265594046,0.4658531623522862,True,0.03700441787339681,0.3398662678542031,0.2758730035995314,0.3842607285462654,1.3210285085447457,1.4180027658766254,1628,479.0348429128593,1.2713581610905762,-0.08332970418678604
2019-11-03,Everton,Tottenham,1,1,D,2.49,3.58,2.79,2019/20,9,29,0.38639818952010674,0.26875181338130333,0.34484999709858993,True,0.039358973709459066,0.27470666985022707,0.27571178471091473,0.44958154543885825,1.1362170521884356,1.5148998285222264,1628,479.0348429128593,1.2713581610905762,-0.08332970418678604
2019-11-08,Norwich,Watford,0,2,A,2.87,3.61,2.41,2019/20,22,30,0.33490905591377146,0.26625733808103164,0.39883360600519674,True,0.04037812533453611,0.3697998934050625,0.2672694241103608,0.3629306824845769,1.4637128087618598,1.4483008017172267,1630,476.24846625343355,1.2690660789801456,-0.08723539333760319
2019-11-09,Southampton,Everton,1,2,A,3.15,3.34,2.36,2019/20,25,9,0.3050771362443589,0.2877224488532128,0.40720041490242825,True,0.04059032862443002,0.3245771588594738,0.27976741927823723,0.39565542186228914,1.2621074278260946,1.4159305684836663,1631,476.294923181846,1.2653844459158563,-0.08657180241389596
2019-11-09,Tottenham,Sheffield United,1,1,D,1.54,4.29,6.37,2019/20,29,24,0.6247139588100686,0.2242562929061785,0.15102974828375285,True,0.03943675372246802,0.44288961150091044,0.3311094220590933,0.22600096643999643,1.1543425405257277,0.7454292091379952,1631,476.294923181846,1.2653844459158563,-0.08657180241389596
2019-11-09,Newcastle,Bournemouth,2,1,H,2.61,3.26,2.87,2019/20,21,2,0.36900080850308614,0.29542702766658124,0.33557216383033267,True,0.03832228445890484,0.426652590933836,0.2859632560010671,0.287384153065097,1.415971826048138,1.1208118038529717,1631,476.294923181846,1.2653844459158563,-0.08657180241389596
2019-11-09,Chelsea,Crystal Palace,2,0,H,1.43,4.78,7.61,2019/20,7,8,0.6724615711684399,0.2011757420022738,0.12636268682928634,True,0.03991176489925663,0.6115985908736745,0.22604368507163863,0.16235772405468646,2.0147360126658884,0.9526267679698732,1631,476.294923181846,1.2653844459158563,-0.08657180241389596
2019-11-09,Leicester,Arsenal,2,0,H,1.91,3.97,3.8,2019/20,15,0,0.5040983469610749,0.2425259049611217,0.25337574807780344,True,0.03860727292666888,0.4462242535321132,0.24968613801447817,0.30408960845340866,1.757222012757727,1.424039584939302,1631,476.294923181846,1.2653844459158563,-0.08657180241389596
2019-11-09,Burnley,West Ham,3,0,H,2.16,3.61,3.34,2019/20,5,32,0.4454254619607379,0.26651495784908424,0.28805958019017786,True,0.039372470817060856,0.39587462607009766,0.2735975922834699,0.3305277816464323,1.4636926074651002,1.319864680235244,1631,476.294923181846,1.2653844459158563,-0.08657180241389596
2019-11-10,Liverpool,Man City,3,1,H,2.69,3.64,2.55,2019/20,16,18,0.3579209581577212,0.26450752127589827,0.3775715205663804,True,0.038629349366283705,0.3919500183635428,0.2745531502719777,0.3334968313644793,1.4564168293835338,1.3277706635030924,1637,481.3312972825901,1.275112812512234,-0.09005386599542178
2019-11-10,Man United,Brighton,3,1,H,1.64,3.77,6.18,2019/20,19,4,0.5881019572603403,0.2558321511689544,0.15606589157070522,True,0.036820384685523955,0.6211281896660394,0.24599303018659022,0.13287878014737042,1.765172322787784,0.6956861355622337,1637,481.3312972825901,1.275112812512234,-0.09005386599542178
2019-11-10,Wolves,Aston Villa,2,1,H,1.7,3.81,5.31,2019/20,33,1,0.5661408531108071,0.25260877960324724,0.1812503672859458,True,0.039026402856173315,0.5074617216790389,0.2697012861746665,0.22283699214629485,1.6161532565308203,0.9973847883382427,1637,481.3312972825901,1.275112812512234,-0.09005386599542178
2019-11-23,Arsenal,Southampton,2,2,D,1.46,4.69,6.89,2019/20,0,25,0.6565117663431592,0.20437253280618603,0.13911570085065492,True,0.04328900404094327,0.6867675371622304,0.18676414850366235,0.12646831433410752,2.433011869535206,0.9782249755607332,1640,471.90097793815426,1.2803617595626988,-0.0897334441013763
2019-11-23,Bournemouth,Wolves,1,2,A,3.0,3.22,2.52,2019/20,2,33,0.3202917771883289,0.29840848806366044,0.3812997347480106,True,0.04071773636991027,0.35781297829376646,0.28314168138313206,0.3590453403231018,1.3246175484735472,1.3272704652304577,1640,471.90097793815426,1.2803617595626988,-0.0897334441013763
2019-11-23,Brighton,Leicester,0,2,A,3.8,3.57,2.01,2019/20,4,15,0.25284622459011186,0.2691360373788306,0.47801773803105735,True,0.04078237736571477,0.23079420814390783,0.2779855378039584,0.4912202540521337,0.9833900604557606,1.5393066686390677,1640,471.90097793815426,1.2803617595626988,-0.0897334441013763
2019-11-23,Crystal Palace,Liverpool,1,2,A,6.86,4.49,1.49,2019/20,8,16,0.14021574878072804,0.2142271796516246,0.6455570715676474,True,0.039630683569992,0.14971631917930053,0.2311535892285073,0.619130091592192,0.8568498133966066,1.9421300266826074,1640,471.90097793815426,1.2803617595626988,-0.0897334441013763
2019-11-23,Everton,Norwich,0,2,A,1.35,5.39,8.55,2019/20,9,22,0.7100464535810856,0.17784094848505858,0.11211259793385563,True,0.043228562025554584,0.6805283566753569,0.20013872370584404,0.11933291961879917,2.219133214010297,0.8356072390325182,1640,471.90097793815426,1.2803617595626988,-0.0897334441013763
2019-11-23,Man City,Chelsea,2,1,H,1.39,5.53,7.18,2019/20,18,7,0.6920656832652691,0.1739550270775269,0.13397928965720388,True,0.03953205284981465,0.6628243918302987,0.19945296926686257,0.13772263890283887,2.29458631327336,0.9723408541125533,1640,471.90097793815426,1.2803617595626988,-0.0897334441013763
2019-11-23,Watford,Burnley,0,3,A,2.24,3.3,3.43,2019/20,30,5,0.42884421577467774,0.29109425555614493,0.2800615286691773,True,0.04100406396324763,0.3868509460375433,0.28442731279392924,0.3287217411685274,1.3728917255308128,1.2483108002701617,1640,471.90097793815426,1.2803617595626988,-0.0897334441013763
2019-11-23,West Ham,Tottenham,2,3,A,4.74,4.34,1.67,2019/20,32,29,0.20281962882535984,0.2215126821733193,0.5756676890013208,True,0.04018760588838077,0.23999444553386037,0.25537296504446766,0.504632589421672,1.1500468422216858,1.751411355791089,1640,471.90097793815426,1.2803617595626988,-0.0897334441013763
2019-11-24,Sheffield United,Man United,3,3,D,3.81,3.36,2.09,2019/20,24,19,0.2527234056335899,0.28657029031666004,0.46070630404975016,True,0.038555138741628525,0.3819703698525309,0.35125056904243235,0.2667790611050367,0.997575550909369,0.7870677037971112,1648,478.94213514468566,1.2595025753557412,-0.08861545172040146
2019-11-25,Aston Villa,Newcastle,2,0,H,2.19,3.51,3.36,2019/20,1,21,0.4394218839073137,0.2741692096173837,0.28640890647530265,True,0.03914033708554254,0.413762224028952,0.2917519874563038,0.294485788514744,1.357418378320072,1.107993500097593,1649,478.98321011906364,1.2585814695371993,-0.08642378510129367
2019-11-30,Burnley,Crystal Palace,0,2,A,2.05,3.44,3.84,2019/20,5,8,0.4695310944919953,0.27980777433389253,0.2506611311741121,True,0.03891921913405194,0.4018784262388653,0.28804681932909426,0.3100747544320407,1.3657998815404786,1.171627893604796,1650,475.2072973807709,1.2618018483588052,-0.0864294537983159
2019-11-30,Chelsea,West Ham,0,1,A,1.29,6.12,9.77,2019/20,7,32,0.7447008052011134,0.15697124815513666,0.09832794664374989,True,0.04094663660295628,0.6656947422653364,0.1965846660459632,0.13772059168870063,2.325691873399889,0.9865200245069691,1650,475.2072973807709,1.2618018483588052,-0.0864294537983159
2019-11-30,Liverpool,Brighton,2,1,H,1.2,7.21,14.46,2019/20,16,4,0.8003694133145403,0.13320988848508297,0.06642069820037677,True,0.04118588175712623,0.8198033458500109,0.13323510212434445,0.04696155202564467,2.6603439244579006,0.5304391594576525,1650,475.2072973807709,1.2618018483588052,-0.0864294537983159
2019-11-30,Newcastle,Man City,2,2,D,12.15,7.58,1.21,2019/20,21,18,0.07908749050403421,0.12676952633562213,0.7941429831603436,True,0.04067692911273846,0.11659334249426492,0.21592814272267802,0.6674785147830571,0.7272166666657638,2.014929747670019,1650,475.2072973807709,1.2618018483588052,-0.0864294537983159
2019-11-30,Southampton,Watford,2,1,H,2.09,3.53,3.59,2019/20,25,30,0.4599306803128459,0.2723102328197869,0.2677590868673671,True,0.04030655053512744,0.45770487356413725,0.2686841077496495,0.27361101868621296,1.5889606914390235,1.1821680328392477,1650,475.2072973807709,1.2618018483588052,-0.0864294537983159
2019-11-30,Tottenham,Bournemouth,3,2,H,1.33,5.59,8.97,2019/20,29,2,0.7213982456468475,0.17163858080685282,0.10696317354629957,True,0.04225329599178784,0.6824550975688378,0.19138300429423474,0.1261618981369276,2.3555571991948154,0.9369401755768115,1650,475.2072973807709,1.2618018483588052,-0.0864294537983159
2019-12-01,Leicester,Everton,2,1,H,1.62,4.1,5.63,2019/20,15,9,0.5942243136931854,0.23479107028852694,0.17098461601828782,True,0.03880628306973799,0.5549871903578718,0.2481498398780816,0.19686296976404702,1.7835386939429005,0.977657591814127,1656,480.2458445593151,1.253009329501849,-0.07372712157607934
2019-12-01,Man United,Aston Villa,2,2,D,1.46,4.72,7.02,2019/20,19,1,0.6590657745033296,0.20386356584213167,0.13707065965453866,True,0.039246056079118574,0.5821382589985304,0.23423698428229373,0.18362475671917583,1.921079763591684,0.9955672576537664,1656,480.2458445593151,1.253009329501849,-0.07372712157607934
2019-12-01,Norwich,Arsenal,2,2,D,4.39,4.42,1.7,2019/20,22,0,0.21855221518987344,0.21706882911392406,0.5643789556962026,True,0.042270070810872085,0.18536671403774496,0.2141602790380573,0.6004730069241977,1.1441300812502764,2.169593219839937,1656,480.2458445593151,1.253009329501849,-0.07372712157607934
2019-12-01,Wolves,Sheffield United,1,1,D,2.23,3.14,3.67,2019/20,33,24,0.43143979243806657,0.3064046933556969,0.2621555142062366,True,0.0393813948858579,0.33913360322453373,0.33240378481026595,0.3284626119652001,0.9891693680574077,0.9689716440749161,1656,480.2458445593151,1.253009329501849,-0.07372712157607934
2019-12-03,Burnley,Man City,1,4,A,11.2,6.88,1.24,2019/20,5,18,0.08576207939265264,0.139612687383388,0.7746252332239593,True,0.04108616439824253,0.11395892712938964,0.1884252748980037,0.6976157979726066,0.8465160779965856,2.3203177985902377,1660,482.31272998770646,1.2531822597673792,-0.07749568651705997
2019-12-03,Crystal Palace,Bournemouth,1,0,H,2.22,3.42,3.35,2019/20,8,2,0.43256161652772745,0.2807856107285248,0.28665277274374773,True,0.04135557395573097,0.48142119900053354,0.25795849846958846,0.2606203025298784,1.687083550055533,1.1894838190628811,1660,482.31272998770646,1.2531822597673792,-0.07749568651705997
2019-12-04,Wolves,West Ham,2,0,H,1.68,3.95,5.16,2019/20,33,32,0.5711355459161371,0.24291334611116716,0.18595110797269582,True,0.042201101812523456,0.5005932608773349,0.2662213338997524,0.2331854052229123,1.6071779325608782,1.0251361062455753,1662,483.3450725077634,1.2515421439614762,-0.07220778777859713
2019-12-04,Southampton,Norwich,2,1,H,1.78,3.89,4.51,2019/20,25,22,0.5398804156832092,0.2470403958653245,0.21307918845146617,True,0.0405966515715217,0.5111206675106162,0.2456622679669337,0.24321706452244984,1.8148349240506632,1.1956251156276865,1662,483.3450725077634,1.2515421439614762,-0.07220778777859713
2019-12-04,Man United,Tottenham,2,1,H,2.59,3.4,2.79,2019/20,19,29,0.37173614022987606,0.28317547152805267,0.34508838824207133,True,0.03864097222731,0.3764207659132437,0.27404751294260427,0.34953172114415226,1.3934476778606573,1.3348280500384986,1662,483.3450725077634,1.2515421439614762,-0.07220778777859713
2019-12-04,Leicester,Watford,2,0,H,1.36,5.32,8.55,2019/20,15,30,0.7068619345695052,0.18070154718318177,0.1124365182473131,True,0.04022310678657415,0.6822258791446338,0.19687655565216466,0.12089756520320162,2.221851459627928,0.8370572798661851,1662,483.3450725077634,1.2515421439614762,-0.07220778777859713
2019-12-04,Chelsea,Aston Villa,2,1,H,1.34,5.65,8.54,2019/20,7,1,0.7173205918032397,0.1701255916843082,0.11255381651245215,True,0.04035582589425868,0.6191484520046939,0.21317766488657813,0.1676738831087279,2.1460411031931605,1.0421908845633896,1662,483.3450725077634,1.2515421439614762,-0.07220778777859713
2019-12-04,Liverpool,Everton,5,2,H,1.62,4.04,5.79,2019/20,16,9,0.5949608558304211,0.238573412486456,0.166465731683123,True,0.037520274767833595,0.7439581550525586,0.17085707957063717,0.0851847653768043,2.39402986617602,0.7028514639434801,1662,483.3450725077634,1.2515421439614762,-0.07220778777859713
2019-12-05,Arsenal,Brighton,1,2,A,1.64,4.28,5.07,2019/20,0,4,0.5859435755638124,0.2245204354964141,0.1895359889397736,True,0.04063961615117995,0.6487076831627702,0.2131782674691671,0.13811404936806276,2.0765207911067773,0.8581842164890464,1668,488.36736040075897,1.2593894076343985,-0.07270738470592925
2019-12-05,Sheffield United,Newcastle,0,2,A,1.8,3.54,4.96,2019/20,24,21,0.534365641662406,0.2717113432181725,0.1939230151194215,True,0.039654334487576826,0.5163126231176131,0.30453878850484967,0.1791485883775375,1.321044529336437,0.6654177067428652,1668,488.36736040075897,1.2593894076343985,-0.07270738470592925
2019-12-07,Bournemouth,Liverpool,0,3,A,6.39,4.63,1.5,2019/20,2,16,0.15059947046233715,0.20784678536810677,0.6415537441695562,True,0.0391439107406617,0.1275106189425053,0.18719494224554553,0.6852944388119491,0.9525131578526548,2.3846781725082735,1670,488.40980867268036,1.2510024775385886,-0.07262482223281641
2019-12-07,Everton,Chelsea,3,1,H,3.31,3.75,2.13,2019/20,9,7,0.2909804264434268,0.25683872307406475,0.4521808504825084,True,0.03826503836716166,0.2828646544131829,0.26623660075717304,0.4508987448296437,1.2023081338339912,1.573465245592333,1670,488.40980867268036,1.2510024775385886,-0.07262482223281641
2019-12-07,Man City,Man United,1,2,A,1.33,5.76,8.91,2019/20,18,19,0.7245467135941451,0.1672998487986481,0.10815343760720685,True,0.03772425592601025,0.68402960749663,0.19214462310408137,0.12382576939928844,2.2983468336024018,0.8896724609468213,1670,488.40980867268036,1.2510024775385886,-0.07262482223281641
2019-12-07,Tottenham,Burnley,5,0,H,1.43,4.82,7.55,2019/20,29,5,0.6729092586737081,0.19963905392186773,0.1274516874044242,True,0.039219910094576926,0.6648821694204797,0.20414269605851848,0.13097513452100168,2.1656947090664724,0.8646126365093127,1670,488.40980867268036,1.2510024775385886,-0.07262482223281641
2019-12-07,Watford,Crystal Palace,0,0,D,2.44,3.32,3.03,2019/20,30,8,0.39366664579550437,0.2893212698015153,0.3170120844029804,True,0.04107388815120894,0.31022342302487643,0.28806437344204594,0.40171220353307785,1.1465126430731065,1.3382623097102193,1670,488.40980867268036,1.2510024775385886,-0.07262482223281641
2019-12-08,Norwich,Sheffield United,1,2,A,3.14,3.48,2.3,2019/20,22,24,0.30604285517642205,0.27614211645228887,0.41781502837128925,True,0.04061026811435031,0.2268467432008048,0.2853514702066381,0.48780178659255713,0.9115420609936116,1.4531514470647313,1675,492.42397521740133,1.2551765857245067,-0.07659101894417421
2019-12-08,Newcastle,Southampton,2,1,H,2.6,3.31,2.83,2019/20,21,25,0.36979152274064103,0.29047068251530717,0.33973779474405186,True,0.04008707870012618,0.48871438011967366,0.278900212537518,0.2323854073428085,1.5038819096658131,0.9623313279513556,1675,492.42397521740133,1.2551765857245067,-0.07659101894417421
2019-12-08,Aston Villa,Leicester,1,4,A,4.84,4.16,1.69,2019/20,1,15,0.19891128439017217,0.23142562895395027,0.5696630866558776,True,0.03871216196391014,0.3111518746617552,0.26192748547054023,0.4269206398677049,1.3298232428719747,1.590599703479502,1675,492.42397521740133,1.2551765857245067,-0.07659101894417421
2019-12-08,Brighton,Wolves,2,2,D,2.64,3.19,2.88,2019/20,4,33,0.36439790575916226,0.30157068062827225,0.3340314136125654,True,0.039489724834552486,0.279792558095518,0.31245843173287896,0.40774901017160303,0.9492578776780611,1.201809556155943,1675,492.42397521740133,1.2551765857245067,-0.07659101894417421
2019-12-09,West Ham,Arsenal,1,3,A,3.57,4.16,1.93,2019/20,32,0,0.2696934172206341,0.2314436296821307,0.4988629530972352,True,0.03863137522844928,0.3172323912833889,0.24871966799697498,0.434047940719636,1.4540067333084352,1.7274747413138507,1679,495.4321194533492,1.2492595722342346,-0.07644475497734417
2019-12-14,Burnley,Newcastle,1,0,H,1.99,3.44,4.01,2019/20,5,21,0.48198631022470373,0.27882347597301177,0.23919021380228442,True,0.042586795836166313,0.36786944491786183,0.3004129621531612,0.331717592928977,1.208011165581966,1.1342429011410218,1680,491.4925373325355,1.2460232878553474,-0.07599315472714294
2019-12-14,Chelsea,Bournemouth,0,1,A,1.23,6.82,12.38,2019/20,7,2,0.7814296661841633,0.14093232982500303,0.07763800399083368,True,0.0404111403286489,0.6570970576768979,0.1982944633743348,0.14460847894876794,2.2970382361828383,1.0045486051143249,1680,491.4925373325355,1.2460232878553474,-0.07599315472714294
2019-12-14,Leicester,Norwich,1,1,D,1.24,6.73,11.75,2019/20,15,22,0.7753250967961434,0.14285336107388077,0.08182154212997597,True,0.04014640598596109,0.753404939382478,0.15820894549915412,0.08838611511836805,2.6264651665577294,0.8231667079398953,1680,491.4925373325355,1.2460232878553474,-0.07599315472714294
2019-12-14,Liverpool,Watford,2,0,H,1.18,7.65,15.15,2019/20,16,30,0.8115986176615791,0.12518776063276646,0.06321362170565434,True,0.04418318202707616,0.8466293316641937,0.11130666722470318,0.04206400111110279,2.979301518007985,0.5844021151092312,1680,491.4925373325355,1.2460232878553474,-0.07599315472714294
2019-12-14,Sheffield United,Aston Villa,2,0,H,1.78,3.88,4.51,2019/20,24,1,0.5395368914377332,0.2475195017420529,0.212943606820214,True,0.04125920159404828,0.5194710489807121,0.2695732809801407,0.21095567003914772,1.5888027761388046,0.9273039515085274,1680,491.4925373325355,1.2460232878553474,-0.07599315472714294
2019-12-14,Southampton,West Ham,0,1,A,1.81,3.99,4.19,2019/20,25,32,0.530330955243482,0.24057619774203065,0.2290928470144874,True,0.041776238748217454,0.38646926779837076,0.264511271314162,0.3490194608874674,1.4972817729844643,1.4132542630792764,1680,491.4925373325355,1.2460232878553474,-0.07599315472714294
2019-12-15,Wolves,Tottenham,1,2,A,2.89,3.57,2.42,2019/20,33,29,0.3329184408778251,0.2695054045201441,0.3975761546020308,True,0.03935594655946972,0.30299479016378883,0.2768801188462714,0.42012509098993966,1.1666632658096314,1.4166021410432488,1686,496.49854657995326,1.241139832026422,-0.05783922284919666
2019-12-15,Arsenal,Man City,0,3,A,6.7,5.78,1.39,2019/20,0,18,0.1432805689705599,0.16608647268213692,0.6906329583473033,True,0.04168857239777557,0.21275651709103868,0.21400705875582138,0.5732364241531397,1.270362871609404,2.1671822016059807,1686,496.49854657995326,1.241139832026422,-0.05783922284919666
2019-12-15,Man United,Everton,1,1,D,1.67,3.97,5.28,2019/20,19,9,0.5757242008179274,0.24218121293852363,0.182094586243549,True,0.04008550336926331,0.5561800848379241,0.24420590476057633,0.1996140104014993,1.7886789710228317,0.9848864853240681,1686,496.49854657995326,1.241139832026422,-0.05783922284919666
2019-12-16,Crystal Palace,Brighton,1,1,D,2.8,3.22,2.68,2019/20,8,4,0.3431307058561568,0.29837452683144067,0.3584947673124026,True,0.04083619171224617,0.49313275175188803,0.2845966131752954,0.22227063507281658,1.4324423298857925,0.8755472482933564,1689,498.50054781822126,1.2350214765032612,-0.06165970880966375
2019-12-21,Man City,Leicester,3,1,H,1.38,5.67,7.28,2019/20,18,15,0.6978626713058298,0.16985017396861463,0.1322871547255556,True,0.03836716155556741,0.673549510981511,0.19306047053250905,0.1333900184859799,2.3035007245148793,0.941836804942644,1690,494.5304343250484,1.2342194920120089,-0.0654276721115446
2019-12-21,Everton,Arsenal,0,0,D,2.12,3.82,3.25,2019/20,9,0,0.4530459723975856,0.25142865483845067,0.29552537276396357,True,0.041170525611896824,0.35852690942714555,0.2553175003376183,0.386155590235236,1.490223762859415,1.5534593127664715,1690,494.5304343250484,1.2342194920120089,-0.0654276721115446
2019-12-21,Newcastle,Crystal Palace,1,0,H,2.41,3.1,3.27,2019/20,21,8,0.3977056499546857,0.3091840698034815,0.2931102802418326,True,0.043328802050906834,0.3839726807392709,0.31178477616117123,0.3042425430995576,1.15274456767553,0.9957482338598335,1690,494.5304343250484,1.2342194920120089,-0.0654276721115446
2019-12-21,Bournemouth,Burnley,0,1,A,2.4,3.31,3.08,2019/20,2,5,0.39931377003462487,0.2895326429254077,0.3111535870399674,True,0.043456794967368984,0.4606140541580437,0.2578329069294193,0.28155303891253675,1.6440635399742158,1.241358550699806,1690,494.5304343250484,1.2342194920120089,-0.0654276721115446
2019-12-21,Aston Villa,Southampton,1,3,A,2.5,3.64,2.72,2019/20,1,25,0.383740039068556,0.2635577191404917,0.35270224179095216,True,0.04237233354880421,0.49868540524037275,0.24512951540608416,0.25618507935354323,1.8007173076711347,1.2392919089781365,1690,494.5304343250484,1.2342194920120089,-0.0654276721115446
2019-12-21,Brighton,Sheffield United,0,1,A,2.17,3.36,3.54,2019/20,4,24,0.4427075191496013,0.28591527278411755,0.271377208066281,True,0.04093441641282003,0.24952243633251792,0.31965730578092927,0.4308202578865528,0.8235886524667643,1.1714303160525399,1690,494.5304343250484,1.2342194920120089,-0.0654276721115446
2019-12-21,Norwich,Wolves,1,2,A,4.03,3.8,1.89,2019/20,22,33,0.23850401989858097,0.2529397895240214,0.5085561905773976,True,0.0403973816537484,0.2482309587267446,0.26528468296266994,0.4864843583105855,1.0744405695928034,1.594643635160116,1690,494.5304343250484,1.2342194920120089,-0.0654276721115446
2019-12-22,Watford,Man United,2,0,H,4.71,3.81,1.77,2019/20,30,19,0.20419675705136942,0.25243221147295275,0.543371031475678,True,0.03975316806655771,0.20591637290027764,0.2556856213391765,0.5383980057605458,0.9520027032273305,1.6817757308778372,1697,500.52837584889386,1.2282197842107216,-0.060170304365958806
2019-12-22,Tottenham,Chelsea,0,2,A,2.34,3.57,3.0,2019/20,29,7,0.41059968256158996,0.26913256504036986,0.3202677523980401,True,0.04079580550168793,0.4911162682314999,0.24909771130227595,0.2597860204662242,1.7420577743067884,1.2138108234612164,1697,500.52837584889386,1.2282197842107216,-0.060170304365958806
2019-12-26,Aston Villa,Norwich,1,0,H,2.2,3.72,3.14,2019/20,1,22,0.4362935516643758,0.2580230681886093,0.3056833801470149,True,0.0418339964261476,0.5370179354660423,0.2294503858323947,0.23353167870156316,1.9786735657415142,1.2512272243846492,1699,498.52418695333625,1.2290620024651309,-0.06018227299021023
2019-12-26,Bournemouth,Arsenal,1,1,D,3.83,4.07,1.87,2019/20,2,0,0.2506793232129271,0.23589725009963408,0.5134234266874388,True,0.041556209733141,0.298902668496972,0.24233447122264964,0.458762860280378,1.4127937493421323,1.7890417944936816,1699,498.52418695333625,1.2290620024651309,-0.06018227299021023
2019-12-26,Chelsea,Southampton,0,2,A,1.39,5.05,8.06,2019/20,7,25,0.6907488897072425,0.19012692211743898,0.11912418817531846,True,0.041513741320041486,0.6794737995465676,0.19297947350125388,0.1275467269521782,2.2680645308028082,0.8898018152390023,1699,498.52418695333625,1.2290620024651309,-0.06018227299021023
2019-12-26,Crystal Palace,West Ham,2,1,H,2.26,3.42,3.24,2019/20,8,32,0.4240253478440557,0.2802038848326216,0.29577076732332275,True,0.04351751223355005,0.45107500109749626,0.2736461170117676,0.2752788818907362,1.4843516326595538,1.1074161392996504,1699,498.52418695333625,1.2290620024651309,-0.06018227299021023
2019-12-26,Everton,Burnley,1,0,H,1.74,3.67,5.12,2019/20,9,5,0.5512806219744756,0.2613701041513863,0.1873492738741382,True,0.04250470771085846,0.49501802025023445,0.2642291070183981,0.2407528727313674,1.5967744694421693,1.043388181423718,1699,498.52418695333625,1.2290620024651309,-0.06018227299021023
2019-12-26,Leicester,Liverpool,0,4,A,3.53,4.03,1.96,2019/20,15,16,0.27196446709246475,0.2382219773787594,0.48981355552877576,True,0.04162915842920034,0.2419168722791953,0.2502295161395401,0.5078536115812644,1.1351303756365776,1.7367618487269147,1699,498.52418695333625,1.2290620024651309,-0.06018227299021023
2019-12-26,Man United,Newcastle,4,1,H,1.35,5.34,8.84,2019/20,19,21,0.7114784637505538,0.17986815094817374,0.10865338530127237,True,0.04112883028943837,0.5370749570132638,0.26998151693382466,0.19294352605291135,1.551539031301858,0.8280248556195212,1699,498.52418695333625,1.2290620024651309,-0.06018227299021023
2019-12-26,Sheffield United,Watford,1,1,D,1.83,3.56,4.67,2019/20,24,30,0.5246843253035242,0.26971132452400265,0.2056043501724731,True,0.04147972614882223,0.5877774346877647,0.2643885828113981,0.14783398250083735,1.5724573890046083,0.6587582692735111,1699,498.52418695333625,1.2290620024651309,-0.06018227299021023
2019-12-26,Tottenham,Brighton,2,1,H,1.52,4.46,6.28,2019/20,29,4,0.6317736434668063,0.2153129905985528,0.152913365934641,True,0.04134565226868547,0.6858403128577087,0.20072982871004655,0.11342985843224455,2.113860734603585,0.7418347575447853,1699,498.52418695333625,1.2290620024651309,-0.06018227299021023
2019-12-27,Wolves,Man City,3,2,H,6.84,5.34,1.41,2019/20,33,18,0.14021385713806855,0.17959977206449235,0.680186370797439,True,0.042684606168381434,0.16722388939862734,0.22497773374268712,0.6077983768586853,0.9347068512039093,1.96322972394635,1708,506.5101529514428,1.2225514133360924,-0.05737598861225913
2019-12-28,West Ham,Leicester,1,2,A,2.55,3.61,2.68,2019/20,32,15,0.3762420131988816,0.2657665190186006,0.3579914677825179,True,0.0422995013526144,0.285719892107454,0.25269707154379845,0.4615830363487475,1.2764540754868892,1.6759557628222828,1709,506.4961469895038,1.2256466176112164,-0.05717436109231576
2019-12-28,Watford,Aston Villa,3,0,H,1.78,4.03,4.32,2019/20,30,1,0.5394545217924803,0.23827023543191433,0.22227524277560526,True,0.041418192106847496,0.3962755154806121,0.26880595591549,0.33491852860389776,1.4401190463346076,1.3058941297603261,1709,506.4961469895038,1.2256466176112164,-0.05717436109231576
2019-12-28,Norwich,Tottenham,2,2,D,4.87,4.43,1.64,2019/20,22,29,0.1972839915168861,0.216878789771385,0.5858372187117289,True,0.04082854090739563,0.1436214460579769,0.2025824462322471,0.6537961077097765,0.9331343335571215,2.1851064366877053,1709,506.4961469895038,1.2256466176112164,-0.05717436109231576
2019-12-28,Southampton,Crystal Palace,1,1,D,1.95,3.52,4.1,2019/20,25,8,0.492711071660237,0.2729507357208699,0.2343381926188932,True,0.040813860935812185,0.3559721528835206,0.28248780809604396,0.3615400390204354,1.2610051896989427,1.2727552357579837,1709,506.4961469895038,1.2256466176112164,-0.05717436109231576
2019-12-28,Burnley,Man United,0,2,A,4.22,3.62,1.9,2019/20,5,19,0.22795667563733749,0.2657395500523658,0.5063037743102969,True,0.03952570804088573,0.25352441905124695,0.2655622454800127,0.48091333546874054,1.07661686946558,1.5708068269221513,1709,506.4961469895038,1.2256466176112164,-0.05717436109231576
2019-12-28,Brighton,Bournemouth,2,0,H,1.81,3.78,4.47,2019/20,4,2,0.5308538412961724,0.2541919187158921,0.21495423998793559,True,0.04075009892800696,0.3795217774598082,0.282705889480707,0.3377723330594849,1.306699881118831,1.21869256117363,1709,506.4961469895038,1.2256466176112164,-0.05717436109231576
2019-12-28,Newcastle,Everton,1,2,A,3.25,3.33,2.3,2019/20,21,9,0.29507059888659876,0.2879818157301639,0.41694758538323734,True,0.04277521668826023,0.36904422330179354,0.3000756663444173,0.33088011035378934,1.1785269422238738,1.10153867503443,1709,506.4961469895038,1.2256466176112164,-0.05717436109231576
2019-12-29,Arsenal,Chelsea,1,2,A,2.93,3.67,2.33,2019/20,0,7,0.32723842471231596,0.26125574507005067,0.41150583021763343,True,0.042961041716565784,0.3981898274164699,0.25378329630259167,0.3480268762809386,1.5806968344913253,1.465797289873931,1716,512.4701810034994,1.2306336192581937,-0.06050564204115974
2019-12-29,Liverpool,Wolves,1,0,H,1.27,6.11,11.28,2019/20,16,33,0.7573206631203843,0.1574136239219129,0.08526571295770284,True,0.03972017818558271,0.7057569486927076,0.18875115032427767,0.10549190098301507,2.2314140253448316,0.7501712447492437,1716,512.4701810034994,1.2306336192581937,-0.06050564204115974
2019-12-29,Man City,Sheffield United,2,0,H,1.23,6.89,12.29,2019/20,18,24,0.7821048402366318,0.1396210382425337,0.0782741215208346,True,0.03951297608044335,0.6516549717430795,0.22214131904230774,0.12620370921461263,1.916130322074262,0.7184297584070928,1716,512.4701810034994,1.2306336192581937,-0.06050564204115974
2020-01-01,West Ham,Bournemouth,4,0,H,1.92,3.63,4.1,2019/20,32,2,0.5006963928866999,0.2648311499566016,0.2344724571566985,True,0.04021786602163546,0.4558184558094067,0.25292765554430224,0.29125388864629104,1.6680974675219133,1.2940080501357851,1719,512.386619851612,1.2297696961386553,-0.05731027726034436
2020-01-01,Arsenal,Man United,2,0,H,2.64,3.64,2.58,2019/20,0,19,0.36383077638307765,0.2638772663877266,0.37229195722919567,True,0.04111005273795976,0.39615669038133033,0.2570097774337862,0.34683353218488316,1.540083594244369,1.4284141780962534,1719,512.386619851612,1.2297696961386553,-0.05731027726034436
2020-01-01,Brighton,Chelsea,1,1,D,3.86,3.87,1.91,2019/20,4,7,0.24885784024913732,0.2482147967342816,0.5029273630165811,True,0.04102549975357461,0.2266068647687742,0.268210884583784,0.5051822506474415,0.9632558780456134,1.5590560980090697,1719,512.386619851612,1.2297696961386553,-0.05731027726034436
2020-01-01,Burnley,Aston Villa,1,2,A,1.97,3.42,4.17,2019/20,5,1,0.4881750685466066,0.28120025878269445,0.23062467267069905,True,0.03982002749390112,0.46274903521901317,0.2611060061352912,0.2761449586456958,1.5971183724042535,1.1840393082294973,1719,512.386619851612,1.2297696961386553,-0.05731027726034436
2020-01-01,Man City,Everton,2,1,H,1.32,5.77,9.14,2019/20,18,9,0.7282315414463055,0.16659716372775102,0.10517129482594346,True,0.040295173251041705,0.7663465518258379,0.15126418003072678,0.08238926814343556,2.6431200187487796,0.7800047682551913,1719,512.386619851612,1.2297696961386553,-0.05731027726034436
2020-01-01,Newcastle,Leicester,0,3,A,4.22,3.84,1.84,2019/20,21,15,0.22766407176367479,0.25019332886528844,0.5221425993710367,True,0.040861752180781696,0.281530124149579,0.280411259683066,0.43805861616735486,1.0821936848122915,1.411816098848969,1719,512.386619851612,1.2297696961386553,-0.05731027726034436
2020-01-01,Norwich,Crystal Palace,1,1,D,2.36,3.37,3.1,2019/20,22,8,0.4062419797637288,0.28448993241614234,0.30926808782012893,True,0.04304536376512269,0.2896929769060277,0.27585561620009047,0.4344514068938824,1.1332855171540084,1.442209880565577,1719,512.386619851612,1.2297696961386553,-0.05731027726034436
2020-01-01,Southampton,Tottenham,1,0,H,3.51,3.84,2.02,2019/20,25,29,0.27384608866953336,0.25031244042449535,0.4758414709059713,True,0.040366456517446636,0.20973714882256006,0.23355026400332413,0.5567125871741155,1.1003725172963126,1.9109690848776941,1719,512.386619851612,1.2297696961386553,-0.05731027726034436
2020-01-01,Watford,Wolves,2,1,H,3.19,3.26,2.38,2019/20,30,33,0.30130794084752077,0.29483813843668444,0.4038539207157947,True,0.04039615730901103,0.2756767209464869,0.28372344722514886,0.4405998318283644,1.0463379758935503,1.3903330201723463,1719,512.386619851612,1.2297696961386553,-0.05731027726034436
2020-01-02,Liverpool,Sheffield United,2,0,H,1.28,5.64,11.63,2019/20,16,24,0.7479372579784443,0.16974462592418596,0.08231811609736962,True,0.04453948732490565,0.6451067100545415,0.23526541815032184,0.11962787179513668,1.768222151880054,0.622038740707759,1728,520.3448886903138,1.2381751303174802,-0.057397387738019015
2020-01-10,Sheffield United,West Ham,1,0,H,1.94,3.42,4.28,2019/20,24,32,0.49492148933580393,0.28074493839516357,0.22433357226903258,True,0.04150643815757071,0.4959957520712786,0.28534362093908977,0.2186606269896316,1.4201437284287677,0.8532349286639553,1729,513.0697481313194,1.2395928651963282,-0.05742743642662794
2020-01-11,Tottenham,Liverpool,0,1,A,4.8,4.07,1.7,2019/20,29,16,0.1998844431604796,0.2357359526216958,0.5643796042178247,True,0.04226887315122596,0.25748551552969134,0.2542319531722262,0.4882825312980826,1.1577399022565242,1.6747746893417579,1730,513.0426360894694,1.240640137158688,-0.0544216663715385
2020-01-11,Wolves,Newcastle,1,1,D,1.46,4.44,7.59,2019/20,33,21,0.6573812895750184,0.21616591954493847,0.12645279088004308,True,0.04190903773988941,0.5086203417551982,0.27915223747984197,0.21222742076495985,1.4648917720352983,0.852659264964599,1730,513.0426360894694,1.240640137158688,-0.0544216663715385
2020-01-11,Man United,Norwich,4,0,H,1.33,5.45,9.27,2019/20,19,22,0.7207153872160984,0.17588100275181848,0.10340361003208316,True,0.04324080293664889,0.7093806810289895,0.18171118329181096,0.10890813567919898,2.3279710148667307,0.8098713177750988,1730,513.0426360894694,1.240640137158688,-0.0544216663715385
2020-01-11,Chelsea,Burnley,3,0,H,1.34,5.2,9.71,2019/20,7,5,0.7164892424444527,0.18463376632222436,0.09887699123332302,True,0.04156296076458377,0.6471967178189392,0.21211497659977466,0.14068830558128595,2.049941746770501,0.8493511601498611,1730,513.0426360894694,1.240640137158688,-0.0544216663715385
2020-01-11,Everton,Brighton,1,0,H,1.93,3.69,3.96,2019/20,9,4,0.4974112312735517,0.260163597928985,0.2424251707974633,True,0.04166267757825959,0.5121076241036581,0.2727439360942227,0.21514843980211898,1.5165750486108927,0.8927176729377505,1730,513.0426360894694,1.240640137158688,-0.0544216663715385
2020-01-11,Crystal Palace,Arsenal,1,1,D,4.57,3.86,1.77,2019/20,8,0,0.2098257747694349,0.24842067116484912,0.5417535540657161,True,0.0428574896693652,0.3330740609324218,0.27021896231553433,0.3967069767520442,1.2854239511669372,1.4238104466277133,1730,513.0426360894694,1.240640137158688,-0.0544216663715385
2020-01-11,Leicester,Southampton,1,2,A,1.7,3.88,5.09,2019/20,15,25,0.5642918778680046,0.2472412866947443,0.18846683543725104,True,0.04243090710450237,0.6433790997418427,0.20676377292895304,0.14985712732920428,2.1406655847264635,0.9412007540173124,1730,513.0426360894694,1.240640137158688,-0.0544216663715385
2020-01-12,Aston Villa,Man City,1,6,A,15.71,9.09,1.15,2019/20,1,18,0.0610160053559369,0.10545230408600316,0.8335316905580599,True,0.04322994223425347,0.09302424107491904,0.1489332946407928,0.7580424642842879,0.9090609097832338,2.7698106301726093,1737,519.003590209519,1.2440014255667158,-0.054301022835830486
2020-01-12,Bournemouth,Watford,0,3,A,2.55,3.41,2.8,2019/20,2,30,0.37614986113026183,0.2812850867689641,0.34256505210077415,True,0.04255485185276453,0.45421280929968016,0.2620815446173363,0.28370564608298393,1.5731932255747776,1.1968547164493941,1737,519.003590209519,1.2440014255667158,-0.054301022835830486
2020-01-18,Arsenal,Sheffield United,1,1,D,2.0,3.38,4.08,2019/20,0,24,0.4803276861346411,0.2842175657601427,0.23545474810521622,True,0.04095602738136672,0.42702343302602486,0.29754515933697334,0.2754314076370019,1.2759549363757852,0.9708238463977982,1739,514.7889097855348,1.2322237583297457,-0.0542957790108827
2020-01-18,Brighton,Aston Villa,1,1,D,1.69,4.16,4.84,2019/20,4,1,0.5696630866558776,0.23142562895395027,0.19891128439017217,True,0.03871216196391014,0.45505275768852743,0.26758479873868485,0.2773624435727877,1.5259272888090265,1.14011877650077,1739,514.7889097855348,1.2322237583297457,-0.0542957790108827
2020-01-18,Man City,Crystal Palace,2,2,D,1.08,11.63,29.18,2019/20,18,8,0.8850537061774231,0.08218899421080111,0.03275729961177577,True,0.04618049668989155,0.7781346186779838,0.14798295806775058,0.07388242325426538,2.6148331390128723,0.7066094949096012,1739,514.7889097855348,1.2322237583297457,-0.0542957790108827
2020-01-18,Newcastle,Chelsea,1,0,H,5.58,4.38,1.58,2019/20,21,7,0.17224694602909116,0.21943789014665038,0.6083151638242585,True,0.040433364222218326,0.2505705928689054,0.2768949839128959,0.47253442321819866,0.9977320022184387,1.464846459236267,1739,514.7889097855348,1.2322237583297457,-0.0542957790108827
2020-01-18,Norwich,Bournemouth,1,0,H,2.25,3.48,3.21,2019/20,22,2,0.42598757593437897,0.2754230016817105,0.29858942238391045,True,0.04332724603430371,0.3485182225230414,0.25932555986816175,0.39215621760879693,1.4072097911024775,1.5051592776173657,1739,514.7889097855348,1.2322237583297457,-0.0542957790108827
2020-01-18,Southampton,Wolves,2,3,A,2.59,3.14,2.97,2019/20,25,33,0.3707968366685619,0.30584834616929146,0.32335481716214654,True,0.0412720603803407,0.3189413465440599,0.2789216898655497,0.4021369635903904,1.1904413652676125,1.3669568713292946,1739,514.7889097855348,1.2322237583297457,-0.0542957790108827
2020-01-18,Watford,Tottenham,0,0,D,3.1,3.61,2.27,2019/20,30,29,0.31013863079851794,0.266324031987647,0.423537337213835,True,0.04011758977183133,0.21661746778304958,0.2468791110359323,0.536503421181018,1.038822029163307,1.7588692958587455,1739,514.7889097855348,1.2322237583297457,-0.0542957790108827
2020-01-18,West Ham,Everton,1,1,D,2.91,3.42,2.46,2019/20,32,9,0.3296191819464034,0.2804654442877292,0.38991537376586743,True,0.04254433754321263,0.37898058270462615,0.27094751383852717,0.3500719034568466,1.3846180477259808,1.3218167925945226,1739,514.7889097855348,1.2322237583297457,-0.0542957790108827
2020-01-19,Liverpool,Man United,2,0,H,1.45,4.64,7.28,2019/20,16,19,0.6615174920490685,0.2067242162653339,0.1317582916855974,True,0.042535051155740966,0.655069193702841,0.21049717605306634,0.1344336302440922,2.0672839687488755,0.8292759106919004,1747,521.7443768470797,1.2331665154280498,-0.06045926478095003
2020-01-19,Burnley,Leicester,2,1,H,4.27,3.68,1.87,2019/20,5,15,0.22503523533278183,0.2611142540410267,0.5138505106261916,True,0.04069052619427849,0.24223207514179035,0.25612948871555763,0.5016384361426518,1.0985556265054366,1.6760243043241512,1747,521.7443768470797,1.2331665154280498,-0.06045926478095003
2020-01-21,Aston Villa,Watford,2,1,H,3.1,3.39,2.36,2019/20,1,30,0.3097880381330008,0.2832869965228031,0.40692496534419603,True,0.04129470945807556,0.4017853180357094,0.2630158705153005,0.33519881144898994,1.5055542313971757,1.3571591906362979,1749,521.6535837136817,1.2371265141072687,-0.06075265835840093
2020-01-21,Bournemouth,Brighton,3,1,H,2.86,3.29,2.57,2019/20,2,4,0.3353295075530738,0.29150224668747443,0.37316824575945173,True,0.04270677579726345,0.4168072564628075,0.2860887263965988,0.2971040171405938,1.350794638575592,1.1010685993747842,1749,521.6535837136817,1.2371265141072687,-0.06075265835840093
2020-01-21,Chelsea,Arsenal,2,2,D,1.74,3.89,4.78,2019/20,7,0,0.5520843230403801,0.24694774346793352,0.20096793349168648,True,0.04098707333902274,0.49263215207151867,0.2456179737380457,0.26174987419043566,1.7813983318851843,1.248307722480645,1749,521.6535837136817,1.2371265141072687,-0.06075265835840093
2020-01-21,Crystal Palace,Southampton,0,2,A,2.78,3.17,2.73,2019/20,8,25,0.34538894720247765,0.3028963007012264,0.3517147520962959,True,0.04147000976540505,0.486484467376178,0.2685737003871038,0.24494183223671834,1.5555748475191782,1.0349275762671375,1749,521.6535837136817,1.2371265141072687,-0.06075265835840093
2020-01-21,Everton,Newcastle,2,2,D,1.5,4.29,7.16,2019/20,9,21,0.6413761134566959,0.22425738232751602,0.13436650421578822,True,0.03943170423617337,0.46821955477540617,0.28968416253056806,0.242096282694026,1.379696102049509,0.9177152466960576,1749,521.6535837136817,1.2371265141072687,-0.06075265835840093
2020-01-21,Sheffield United,Man City,0,1,A,8.11,4.82,1.41,2019/20,24,18,0.1185628429123453,0.1994905925350872,0.6819465645525676,True,0.039993300092882045,0.2007958759565949,0.27271987245987994,0.5264842515835249,0.8478480060219685,1.5307282778797942,1749,521.6535837136817,1.2371265141072687,-0.06075265835840093
2020-01-22,Leicester,West Ham,4,1,H,1.47,4.71,6.64,2019/20,15,32,0.65210836778992,0.20352426765417886,0.144367364555901,True,0.043188743535170326,0.5934106627443303,0.2210172632609688,0.18557207399470027,2.038499817172178,1.0627068295449973,1755,526.5993311502352,1.234387155151845,-0.057302585737653476
2020-01-22,Man United,Burnley,0,2,A,1.45,4.48,7.8,2019/20,19,5,0.6624454976303317,0.21440758293838857,0.12314691943127962,True,0.04107458633320715,0.633739106777318,0.22054133816289187,0.14571955505979026,1.9720307943246165,0.8370557304440148,1755,526.5993311502352,1.234387155151845,-0.057302585737653476
2020-01-22,Tottenham,Norwich,2,1,H,1.38,5.12,8.24,2019/20,29,22,0.6958908447916392,0.1875643292602465,0.11654482594811433,True,0.04130940446039122,0.7584756994992844,0.1580935732533381,0.08343072724737781,2.535494841498847,0.742213890682475,1755,526.5993311502352,1.234387155151845,-0.057302585737653476
2020-01-23,Wolves,Liverpool,1,2,A,5.21,3.96,1.67,2019/20,33,16,0.18397852304182719,0.2420525517797777,0.573968925178395,True,0.04326622738934405,0.1677594471681174,0.2387393466514455,0.5935012061804371,0.8594201886777584,1.814951027756168,1758,528.5411909808176,1.230887444228757,-0.05707833123453434
2020-01-29,West Ham,Liverpool,0,2,A,8.53,5.34,1.35,2019/20,32,16,0.11215921661244627,0.17916069619928213,0.7086800871882715,True,0.04523995259930569,0.11153223743699892,0.18415674012725064,0.7043110224357501,0.8197056040474672,2.3134333672164966,1759,523.224671603363,1.2307659876347075,-0.057078517713004984
2020-02-01,Watford,Everton,2,3,A,2.97,3.34,2.46,2019/20,30,9,0.3229412319592491,0.2871663050655599,0.38989246297519103,True,0.042605599345777456,0.32993633138353895,0.2841346933952244,0.38592897522123654,1.190725574899986,1.3082514376562078,1760,521.0887407740178,1.2300299454598496,-0.05700698153193696
2020-02-01,Leicester,Chelsea,2,2,D,2.54,3.53,2.73,2019/20,15,7,0.3773656572934492,0.27153222932729776,0.3511021133792531,True,0.04328727268211097,0.419534379552134,0.25891712726716476,0.3215484931807011,1.562872808688408,1.3428195699253336,1760,521.0887407740178,1.2300299454598496,-0.05700698153193696
2020-02-01,West Ham,Brighton,3,3,D,2.51,3.37,2.87,2019/20,32,4,0.3817709587397324,0.28434572891297566,0.333883312347292,True,0.04357433529563126,0.4740325326261319,0.27287774873810944,0.2530897186357587,1.5036752911840143,1.0327222725034384,1760,521.0887407740178,1.2300299454598496,-0.05700698153193696
2020-02-01,Newcastle,Norwich,0,0,D,2.25,3.35,3.33,2019/20,21,22,0.42601821618834845,0.28613163773844297,0.28785014607320847,True,0.04325220743131197,0.5349328676167965,0.2628115495186367,0.20225558286456666,1.6082750645257906,0.8943628311350742,1760,521.0887407740178,1.2300299454598496,-0.05700698153193696
2020-02-01,Bournemouth,Aston Villa,2,1,H,2.18,3.37,3.5,2019/20,2,1,0.4405788223341153,0.285003511183493,0.2744176664823918,True,0.04116578708907115,0.4670644453152854,0.24254066622551104,0.2903948884592034,1.7875910234123635,1.3736850798219098,1760,521.0887407740178,1.2300299454598496,-0.05700698153193696
2020-02-01,Liverpool,Southampton,4,0,H,1.3,5.65,10.11,2019/20,16,25,0.7360116995986316,0.16934782468641082,0.0946404757149576,True,0.04513388802141716,0.8238728281614429,0.12350364881453212,0.05262352302402495,2.834363516513419,0.6232791317793692,1760,521.0887407740178,1.2300299454598496,-0.05700698153193696
2020-02-01,Crystal Palace,Sheffield United,0,1,A,3.09,3.03,2.58,2019/20,8,24,0.31080259061795545,0.3169570973628654,0.3722403120191791,True,0.04125449799439185,0.3141370646752926,0.3456707244616594,0.34019221086304785,0.8686104241500094,0.9161225638851908,1760,521.0887407740178,1.2300299454598496,-0.05700698153193696
2020-02-01,Man United,Wolves,0,0,D,2.13,3.35,3.65,2019/20,19,33,0.4505757715338554,0.28648549055734684,0.2629387379087978,True,0.04196363350141041,0.4842967109961885,0.2673683869787689,0.24833490202504288,1.5567007457607478,1.047201750185109,1760,521.0887407740178,1.2300299454598496,-0.05700698153193696
2020-02-02,Burnley,Arsenal,0,0,D,3.93,3.68,1.94,2019/20,5,0,0.2442773166175092,0.2608722430181552,0.49485044036433573,True,0.04165597416920708,0.27888887919587874,0.2570637722218915,0.4640473485822302,1.2371501181112117,1.6541353358878055,1768,528.0316207648523,1.2275139719373271,-0.06520232218370305
2020-02-02,Tottenham,Man City,2,0,H,5.87,4.62,1.53,2019/20,29,18,0.16374212110050937,0.2080446430432879,0.6282132358562027,True,0.04040273896972968,0.2602177729989461,0.2437246905163124,0.4960575364847415,1.2656809332058845,1.8145707690521684,1768,528.0316207648523,1.2275139719373271,-0.06520232218370305
2020-02-08,Brighton,Watford,1,1,D,2.3,3.35,3.23,2019/20,4,30,0.41690265657207803,0.2862316746614267,0.29686566876649517,True,0.04288759460203373,0.40513749524736964,0.2927435966485675,0.3021189081040631,1.3103281885106566,1.0972459957252487,1770,523.7092514001127,1.2330625544745522,-0.07182877244093823
2020-02-08,Everton,Crystal Palace,3,1,H,1.65,3.72,5.92,2019/20,9,8,0.5806308729079002,0.2575378871768912,0.16183123991520865,True,0.0437967292806003,0.4531425868545841,0.2860395823290446,0.2608178308163714,1.4148098027511493,1.013493644943934,1770,523.7092514001127,1.2330625544745522,-0.07182877244093823
2020-02-09,Sheffield United,Bournemouth,2,1,H,1.77,3.45,5.41,2019/20,24,2,0.5434146511891971,0.2787953427840229,0.17779000602677983,True,0.039669707425181056,0.5419398273676722,0.286501690074959,0.171558482557369,1.447844305779214,0.6999911488198953,1772,524.6588836152199,1.2354152331880162,-0.07556673804086518
2020-02-14,Wolves,Leicester,0,0,D,2.67,3.21,2.81,2019/20,33,15,0.359459621017395,0.2989897782294219,0.3415506007531831,True,0.04193020107776779,0.37246675817747976,0.27626182584097286,0.35127141598154754,1.374902852904671,1.328881398510252,1773,520.4284903320217,1.2356599269198618,-0.07508871222125259
2020-02-15,Norwich,Liverpool,0,1,A,8.76,5.47,1.34,2019/20,22,16,0.10942384459897232,0.1752381862316266,0.7153379691694011,True,0.043239264347915585,0.06014349242727638,0.1454909032375066,0.7943656043352171,0.6108408856778198,2.595663121235213,1774,520.3866755134479,1.236175571103971,-0.08066801189496836
2020-02-15,Southampton,Burnley,1,2,A,1.69,3.95,5.11,2019/20,25,5,0.5686431390667656,0.2432928873475528,0.18806397358568172,True,0.04057524953604763,0.43162901427792216,0.27762559735986797,0.29074538836220987,1.4735921245505004,1.1695670485724061,1774,520.3866755134479,1.236175571103971,-0.08066801189496836
2020-02-16,Arsenal,Newcastle,4,0,H,1.45,4.56,7.55,2019/20,0,21,0.662236114450589,0.21057946621784082,0.1271844193315701,True,0.04140374915365608,0.5571556007083452,0.2528330414060218,0.19001135788563317,1.7426123050632722,0.9275877004294802,1776,521.3429462396047,1.235554665631229,-0.07795508352478747
2020-02-16,Aston Villa,Tottenham,2,3,A,3.88,3.72,1.94,2019/20,1,29,0.2473404255319149,0.25797872340425526,0.4946808510638298,True,0.042013080589735186,0.1859463323396912,0.2231553914798313,0.5908982761804777,1.089029724839171,2.0649237844432906,1776,521.3429462396047,1.235554665631229,-0.07795508352478747
2020-02-17,Chelsea,Man United,0,2,A,1.98,3.44,4.04,2019/20,7,19,0.4841019924759649,0.27864010032046815,0.23725790720356696,True,0.04327293194435722,0.44807062180156154,0.2718843877790528,0.28004499041938563,1.5322464882446434,1.1657459654823905,1778,522.297306335576,1.2403937137210266,-0.07734187131610382
2020-02-19,Man City,West Ham,2,0,H,1.12,9.82,19.6,2019/20,18,32,0.8538281909872311,0.09738162667064143,0.04879018234212749,True,0.045710544910428474,0.8276966746571028,0.1145837150217522,0.05771961032114464,3.1792965414866554,0.8084966005819445,1779,521.2082979124239,1.236470112137301,-0.07762323063056945
2020-02-22,Burnley,Bournemouth,3,0,H,2.25,3.3,3.42,2019/20,5,2,0.42740286298568514,0.2914110429447853,0.2811860940695297,True,0.039872408293460726,0.44969006667101946,0.27109994597206344,0.279209987356917,1.5417552559487007,1.1690597571068622,1780,519.0844291029784,1.2361443927640274,-0.07790248217878391
2020-02-22,Chelsea,Tottenham,2,1,H,1.87,3.52,4.51,2019/20,7,29,0.5139052095573834,0.27301214257736,0.21308264786525657,True,0.040579757401852046,0.3902628904560204,0.2715374713949719,0.3381996381490075,1.4515301960600966,1.3368863283819135,1780,519.0844291029784,1.2361443927640274,-0.07790248217878391
2020-02-22,Crystal Palace,Newcastle,1,0,H,2.18,3.21,3.7,2019/20,8,21,0.44085550540444235,0.2993971968167241,0.2597472977788336,True,0.04051234635132417,0.43321983050964435,0.307265238962308,0.25951493052804775,1.2645715880527537,0.9186840431923572,1780,519.0844291029784,1.2361443927640274,-0.07790248217878391
2020-02-22,Leicester,Man City,0,1,A,5.31,4.49,1.59,2019/20,15,18,0.18108558513997855,0.21415689467556479,0.6047575201844566,True,0.03997188396802942,0.2303139161723878,0.2340947042686012,0.5355913795590111,1.2352070613337642,1.9639286554396154,1780,519.0844291029784,1.2361443927640274,-0.07790248217878391
2020-02-22,Sheffield United,Brighton,1,1,D,1.93,3.4,4.37,2019/20,24,4,0.4976870848560165,0.282510609932974,0.21980230521100952,True,0.041085314029810416,0.5284398789321246,0.3077353313473149,0.16382478972056033,1.3091666570851241,0.6079501905155792,1780,519.0844291029784,1.2361443927640274,-0.07790248217878391
2020-02-22,Southampton,Aston Villa,2,0,H,1.72,4.03,4.71,2019/20,25,1,0.5580421060677778,0.23817181698178108,0.20378607695044115,True,0.041848531706665026,0.4896317674683149,0.24124882744428178,0.2691194050874035,1.869509404200821,1.3469030556017105,1780,519.0844291029784,1.2361443927640274,-0.07790248217878391
2020-02-23,Arsenal,Everton,3,2,H,1.99,3.62,3.79,2019/20,0,9,0.4819765542389613,0.2649539621368876,0.2530694836241512,True,0.04260789948078547,0.5216455518927908,0.24360997434395287,0.23474447376325605,1.8412814251170317,1.175985672034029,1786,524.0353097138681,1.2445616496991607,-0.07321725337394959
2020-02-23,Man United,Watford,3,0,H,1.58,3.97,6.26,2019/20,19,30,0.6059206740849822,0.24114727079452697,0.15293205512049074,True,0.04454497011649328,0.629008975992707,0.22627263445189735,0.14471838955539595,1.9453021188956634,0.8267818569140444,1786,524.0353097138681,1.2445616496991607,-0.07321725337394959
2020-02-23,Wolves,Norwich,3,0,H,1.51,4.24,6.97,2019/20,33,22,0.635818923878924,0.22643551298518283,0.13774556313589315,True,0.041572735188436294,0.6224026161796055,0.2370304954747149,0.14056688834567968,1.8269651211551121,0.7508277822985729,1786,524.0353097138681,1.2445616496991607,-0.07321725337394959
2020-02-24,Liverpool,West Ham,3,2,H,1.15,8.55,17.55,2019/20,16,32,0.8333125078095714,0.1120829688866675,0.05460452330376109,True,0.043504338698846734,0.8260745465861035,0.12294409542250768,0.0509813579913887,2.8728437655690455,0.6305544592554936,1789,525.9822924626972,1.2509825074898315,-0.07377459204999791
2020-02-28,Norwich,Leicester,1,0,H,4.16,3.83,1.85,2019/20,22,15,0.2306905903764696,0.2505673253175231,0.5187420843060073,True,0.042021761669281066,0.17851827602470216,0.24051130929018752,0.58097041468511,0.93244087804086,1.8476540443466398,1790,522.7832526769935,1.2486603429871634,-0.07367295735578454
2020-02-29,West Ham,Southampton,3,1,H,2.57,3.53,2.71,2019/20,32,25,0.3736383484812386,0.27202565314356464,0.35433599837519675,True,0.04139486738282905,0.47222344347638,0.25149910475416715,0.27627745176945295,1.7183188922745387,1.270079149956839,1791,522.7367330401162,1.252282511938617,-0.06605569058609395
2020-02-29,Newcastle,Burnley,0,0,D,2.72,3.21,2.76,2019/20,21,5,0.35300023906287353,0.2991154673679178,0.3478842935692088,True,0.041492379154018266,0.3991426928154291,0.304084908841119,0.2967723983434515,1.2201491731613956,1.0150275988441377,1791,522.7367330401162,1.252282511938617,-0.06605569058609395
2020-02-29,Watford,Liverpool,3,0,H,6.72,4.62,1.48,2019/20,30,16,0.14295749912188266,0.20793818054092025,0.649104320337197,True,0.04093541593541605,0.09318748493299858,0.18187884304002913,0.7249336720269723,0.699731158327677,2.273914755698272,1791,522.7367330401162,1.252282511938617,-0.06605569058609395
2020-02-29,Bournemouth,Chelsea,2,2,D,4.12,3.73,1.89,2019/20,2,7,0.23340208779602764,0.2578060594422611,0.5087918527617111,True,0.03991549044777942,0.23286021366533474,0.24420091766258362,0.5229388686720813,1.1496817717631804,1.817543833975046,1791,522.7367330401162,1.252282511938617,-0.06605569058609395
2020-02-29,Brighton,Crystal Palace,0,1,A,2.2,3.16,3.7,2019/20,4,8,0.4365292712066906,0.30391278375149344,0.259557945041816,True,0.041271421018256316,0.3505127752051186,0.3075422533699942,0.34194497142488717,1.1177041708849536,1.1006245741984297,1791,522.7367330401162,1.252282511938617,-0.06605569058609395
2020-03-01,Everton,Man United,1,1,D,2.84,3.32,2.57,2019/20,9,19,0.33778305621536026,0.2889469517022961,0.37326999208234357,True,0.042422553699205334,0.33253299925725827,0.27787633068776324,0.38959067005497866,1.2546762378602323,1.3771749768088664,1796,526.6823143442048,1.2621602943852364,-0.06600611208618455
2020-03-01,Tottenham,Wolves,2,3,A,2.78,3.09,2.78,2019/20,29,33,0.34486607142857145,0.31026785714285715,0.34486607142857145,True,0.04304905590091046,0.5240696035699453,0.26083246670920057,0.215097929720854,1.6469502458533551,0.9725542381938105,1796,526.6823143442048,1.2621602943852364,-0.06600611208618455
2020-03-07,Arsenal,West Ham,1,0,H,1.64,4.25,5.13,2019/20,0,32,0.5863140938586607,0.2262482621007538,0.18743764404058552,True,0.03998198908717665,0.6062750178801664,0.20974613627277477,0.18397884584705937,2.216797824589453,1.1625221333688869,1798,522.3760398938879,1.259156589071401,-0.06949598493464662
2020-03-07,Burnley,Tottenham,1,1,D,2.73,3.32,2.68,2019/20,5,29,0.3519954426053106,0.2894420356362946,0.35856252175839476,True,0.04063951393568366,0.24633054020975867,0.26588071270825053,0.4877887470819906,1.0714332096279167,1.598908801349891,1798,522.3760398938879,1.259156589071401,-0.06949598493464662
2020-03-07,Crystal Palace,Watford,1,0,H,2.7,3.08,2.89,2019/20,8,30,0.35576054547925273,0.3118680106473969,0.33237144387335027,True,0.041066456291369846,0.4693395982563605,0.28432393697440406,0.24633646476923543,1.4361623853903032,0.9713976085950622,1798,522.3760398938879,1.259156589071401,-0.06949598493464662
2020-03-07,Liverpool,Bournemouth,2,1,H,1.22,7.07,12.64,2019/20,16,2,0.7879729479503752,0.13597270106074366,0.07605435098888114,True,0.040228770898315336,0.8457137298568381,0.10932010737244535,0.04496616277071633,3.058127321576123,0.6366283527747855,1798,522.3760398938879,1.259156589071401,-0.06949598493464662
2020-03-07,Sheffield United,Norwich,1,0,H,1.68,3.88,5.37,2019/20,24,22,0.5727905519084221,0.2480124039191106,0.17919704417246723,True,0.03918979329334693,0.5915154815420606,0.27708088870059155,0.13140362975734782,1.4807918753065688,0.5580998008938775,1798,522.3760398938879,1.259156589071401,-0.06949598493464662
2020-03-07,Southampton,Newcastle,0,1,A,1.74,3.82,4.92,2019/20,25,21,0.5527439562378683,0.2517734250926416,0.19548261866949002,True,0.03974478091052802,0.41806823220005307,0.29291721677746274,0.2890145510224842,1.3227805180923713,1.0568771275081863,1798,522.3760398938879,1.259156589071401,-0.06949598493464662
2020-03-07,Wolves,Brighton,0,0,D,1.72,3.73,5.23,2019/20,33,4,0.5586598738226357,0.257612595971832,0.18372753020553217,True,0.040696452492651636,0.5784712433940701,0.25671365319501027,0.16481510341091976,1.6695486201127505,0.7789954559916434,1798,522.3760398938879,1.259156589071401,-0.06949598493464662
2020-03-08,Chelsea,Everton,4,0,H,1.87,3.8,4.13,2019/20,7,9,0.5141679580383381,0.2530247582978138,0.23280728366384806,True,0.040048003630938966,0.542281750074945,0.2419560963024913,0.21576215362256385,1.8290295624149178,1.0803040193327342,1805,528.3183458606981,1.257026463810094,-0.06165285549401959
2020-03-08,Man United,Man City,2,0,H,4.51,3.92,1.78,2019/20,19,18,0.21348280229833008,0.24561414244017057,0.5409030552614993,True,0.03862928364748841,0.24620737621660937,0.25133876732207,0.5024538564613203,1.1477776529156882,1.727145408725155,1805,528.3183458606981,1.257026463810094,-0.06165285549401959
2020-03-09,Leicester,Aston Villa,4,0,H,1.52,4.47,6.21,2019/20,15,1,0.6309899686990678,0.21456482157104764,0.15444520972988451,True,0.042638979187748394,0.6992882574341029,0.17742357554516477,0.12328816702073218,2.484179815317938,0.9718333408822254,1807,529.2587690989307,1.2667115772086968,-0.06110683745624016
2020-06-17,Man City,Arsenal,3,0,H,1.28,6.3,9.64,2019/20,18,0,0.7485283822557903,0.1520819570297479,0.09938966071446179,True,0.04371459856418358,0.7022480304635653,0.17390373646162213,0.12384823307481221,2.543321496563864,1.0043714094002254,1808,434.13916135057116,1.2706493671800396,-0.06048515145519898
2020-06-17,Aston Villa,Sheffield United,0,0,D,3.28,3.29,2.32,2019/20,1,24,0.2931903386392969,0.29229918259480053,0.4145104787659025,True,0.039863899320263574,0.2395857391256434,0.29418459764477944,0.46622966322957715,0.8891645710079421,1.3469056814482723,1808,434.13916135057116,1.2706493671800396,-0.06048515145519898
2020-06-19,Norwich,Southampton,0,3,A,2.9,3.41,2.46,2019/20,22,25,0.33010908404035955,0.28073793070881015,0.3891529852508303,True,0.04458678321235632,0.3450896093988319,0.28552457888100247,0.36938581172016527,1.2347718480161056,1.2859353102099151,1810,434.39808917095706,1.2758015919762598,-0.06614822771088048
2020-06-19,Tottenham,Man United,1,1,D,3.27,3.45,2.25,2019/20,29,19,0.2940173853758309,0.2786773478779615,0.42730526674620756,True,0.0401099144617294,0.4469627511686826,0.2700091502330007,0.2830280985983169,1.5227081439517396,1.1657838324110492,1810,434.39808917095706,1.2758015919762598,-0.06614822771088048
2020-06-20,Bournemouth,Crystal Palace,0,2,A,2.71,3.09,2.87,2019/20,2,8,0.35444985791310113,0.31086055499822146,0.33468958708867735,True,0.041060341255285016,0.3649459229472944,0.2850346700346369,0.35001940701806833,1.2887963465555723,1.2572291791930488,1812,435.5261652072201,1.2690514377611914,-0.0704733888968857
2020-06-20,Brighton,Arsenal,2,1,H,3.23,3.37,2.29,2019/20,4,0,0.29682950563673355,0.2844983095568692,0.41867218480639706,True,0.04301465097174839,0.2585135597409478,0.27030944217736835,0.47117699808168345,1.0905382596077366,1.5517235756319194,1812,435.5261652072201,1.2690514377611914,-0.0704733888968857
2020-06-20,Watford,Leicester,1,1,D,3.78,3.43,2.06,2019/20,30,15,0.2540010065425265,0.27991947659788624,0.4660795168595874,True,0.041532347258521174,0.26105274581905263,0.2649498784464324,0.4739973757345148,1.1320796093340146,1.600821869436088,1812,435.5261652072201,1.2690514377611914,-0.0704733888968857
2020-06-20,West Ham,Wolves,0,2,A,4.09,3.38,2.0,2019/20,32,33,0.23501435812572574,0.2843812795071652,0.48060436236710913,True,0.040356765671792916,0.3371866948741464,0.2776097215512214,0.3852035835746323,1.2767963181600115,1.3802981893674735,1812,435.5261652072201,1.2690514377611914,-0.0704733888968857
2020-06-21,Aston Villa,Chelsea,1,2,A,7.0,4.59,1.47,2019/20,1,7,0.13723145261179684,0.20928543971297997,0.6534831076752231,True,0.040994175447957026,0.1932005289701621,0.2232881619222344,0.5835113091076037,1.1212884169674313,2.0635784304048688,1816,438.64799134339415,1.2652824975480657,-0.07440476688493294
2020-06-21,Everton,Liverpool,0,0,D,5.75,3.97,1.62,2019/20,9,16,0.16672931697339394,0.24148452710252272,0.5917861559240835,True,0.04308616286128775,0.16327620209131427,0.22746766460152637,0.6092561333071593,0.927943870453398,1.9703061783007607,1816,438.64799134339415,1.2652824975480657,-0.07440476688493294
2020-06-21,Newcastle,Sheffield United,3,0,H,3.32,3.03,2.43,2019/20,21,24,0.2888533195240506,0.3164993468052303,0.39464733367071925,True,0.042760456322294305,0.27633499308030024,0.3731560975567698,0.3505089093629297,0.7281042334462237,0.8573701199640137,1816,438.64799134339415,1.2652824975480657,-0.07440476688493294
2020-06-22,Man City,Burnley,5,0,H,1.14,8.85,21.48,2019/20,18,5,0.846105160272074,0.1089898172553858,0.04490502247254024,True,0.0367422675617175,0.8076841865198745,0.13364107239574374,0.058674741084381976,2.7859617692155267,0.6679220577880144,1819,440.7655780681204,1.2743032620834824,-0.07996119269131283
2020-06-23,Leicester,Brighton,0,0,D,1.62,3.94,5.86,2019/20,15,4,0.592551149254191,0.24363778218065718,0.16381106856515176,True,0.04173952138009129,0.6240918936430767,0.23250779075806505,0.14340031559885813,1.8937988775821557,0.7990620304075444,1820,440.8829298544139,1.2800787599745636,-0.08040037712717782
2020-06-23,Tottenham,West Ham,2,0,H,1.56,4.16,6.29,2019/20,29,32,0.6161381168115587,0.23105179380433452,0.15281008938410678,True,0.04039276833394467,0.6518993040879753,0.20431069680773462,0.14378999910429013,2.2239517618963247,0.9646699866720342,1820,440.8829298544139,1.2800787599745636,-0.08040037712717782
2020-06-24,Norwich,Everton,0,1,A,4.42,3.57,1.87,2019/20,22,9,0.21730950141110067,0.26904985888993416,0.5136406396989651,True,0.041115746998099834,0.23601693270183585,0.28000174992856036,0.4839813173696037,0.9869965691762844,1.5136062497033858,1822,441.99804917034936,1.280664339922277,-0.08685050450028528
2020-06-24,Newcastle,Aston Villa,1,1,D,2.36,3.36,3.12,2019/20,21,1,0.40670391061452515,0.28566108007448787,0.3076350093109869,True,0.04186068169119017,0.5313729242787681,0.26349958551409075,0.20512749020714102,1.6665770678247775,0.9528468073414724,1822,441.99804917034936,1.280664339922277,-0.08685050450028528
2020-06-24,Wolves,Bournemouth,1,0,H,1.57,3.87,6.76,2019/20,33,2,0.6105254805683974,0.24768087971379427,0.14179363971780828,True,0.04326960205861341,0.6170125300045584,0.22998255435834483,0.15300491563709684,1.95416662983832,0.8770493259490856,1822,441.99804917034936,1.280664339922277,-0.08685050450028528
2020-06-24,Liverpool,Crystal Palace,4,0,H,1.28,5.78,11.79,2019/20,16,8,0.7518684669854516,0.16650374355387162,0.08162778946067668,True,0.039078022692387915,0.736360245404236,0.18425016588222562,0.07938958871353839,2.216669736727258,0.6047433589318705,1822,441.99804917034936,1.280664339922277,-0.08685050450028528
2020-06-24,Man United,Sheffield United,3,0,H,1.37,4.85,9.61,2019/20,19,24,0.701737613051746,0.1982227896661633,0.10003959728209075,True,0.0401708469422537,0.4907205120853641,0.3190787722949782,0.1902007156196576,1.2486793252766197,0.6746487023237397,1822,441.99804917034936,1.280664339922277,-0.08685050450028528
2020-06-25,Chelsea,Man City,2,1,H,4.2,3.93,1.82,2019/20,7,18,0.22849859117134041,0.24419696766402793,0.5273044411646317,True,0.041998713754438866,0.24846441311720402,0.2449427761268835,0.5065928107559121,1.241776407032971,1.844479748949445,1827,446.1049464724075,1.287982893637954,-0.08182245360959162
2020-06-25,Southampton,Arsenal,0,2,A,2.66,3.52,2.63,2019/20,25,0,0.3613906607434242,0.27309635158451945,0.3655129876720565,True,0.04025889559709839,0.302203620812665,0.25415563823513176,0.4436407409522033,1.3719001078974475,1.698152285410171,1827,446.1049464724075,1.287982893637954,-0.08182245360959162
2020-06-25,Burnley,Watford,1,0,H,3.59,3.2,2.22,2019/20,5,30,0.2674517540226942,0.30004743654421007,0.43250080943309555,True,0.04150198248387671,0.4405312775605018,0.2853142640347716,0.2741544584047262,1.4274678335537478,1.0762933605567215,1827,446.1049464724075,1.287982893637954,-0.08182245360959162
2020-06-27,Aston Villa,Wolves,0,1,A,4.49,3.42,1.9,2019/20,1,33,0.21385692846423215,0.2807653826913457,0.5053776888444222,True,0.04143059951288741,0.23746982380987475,0.26422387958636095,0.49830629660376424,1.05991775424985,1.6329965350660305,1830,447.3121147404235,1.290025323324783,-0.07605283172174691
2020-06-28,Watford,Southampton,1,3,A,2.38,3.23,3.2,2019/20,30,25,0.40312955841400344,0.2970428325155815,0.29982760907041506,True,0.04226559044670508,0.4335306667841647,0.2740965313913212,0.29237280182451425,1.4823336122890065,1.1768993293803152,1831,447.4163865377214,1.2892524439330981,-0.07032795172778938
2020-06-29,Crystal Palace,Burnley,0,1,A,2.02,3.17,4.31,2019/20,8,5,0.47485602471821853,0.3025896435112938,0.22255433177048758,True,0.04252547968462528,0.4598122671160812,0.29231466671189105,0.247873066172028,1.373391766486778,0.9396511304505141,1832,447.52044999982934,1.2839662988635028,-0.07060763701680417
2020-06-30,Brighton,Man United,0,3,A,6.82,4.12,1.53,2019/20,4,19,0.1405904997256705,0.2327250505167653,0.6266844497575641,True,0.04294078382617661,0.2233720768505325,0.28409298784413123,0.4925349353053364,0.8854910081441941,1.4406640055318927,1833,447.6243055430013,1.2809077293012088,-0.06413391339972917
2020-07-01,Everton,Leicester,2,1,H,2.58,3.21,2.9,2019/20,9,15,0.3712788360294821,0.29841102708911643,0.3303101368814014,True,0.04395096518248165,0.3531017116919252,0.2749488703027493,0.3719494180053255,1.3203603992387463,1.3611350194823408,1834,447.72795358265955,1.2755570261049896,-0.06420335885942069
2020-07-01,West Ham,Chelsea,3,2,H,7.02,4.65,1.46,2019/20,32,7,0.136651288616217,0.20629936474964372,0.6570493466341393,True,0.0424354127403177,0.264204933663431,0.24985123553579822,0.485943830800771,1.2334712703845823,1.740767697657669,1834,447.72795358265955,1.2755570261049896,-0.06420335885942069
2020-07-01,Arsenal,Norwich,4,0,H,1.45,4.83,6.97,2019/20,0,22,0.6630238049752734,0.19904441350189364,0.13793178152283303,True,0.04016653284343685,0.7367961894332951,0.17374935126581922,0.0894544593008853,2.358703667637783,0.7112828611552355,1834,447.72795358265955,1.2755570261049896,-0.06420335885942069
2020-07-01,Bournemouth,Newcastle,1,4,A,2.19,3.17,3.72,2019/20,2,21,0.43868087718319293,0.30306344512024996,0.2582556776965571,True,0.040895622116496666,0.3775961726095123,0.29192473279257086,0.3304790945979167,1.256044992313788,1.1586211200946552,1834,447.72795358265955,1.2755570261049896,-0.06420335885942069
2020-07-02,Man City,Liverpool,4,0,H,2.02,3.74,3.57,2019/20,18,16,0.4748488512696493,0.2564691656590084,0.26868198307134217,True,0.042541228912807316,0.44160037241643313,0.26093231823851865,0.2974673093450484,1.5902700403632541,1.268210175249137,1838,450.82540052939856,1.2781579620592833,-0.06362695174347613
2020-07-02,Sheffield United,Tottenham,3,1,H,4.72,3.67,1.79,2019/20,24,29,0.20312920332091342,0.2612451879222647,0.535625608756822,True,0.04300318868945352,0.2742698465690541,0.3188231133773936,0.40690704005355227,0.8894213629930043,1.1452669752971443,1838,450.82540052939856,1.2781579620592833,-0.06362695174347613
2020-07-04,Chelsea,Watford,3,0,H,1.37,5.06,8.84,2019/20,7,30,0.7013958797868703,0.18990362753122778,0.10870049268190186,True,0.040677637742995154,0.6722091693373893,0.2002462007737275,0.1275446298888832,2.181590537153786,0.8500234353975603,1840,451.0177167051739,1.2897232007645223,-0.06411307673863398
2020-07-04,Leicester,Crystal Palace,3,0,H,1.65,3.73,5.91,2019/20,15,8,0.580872878475269,0.25695449047833613,0.1621726310463949,True,0.043361858538570885,0.5583532859517029,0.25666570467860705,0.18498100936969025,1.6730710836613334,0.8623099402012256,1840,451.0177167051739,1.2897232007645223,-0.06411307673863398
2020-07-04,Man United,Bournemouth,5,2,H,1.19,7.3,15.59,2019/20,19,2,0.8068780349119898,0.13153217281442026,0.06158979227358999,True,0.041466117670982516,0.7230666103366898,0.17724014390150317,0.09969324576180727,2.3695235746161867,0.7783800368049038,1840,451.0177167051739,1.2897232007645223,-0.06411307673863398
2020-07-04,Norwich,Brighton,0,1,A,3.56,3.27,2.2,2019/20,22,4,0.2697696046079079,0.29369412611747764,0.43653626927461453,True,0.041254728503465676,0.2962610744403965,0.3164850066813415,0.38725391887826216,0.9538117175492601,1.1308031951790918,1840,451.0177167051739,1.2897232007645223,-0.06411307673863398
2020-07-04,Wolves,Arsenal,0,2,A,2.37,3.18,3.26,2019/20,33,0,0.40448543871148984,0.301456128851016,0.2940584324374942,True,0.04315480333274224,0.41850091285998364,0.27780034513072965,0.303698742009287,1.4203066263765114,1.1748684453722231,1840,451.0177167051739,1.2897232007645223,-0.06411307673863398
2020-07-05,Southampton,Man City,1,0,H,9.11,5.69,1.32,2019/20,25,18,0.10523469320558933,0.16848647717098744,0.7262788296234233,True,0.04309216608800481,0.11107999029098166,0.17157746418254202,0.7173425455264767,0.9078912960883041,2.5069065514038575,1845,455.1065926994772,1.2933113403599368,-0.05883715279261541
2020-07-05,Newcastle,West Ham,2,2,D,2.73,3.36,2.65,2019/20,21,32,0.35177963992367045,0.28582095743798225,0.3623994026383473,True,0.041277904485451655,0.4499893839261063,0.27631412891448437,0.27369648715940975,1.459213170130995,1.0842949910599908,1845,455.1065926994772,1.2933113403599368,-0.05883715279261541
2020-07-05,Burnley,Sheffield United,1,1,D,3.16,2.92,2.6,2019/20,5,24,0.3032530197481945,0.3281779254809229,0.3685690547708826,True,0.04353683424257371,0.3405316894893979,0.3345206718319708,0.3249476386786314,0.9623501948505225,0.9332393901600169,1845,455.1065926994772,1.2933113403599368,-0.05883715279261541
2020-07-05,Liverpool,Aston Villa,2,0,H,1.2,7.49,13.94,2019/20,16,1,0.8023770697151851,0.12855173346571722,0.06907119681909771,True,0.03858069327571467,0.8728821281043423,0.09189712839506572,0.03522074350059158,3.2586177466219306,0.5938631851772818,1845,455.1065926994772,1.2933113403599368,-0.05883715279261541
2020-07-06,Tottenham,Everton,1,0,H,1.99,3.56,3.88,2019/20,29,9,0.4826545159757359,0.26979845134598723,0.24754703267827696,True,0.04114339798145128,0.5696456029566406,0.23410633683661528,0.1962480602067442,1.8758359676592629,1.0157944180516423,1849,458.18929711542745,1.2972067862106873,-0.049630152794375805
2020-07-07,Arsenal,Leicester,1,1,D,2.21,3.44,3.34,2019/20,0,15,0.43400545453171857,0.2788232716613657,0.2871712738069156,True,0.04258755980620066,0.4629224477583487,0.24901963805800387,0.2880579141836475,1.686191544106735,1.2876941431498525,1850,458.2718362878444,1.2979447552184826,-0.04520846307483839
2020-07-07,Crystal Palace,Chelsea,2,3,A,7.62,4.36,1.47,2019/20,8,7,0.12608146548162838,0.22035338691972664,0.653565147598645,True,0.040863502809199925,0.2745653674632292,0.27332806304670215,0.45210656949006867,1.0793436246507828,1.456448905202408,1850,458.2718362878444,1.2979447552184826,-0.04520846307483839
2020-07-07,Watford,Norwich,2,1,H,1.75,3.71,4.94,2019/20,30,22,0.5476603844625264,0.2583303700294936,0.19400924550798002,True,0.043399500201883434,0.5660577836732206,0.25939055477893325,0.17455166154784668,1.6037136082741743,0.7747415108487781,1850,458.2718362878444,1.2979447552184826,-0.04520846307483839
2020-07-08,Brighton,Liverpool,1,3,A,6.1,4.04,1.58,2019/20,4,16,0.15696959562476026,0.2370085478492667,0.606021856525973,True,0.04437057110981901,0.12257970034316161,0.22140733847712257,0.656012961179716,0.6828366536068434,1.8876553351589915,1853,460.3502145442196,1.2957349019468476,-0.04865530059292699
2020-07-08,Man City,Newcastle,5,0,H,1.1,11.17,23.23,2019/20,18,21,0.8727293335678736,0.08594469712843877,0.04132596930368752,True,0.04166420690179251,0.7931412732475334,0.14204276987406492,0.06481595687840176,2.6116858094238062,0.6363244812769497,1853,460.3502145442196,1.2957349019468476,-0.04865530059292699
2020-07-08,Sheffield United,Wolves,1,0,H,4.13,3.07,2.11,2019/20,24,33,0.2324163739500773,0.31266437277323106,0.45491925327669164,True,0.04179729891722772,0.3543648811241506,0.3401527140784135,0.3054824047974361,0.9504940432251766,0.8608031766288994,1853,460.3502145442196,1.2957349019468476,-0.04865530059292699
2020-07-08,West Ham,Burnley,0,1,A,1.85,3.61,4.44,2019/20,32,5,0.5183678353476128,0.2656455665908819,0.2159865980615053,True,0.042774076015073215,0.46431289003424364,0.26251718621872816,0.27316992374702814,1.5663623337596286,1.1476485368158051,1853,460.3502145442196,1.2957349019468476,-0.04865530059292699
2020-07-09,Aston Villa,Man United,0,3,A,9.05,5.62,1.33,2019/20,1,19,0.10621538933753576,0.17104079599727734,0.7227438146651869,True,0.040312879877679286,0.1754532224044263,0.22478225379446617,0.5997645238011075,0.9461926369800192,1.9301624887942992,1857,463.42244219673603,1.298750884276948,-0.03821385020653785
2020-07-09,Bournemouth,Tottenham,0,0,D,4.76,3.87,1.75,2019/20,2,29,0.2020212566035372,0.2484809254348416,0.5494978179616211,True,0.03991053785855425,0.21610440362796454,0.22630952236193752,0.5575860740100981,1.1463857944505242,1.9541424390267812,1857,463.42244219673603,1.298750884276948,-0.03821385020653785
2020-07-09,Everton,Southampton,1,1,D,2.09,3.42,3.68,2019/20,9,25,0.45891644727726205,0.2804489400027712,0.26063461271996674,True,0.04260569077502718,0.5221679651606271,0.24976965433806342,0.22806238050130953,1.6921223631987374,1.0393502729400457,1857,463.42244219673603,1.298750884276948,-0.03821385020653785
2020-07-11,Watford,Newcastle,2,1,H,1.91,3.51,4.28,2019/20,30,21,0.5024062177066856,0.27338913841019075,0.2242046438831237,True,0.042105354137452755,0.3833379738746324,0.2924293414595983,0.32423268466576916,1.2396477075626653,1.1186401870575757,1860,464.56047883728513,1.2961849224320658,-0.05173183112269117
2020-07-11,Sheffield United,Chelsea,3,0,H,4.94,3.8,1.74,2019/20,24,7,0.19458734063967795,0.25296354283158135,0.5524491165287408,True,0.04029968821257368,0.3218015304856039,0.3068404148032347,0.37135805471116107,1.037781160330282,1.135768431710668,1860,464.56047883728513,1.2961849224320658,-0.05173183112269117
2020-07-11,Liverpool,Burnley,1,1,D,1.22,6.7,13.12,2019/20,16,5,0.7842661422999098,0.14280667068744624,0.07292718701264404,True,0.04514537468594648,0.7758303313722226,0.1553598929039393,0.06880977572383795,2.4430136027711042,0.6039798400647369,1860,464.56047883728513,1.2961849224320658,-0.05173183112269117
2020-07-11,Brighton,Man City,0,5,A,12.13,6.65,1.24,2019/20,4,18,0.07932530203931248,0.1446941223664452,0.7759805755942424,True,0.03926778358549621,0.100225890516264,0.18416986556094828,0.7156042439227873,0.7209755538625364,2.24311464895674,1860,464.56047883728513,1.2961849224320658,-0.05173183112269117
2020-07-11,Norwich,West Ham,0,4,A,3.65,3.53,2.07,2019/20,22,32,0.26334643980812406,0.2722987267137827,0.46435483347809325,True,0.04035050915950955,0.25602824841092325,0.2720194779894008,0.4719522735996761,1.038063680605528,1.4980990835154888,1860,464.56047883728513,1.2961849224320658,-0.05173183112269117
2020-07-12,Aston Villa,Crystal Palace,2,0,H,2.36,3.35,3.13,2019/20,1,8,0.40675684587424316,0.2865510914218548,0.30669206270390215,True,0.041725094137262886,0.31907383298138364,0.2852903852948969,0.3956357817237193,1.1558562536939045,1.3158786367991095,1865,468.6222963748006,1.28610014459884,-0.05646665052099842
2020-07-12,Bournemouth,Leicester,4,1,H,4.87,3.8,1.75,2019/20,2,15,0.19745534985227967,0.25305461941594787,0.5494900307317726,True,0.039925275200320964,0.23372707004390442,0.24371248299258938,0.5225604469635065,1.1380073522034384,1.7999314409124774,1865,468.6222963748006,1.28610014459884,-0.05646665052099842
2020-07-12,Tottenham,Arsenal,2,1,H,2.75,3.38,2.62,2019/20,29,0,0.3492561800943381,0.284158134692139,0.3665856852135228,True,0.041173741115021256,0.48039254979521884,0.2509833775946606,0.2686240726101204,1.7072791315551974,1.2262171412433789,1865,468.6222963748006,1.28610014459884,-0.05646665052099842
2020-07-12,Wolves,Everton,3,0,H,2.08,3.17,4.07,2019/20,33,9,0.46142319150534133,0.30276348212337856,0.2358133263712801,True,0.04192688971868774,0.46277801544003416,0.2895721919566984,0.2476497926032674,1.368283062860671,0.9291744292659994,1865,468.6222963748006,1.28610014459884,-0.05646665052099842
2020-07-13,Man United,Southampton,2,2,D,1.28,6.1,10.57,2019/20,19,25,0.7513523339851261,0.15766081762310843,0.09098684839176552,True,0.03979180560509943,0.6741602502776867,0.20012693384671743,0.12571281587559593,2.1589473396743237,0.8263071988630165,1869,471.6779963967956,1.302705178275391,-0.05733569951859174
2020-07-14,Chelsea,Norwich,1,0,H,1.12,9.54,20.99,2019/20,7,22,0.854146636512309,0.10027717325930674,0.045576190228384286,True,0.04532067995127664,0.8136651322679568,0.13186935024660862,0.0544655174854346,2.6991831996705846,0.591404994528516,1870,471.73358513007247,1.2997986458379518,-0.057328733046339
2020-07-15,Arsenal,Liverpool,2,1,H,4.53,4.2,1.72,2019/20,0,16,0.21221094190637338,0.22888465877044556,0.5589043993231811,True,0.04024113880882707,0.2605591829956824,0.25226335741539546,0.48717745958892233,1.1847907135209528,1.6961209504352943,1871,471.7890627969862,1.298083908571022,-0.055415165347021615
2020-07-15,Burnley,Wolves,1,1,D,4.63,3.26,1.93,2019/20,5,33,0.20750292696601422,0.29470507725541284,0.497791995778573,True,0.04086590266586487,0.3146876384548754,0.31091084096406496,0.3744015205810593,1.008282050750434,1.1254657993034631,1871,471.7890627969862,1.298083908571022,-0.055415165347021615
2020-07-15,Man City,Bournemouth,2,1,H,1.15,9.04,16.98,2019/20,18,2,0.8368627134556231,0.10645930536216444,0.05667798118221239,True,0.0390775014944138,0.8935229842555121,0.07529610030333288,0.031180915441154724,3.6658669692996497,0.6750051567197299,1871,471.7890627969862,1.298083908571022,-0.055415165347021615
2020-07-15,Newcastle,Tottenham,1,3,A,5.25,4.06,1.65,2019/20,21,29,0.18265101631835098,0.23618665903235045,0.5811623246492986,True,0.0428422152560084,0.2641672139428883,0.2780295313095864,0.45780325474752515,1.0382109622148672,1.4463394681447332,1871,471.7890627969862,1.298083908571022,-0.055415165347021615
2020-07-16,Southampton,Brighton,1,1,D,2.28,3.37,3.25,2019/20,25,4,0.42050441332867494,0.2844955674745931,0.29500001919673197,True,0.04302470396488833,0.5052060177084405,0.26927321683012057,0.22552076546143848,1.5527758247200643,0.9559425368890625,1875,474.8384356154494,1.2941300925473855,-0.058659441223897865
2020-07-16,Leicester,Sheffield United,2,0,H,2.14,3.24,3.75,2019/20,15,24,0.44819725105686015,0.2960315176733582,0.2557712312697815,True,0.0425983616014769,0.44365002406432547,0.3048453000018574,0.251504675933817,1.2567971186499627,0.8773591538017858,1875,474.8384356154494,1.2941300925473855,-0.058659441223897865
2020-07-16,Everton,Aston Villa,1,1,D,2.12,3.51,3.49,2019/20,9,1,0.45219436025972776,0.2731202403847929,0.27468539935547936,True,0.04313134939723029,0.6005800887973184,0.23047579710923388,0.16894411409344762,1.9073740949765128,0.9137713513498167,1875,474.8384356154494,1.2941300925473855,-0.058659441223897865
2020-07-16,Crystal Palace,Man United,0,2,A,8.68,5.27,1.35,2019/20,8,19,0.11017233930200183,0.1814603235562383,0.7083673371417598,True,0.04570143469574206,0.23783578662741076,0.27584121699496705,0.486322996377622,0.9669420564314164,1.4907159677661497,1875,474.8384356154494,1.2941300925473855,-0.058659441223897865
2020-07-17,West Ham,Watford,3,1,H,2.48,2.91,3.34,2019/20,32,30,0.38539378415029696,0.32844556175008127,0.2861606540996217,True,0.046269615740252235,0.5139872879416524,0.25003846465171786,0.2359742474066299,1.7535378980221883,1.1232344873376674,1879,477.8817157829577,1.2918583686089264,-0.06595950119062773
2020-07-18,Norwich,Burnley,0,2,A,3.2,3.39,2.3,2019/20,22,5,0.29982695635454726,0.2830224956739089,0.41715054797154405,True,0.042267859433115174,0.22262832424303455,0.3025495371054108,0.4748221386515546,0.8092817585033525,1.3081659148772593,1880,477.9249094766334,1.2942864377995449,-0.06614284827974944
2020-07-19,Bournemouth,Southampton,0,2,A,2.43,3.73,2.74,2019/20,2,25,0.3939589010997483,0.25665419026069397,0.34938690863955785,True,0.04458265213979917,0.4071257164671009,0.2597610312575233,0.3331132522753761,1.556372947543291,1.3892809779032413,1881,477.9680168692517,1.2915267558742038,-0.0666325794266767
2020-07-19,Tottenham,Leicester,3,0,H,2.33,3.36,3.14,2019/20,29,15,0.41059489247102593,0.2847280057909198,0.3046771017380543,True,0.045274934554888624,0.4958050716555115,0.25559326476304084,0.24860166358144753,1.6932062819514764,1.1385805665333595,1881,477.9680168692517,1.2915267558742038,-0.0666325794266767
2020-07-20,Brighton,Newcastle,0,0,D,1.99,3.49,3.92,2019/20,4,21,0.4812658521741883,0.27441806470677216,0.2443160831190395,True,0.04414755491979516,0.36789697801942733,0.3095699540446982,0.3225330679358747,1.1409451214347368,1.0509369885404303,1883,479.0090401319095,1.2921925723204544,-0.067190719402442
2020-07-20,Sheffield United,Everton,0,1,A,1.98,3.35,4.15,2019/20,24,9,0.48352317189809585,0.28578384488305364,0.2306929832188505,True,0.044521823158758966,0.442255986949712,0.3170779364760926,0.24066607657419542,1.199240580370885,0.8107178208800756,1883,479.0090401319095,1.2921925723204544,-0.067190719402442
2020-07-20,Wolves,Crystal Palace,2,0,H,1.44,4.24,8.68,2019/20,33,8,0.6642217730291655,0.2255847531042449,0.11019347386658968,True,0.0455008743201073,0.5417890243627845,0.27934971528243957,0.1788612603547757,1.4876148804368274,0.7435651931451893,1883,479.0090401319095,1.2921925723204544,-0.067190719402442
2020-07-21,Aston Villa,Arsenal,1,0,H,3.13,3.7,2.2,2019/20,1,0,0.3059345285075356,0.25880407411583417,0.4352613973766302,True,0.04430454270709849,0.2088914113645539,0.23456901512920972,0.5565395735062364,1.107515670780108,1.921992838569761,1886,481.04598542736846,1.2924525724792029,-0.06678451708009939
2020-07-21,Watford,Man City,0,4,A,9.13,6.01,1.3,2019/20,30,18,0.10479750728673311,0.15920153769182585,0.7360009550214409,True,0.04514914550397586,0.09113240555534588,0.16349697932597418,0.7453706151186801,0.7966485876913396,2.5326097285455527,1886,481.04598542736846,1.2924525724792029,-0.06678451708009939
2020-07-22,Liverpool,Chelsea,5,3,H,1.91,3.73,3.97,2019/20,16,7,0.5017126826607398,0.2569091753034887,0.24137814203577154,True,0.04354589293513511,0.6403654024496966,0.20839881294580848,0.15123578460449474,2.133190664373759,0.9461302036352051,1888,482.0808589047451,1.2918310329375642,-0.0582190952003362
2020-07-22,Man United,West Ham,1,1,D,1.26,6.4,10.94,2019/20,19,32,0.7621668459163724,0.15005159778978583,0.0877815562938418,True,0.04130847189576614,0.6658732438435861,0.19683022278101414,0.13729653337539943,2.2453025579249632,0.9305814045220808,1888,482.0808589047451,1.2918310329375642,-0.0582190952003362
2020-07-26,Newcastle,Liverpool,1,3,A,5.57,4.48,1.56,2019/20,21,16,0.1720040559564477,0.21385325707085123,0.614142686972701,True,0.043773140384451015,0.14833238953176103,0.22779920286960054,0.623868407598638,0.8220607574140102,1.9111330175923382,1890,480.22366139524325,1.2899185700884388,-0.0626500080108941
2020-07-26,Man City,Norwich,5,0,H,1.04,19.42,40.86,2019/20,18,22,0.9267790744229918,0.049631835087534056,0.023589090489474097,True,0.03750558042876695,0.9391962750938032,0.04910993683751878,0.011693788068678008,3.820027009415449,0.3832884877462977,1890,480.22366139524325,1.2899185700884388,-0.0626500080108941
2020-07-26,West Ham,Aston Villa,1,1,D,2.62,3.5,2.65,2019/20,32,1,0.3653300772018276,0.2734756577910824,0.36119426500709,True,0.04475216559330053,0.5693253142855718,0.2328456336784258,0.19782905203600232,1.9236726727873477,1.0564888467406315,1890,480.22366139524325,1.2899185700884388,-0.0626500080108941
2020-07-26,Southampton,Sheffield United,3,1,H,1.99,3.61,3.81,2019/20,25,24,0.48226326179264295,0.2658459531765539,0.25189078503080303,True,0.04198806466442773,0.35288404420463626,0.3213671881360214,0.3257487676593424,1.0476276917791267,0.9953577777715372,1890,480.22366139524325,1.2899185700884388,-0.0626500080108941
2020-07-26,Leicester,Man United,0,2,A,3.71,3.57,2.02,2019/20,15,19,0.258007964136342,0.2681259235142378,0.4738661123494203,True,0.044703328744163384,0.36556099447323986,0.27317968325770087,0.361259322269059,1.3575694331435137,1.3482269421058788,1890,480.22366139524325,1.2899185700884388,-0.0626500080108941
2020-07-26,Everton,Bournemouth,1,3,A,2.35,3.62,2.91,2019/20,9,2,0.4070449039208337,0.2642418575176683,0.328713238561498,True,0.04541762050011777,0.5590795607273915,0.24080060420967778,0.2001198350629306,1.8365247818037251,1.0166494486978064,1890,480.22366139524325,1.2899185700884388,-0.0626500080108941
2020-07-26,Crystal Palace,Tottenham,1,1,D,6.87,4.46,1.49,2019/20,8,29,0.13983868490106663,0.21540174109200177,0.6447595740069315,True,0.040916593803228096,0.23383217664048525,0.2740317967301033,0.49213602662941136,0.9687644102577779,1.5164280219657806,1890,480.22366139524325,1.2899185700884388,-0.0626500080108941
2020-07-26,Chelsea,Wolves,2,0,H,1.91,3.35,4.49,2019/20,7,33,0.5011177409306401,0.28571190602314106,0.21317035304621884,True,0.04478482133114081,0.46943124105929834,0.2697566218945784,0.26081213704612355,1.5382824745562091,1.0872833556547676,1890,480.22366139524325,1.2899185700884388,-0.0626500080108941
2020-07-26,Burnley,Brighton,1,2,A,2.62,3.33,2.75,2019/20,5,4,0.3650282416062438,0.2871993972998075,0.3477723610939487,True,0.04561605324964102,0.48979972637905544,0.2939358906134061,0.2162643830075384,1.3665133856139435,0.8171331310885672,1890,480.22366139524325,1.2899185700884388,-0.0626500080108941
2020-07-26,Arsenal,Watford,3,2,H,2.01,3.76,3.56,2019/20,0,30,0.47637621535439234,0.25465856193147035,0.26896522271413725,True,0.04436876102395049,0.6741957919936432,0.197118713597312,0.12868549440904456,2.2227817534190595,0.8752344442166513,1890,480.22366139524325,1.2899185700884388,-0.0626500080108941
2020-09-12,Crystal Palace,Southampton,1,0,H,3.08,3.22,2.47,2020/21,8,25,0.31216000879169187,0.29858783449640086,0.38925215671190727,True,0.04009263048164646,0.3922808305773942,0.289899784518977,0.31781938490362854,1.3044627762836172,1.1493296432528117,1900,445.35055620302825,1.2831957140037233,-0.06939796923639788
2020-09-12,Fulham,Arsenal,0,3,A,5.36,3.93,1.67,2020/21,10,0,0.17942212902996516,0.2447080436642782,0.5758698273057565,True,0.03982248559733681,0.16237364017124795,0.2154413189223142,0.6221850409064377,0.9891265402082658,2.0989130610109448,1900,445.35055620302825,1.2831957140037233,-0.06939796923639788
2020-09-12,Liverpool,Leeds,4,3,H,1.28,6.16,10.63,2020/21,16,14,0.752895184657131,0.15644575265602723,0.09065906268684175,True,0.03766103957190503,0.7612798530519354,0.15998407111637333,0.07873607583169116,2.502470695099512,0.7029236349986268,1900,445.35055620302825,1.2831957140037233,-0.06939796923639788
2020-09-12,West Ham,Newcastle,0,2,A,2.01,3.57,3.79,2020/21,32,21,0.4776990456822684,0.2689566055522015,0.2533443487655302,True,0.041476725372935785,0.4750871607500223,0.26864462149788304,0.2562682177520948,1.5665677710632941,1.090599985936071,1900,445.35055620302825,1.2831957140037233,-0.06939796923639788
2020-09-13,Tottenham,Everton,0,1,A,2.07,3.39,3.79,2020/21,29,9,0.4636512249780771,0.28311446480962227,0.25323431021230064,True,0.04192928092114001,0.5981056423088146,0.23387544914003242,0.16801890855115267,1.8826850056262427,0.8992240215918383,1904,448.4527531929,1.2743440798450247,-0.06423436936266083
2020-09-13,West Brom,Leicester,0,3,A,3.32,3.33,2.28,2020/21,31,15,0.28959172464298794,0.2887220798242402,0.42168619553277187,True,0.04010161080547903,0.26734707855994283,0.28892454900829506,0.44372837243176233,1.0059595042574647,1.370154347692617,1904,448.4527531929,1.2743440798450247,-0.06423436936266083
2020-09-14,Brighton,Chelsea,1,3,A,5.91,4.35,1.56,2020/21,4,7,0.16267880644674101,0.22101879220695161,0.6163024013463073,True,0.04011543622956193,0.22961529920391968,0.2592504538602612,0.5111342469358193,1.0200551044018495,1.6362602271172555,1906,449.55274799171707,1.26521170212279,-0.054994171225490024
2020-09-14,Sheffield United,Wolves,0,2,A,3.23,2.86,2.62,2020/21,24,33,0.2974247427918202,0.33590276895719556,0.36667248825098436,True,0.04092726218314091,0.33640482406914163,0.3417339157073591,0.32186126022349915,0.9217158715114523,0.8950091315055325,1906,449.55274799171707,1.26521170212279,-0.054994171225490024
2020-09-19,Man United,Crystal Palace,1,3,A,1.37,5.07,8.7,2020/21,19,8,0.700433036543711,0.1892688875867621,0.11029807586952692,True,0.04210819481202255,0.6468489227692521,0.22542952051978113,0.12772155671096663,1.8730757831603708,0.7035769846078823,1908,447.05972307817945,1.2581745458888032,-0.05460880415939175
2020-09-19,Leeds,Fulham,4,3,H,1.73,3.81,5.05,2020/21,14,10,0.5565937578648648,0.2527315488467758,0.1906746932883596,True,0.03852167566217268,0.8315602388812678,0.10258482607482938,0.06585493504390283,3.600392286963472,1.0563150176420777,1908,447.05972307817945,1.2581745458888032,-0.05460880415939175
2020-09-19,Arsenal,West Ham,2,1,H,1.51,4.46,6.48,2020/21,0,32,0.6362983870612635,0.21542837768217665,0.14827323525655983,True,0.04078788992023141,0.6159727390203746,0.20964248831720608,0.17438477266241947,2.1604659821669725,1.075625120280872,1908,447.05972307817945,1.2581745458888032,-0.05460880415939175
2020-09-19,Everton,West Brom,5,2,H,1.59,4.03,6.15,2020/21,9,31,0.6049323052815793,0.23867056213342705,0.15639713258499366,True,0.039671401442700205,0.5559007122321634,0.26671623774147935,0.17738305002635735,1.5628166146581408,0.7698091038687566,1908,447.05972307817945,1.2581745458888032,-0.05460880415939175
2020-09-20,Chelsea,Liverpool,0,2,A,3.39,3.82,2.07,2020/21,7,16,0.2836786310068342,0.251746219663133,0.46457514933003285,True,0.03985714288911857,0.29025941545480766,0.24221106867383616,0.46752951587135605,1.3684185127904502,1.783173645186112,1912,450.15850515035686,1.2501582126119986,-0.05347820115893615
2020-09-20,Leicester,Burnley,4,2,H,1.56,4.19,6.26,2020/21,15,5,0.6167067155090122,0.22960918286254392,0.15368410162844395,True,0.0394335344582013,0.5570278339473194,0.2508279455658135,0.19214422048686725,1.708317088227135,0.9061796370204644,1912,450.15850515035686,1.2501582126119986,-0.05347820115893615
2020-09-20,Newcastle,Brighton,0,3,A,2.64,3.17,2.88,2020/21,21,4,0.36370589922554736,0.3028970264843675,0.3333970742900851,True,0.04146751425931239,0.4667097397294068,0.29393534025187856,0.23935492001871445,1.3362989011440436,0.8789206579222265,1912,450.15850515035686,1.2501582126119986,-0.05347820115893615
2020-09-20,Southampton,Tottenham,2,5,A,3.34,3.37,2.25,2020/21,25,29,0.28772487696038074,0.2851635279073209,0.4271115951322984,True,0.040581547093745174,0.26736205230693105,0.26121251188207273,0.47142543581099633,1.1455081920818369,1.594909736094957,1912,450.15850515035686,1.2501582126119986,-0.05347820115893615
2020-09-21,Aston Villa,Sheffield United,1,0,H,2.46,3.16,3.16,2020/21,1,24,0.39108910891089116,0.3044554455445545,0.3044554455445545,True,0.03941545744571351,0.3025641383030358,0.3174218989156153,0.38001396278134864,0.9456527275010994,1.094910692734228,1916,453.2510958518244,1.2357262394406117,-0.05128805887783536
2020-09-21,Wolves,Man City,1,3,A,6.81,4.5,1.49,2020/21,33,18,0.1411671077480846,0.21363288972543468,0.6452000025264807,True,0.04020603993994887,0.18794945779265249,0.24788857382284807,0.5641619683844991,0.8989285420290849,1.7294263770341534,1916,453.2510958518244,1.2357262394406117,-0.05128805887783536
2020-09-26,Brighton,Man United,2,3,A,5.37,4.15,1.62,2020/21,4,19,0.17829155163772048,0.2307049716372431,0.5910034767250364,True,0.04446754533133568,0.20620434992277725,0.2633594673587535,0.5304361827184693,0.8909823750099061,1.5823862746502448,1918,450.72127176222534,1.2355603783199123,-0.0468586130290576
2020-09-26,Burnley,Southampton,0,1,A,3.26,3.39,2.27,2020/21,5,25,0.2943102241565922,0.2830239913718261,0.4226657844715817,True,0.04226235135636536,0.42580210891864306,0.2709515406848426,0.30324635039651415,1.4475016918183818,1.1838004478788755,1918,450.72127176222534,1.2355603783199123,-0.0468586130290576
2020-09-26,Crystal Palace,Everton,1,2,A,3.49,3.31,2.2,2020/21,8,9,0.2746691108521079,0.2896057996597754,0.4357250894881166,True,0.04319320946023053,0.3608159354304378,0.29355839806766676,0.3456256665018952,1.1824366556828934,1.1514941227146662,1918,450.72127176222534,1.2355603783199123,-0.0468586130290576
2020-09-26,West Brom,Chelsea,3,3,D,6.71,4.76,1.46,2020/21,31,7,0.1427438801457509,0.20122088986932535,0.6560352299849237,True,0.04404683703504064,0.17803621983336562,0.21915913571418974,0.6028046444524449,1.0134444181525486,2.0233055817819805,1918,450.72127176222534,1.2355603783199123,-0.0468586130290576
2020-09-27,Tottenham,Newcastle,1,1,D,1.41,4.82,7.75,2020/21,29,21,0.6782113593821204,0.19839792878190657,0.12339071183597286,True,0.04572099588859446,0.641701709234378,0.217428947779017,0.14086934298660542,1.954774647365188,0.7973358763236439,1922,453.8127380552524,1.2313786512280098,-0.04051894599318482
2020-09-27,Man City,Leicester,2,5,A,1.31,5.83,9.22,2020/21,18,15,0.7316454352297119,0.16440060379947216,0.10395396097081591,True,0.043345235095036516,0.7312272643697793,0.16350859236183163,0.10526414326838894,2.5526578395135857,0.8845368312756767,1922,453.8127380552524,1.2313786512280098,-0.04051894599318482
2020-09-27,Sheffield United,Leeds,0,1,A,2.95,3.34,2.47,2020/21,24,14,0.32493215645961093,0.2869909765137283,0.38807686702666083,True,0.043242548047389695,0.41733403646894374,0.22851361370947681,0.3541523498215796,1.8421973728068202,1.6874428487452642,1922,453.8127380552524,1.2313786512280098,-0.04051894599318482
2020-09-27,West Ham,Wolves,4,0,H,3.36,3.26,2.28,2020/21,32,33,0.28535888694370215,0.2941122270339998,0.420528886022298,True,0.042964005104786596,0.3146696238589341,0.27886361895237094,0.4064667571886949,1.1533984372543367,1.3462965906339195,1922,453.8127380552524,1.2313786512280098,-0.04051894599318482
2020-09-28,Liverpool,Arsenal,3,1,H,1.49,5.03,5.83,2020/21,16,0,0.6444140701397388,0.1908900525861254,0.16469587727413565,True,0.041474683275895874,0.6334181642364705,0.2042234246155375,0.16235841114799202,2.1629055976997877,1.0088555877130518,1926,456.8980275945061,1.2268034280143325,-0.038155664192736645
2020-09-28,Fulham,Aston Villa,0,3,A,3.01,3.38,2.41,2020/21,10,1,0.31852254464547564,0.2836546921251129,0.39782276322941146,True,0.04302166112304251,0.3430757126352479,0.26563103172890606,0.39129325563584594,1.3102591285805083,1.4153641444521279,1926,456.8980275945061,1.2268034280143325,-0.038155664192736645
2020-10-03,Chelsea,Crystal Palace,4,0,H,1.53,4.28,6.41,2020/21,7,8,0.6265011817631677,0.22395953460225387,0.14953928363457827,True,0.043245871304524286,0.5970497408994264,0.22744901106003454,0.17550124804053913,1.8998062232844937,0.9299905833474701,1928,454.33191592776194,1.2227440506180502,-0.03816265652371092
2020-10-03,Everton,Brighton,4,2,H,1.79,3.76,4.61,2020/21,9,4,0.5363799244334831,0.2553510810467912,0.20826899451972555,True,0.04153640438191797,0.5236496361448393,0.2618811313727426,0.21446923248241856,1.5770562483713721,0.9166720791255925,1928,454.33191592776194,1.2227440506180502,-0.03816265652371092
2020-10-03,Leeds,Man City,1,1,D,8.59,6.64,1.29,2020/21,14,18,0.11169952650020928,0.14450285130072257,0.743797622199068,True,0.04221064347815506,0.15572774365119207,0.1481729232418036,0.6960993331070042,1.5835126818241394,3.228883287254915,1928,454.33191592776194,1.2227440506180502,-0.03816265652371092
2020-10-03,Newcastle,Burnley,3,1,H,2.4,3.27,3.12,2020/21,21,5,0.39949252889766007,0.2932055257964477,0.3073019453058923,True,0.042989884733003914,0.4001079664402393,0.29699086354186016,0.3029011700179003,1.2143402699881776,1.019646287174146,1928,454.33191592776194,1.2227440506180502,-0.03816265652371092
2020-10-04,Wolves,Fulham,1,0,H,1.79,3.49,5.1,2020/21,33,10,0.5365168454654243,0.27517626171435805,0.18830689282021762,True,0.04127060053904219,0.7163981952476729,0.18375574537144,0.09984605938088732,2.2257629800032728,0.7075955739150777,1932,457.41616814893445,1.2371202856030485,-0.04376744771388301
2020-10-04,Southampton,West Brom,2,0,H,1.85,3.75,4.21,2020/21,25,31,0.5173939403870417,0.2552476772576073,0.2273583823553509,True,0.04473689841860873,0.5474090502067807,0.2335573603745606,0.21903358941865872,1.881878414260837,1.118161033778581,1932,457.41616814893445,1.2371202856030485,-0.04376744771388301
2020-10-04,Man United,Tottenham,1,6,A,2.08,3.62,3.52,2020/21,19,29,0.4617882407514785,0.26533688971355673,0.27287486953496465,True,0.041103233782791904,0.4440608272148998,0.26260001371492664,0.2933391590701732,1.53379579576976,1.2033070256512277,1932,457.41616814893445,1.2371202856030485,-0.04376744771388301
2020-10-04,Aston Villa,Liverpool,7,2,H,6.65,4.89,1.45,2020/21,1,16,0.1439651584215709,0.19578083916225902,0.66025400241617,True,0.04453008976852968,0.11778789739140307,0.1879799188493824,0.6942321837592141,0.8205867795797491,2.252350533057494,1932,457.41616814893445,1.2371202856030485,-0.04376744771388301
2020-10-04,Arsenal,Sheffield United,2,1,H,1.5,4.36,6.94,2020/21,0,24,0.6409537285737285,0.2205116038671084,0.13853466755916322,True,0.040116683851977086,0.5355386565357608,0.2768727847808198,0.1875885586834197,1.4648254051575869,0.7546348740439923,1932,457.41616814893445,1.2371202856030485,-0.04376744771388301
2020-10-04,Leicester,West Ham,0,3,A,1.82,3.89,4.21,2020/21,15,32,0.5262686020392751,0.24622335622403102,0.22750804173669378,True,0.04404964940231082,0.5891907910483601,0.21734261975880448,0.19346658919283505,2.061071606805571,1.107082190562139,1932,457.41616814893445,1.2371202856030485,-0.04376744771388301
2020-10-17,Chelsea,Southampton,3,3,D,1.58,4.47,5.38,2020/21,7,25,0.6071100384735784,0.21459370487432974,0.1782962566520918,True,0.04249864488545718,0.6163331219980708,0.2081766455111362,0.17549023249079296,2.1463230126421036,1.0670179371193695,1938,451.5226337195353,1.2320304296000388,-0.04107757072627739
2020-10-17,Everton,Liverpool,2,2,D,4.12,4.17,1.79,2020/21,9,16,0.23311731913365294,0.2303221474414029,0.5365605334249441,True,0.04118581795625498,0.220065311041582,0.22910758345162263,0.5508271055067948,1.1503760098672584,1.9291040880939037,1938,451.5226337195353,1.2320304296000388,-0.04107757072627739
2020-10-17,Man City,Arsenal,1,0,H,1.53,4.73,5.63,2020/21,18,0,0.6268705553345402,0.20277208238094002,0.17035736228451978,True,0.04263115515615201,0.6955652171268112,0.174983530690121,0.12945125218306808,2.497397170270845,1.0060481107565384,1938,451.5226337195353,1.2320304296000388,-0.04107757072627739
2020-10-17,Newcastle,Man United,1,4,A,4.62,4.11,1.72,2020/21,21,19,0.207894411801034,0.233691528593863,0.5584140596051029,True,0.041154567720515844,0.26140868083889646,0.2663748722438825,0.47221644691722103,1.0693556289134036,1.522595847557664,1938,451.5226337195353,1.2320304296000388,-0.04107757072627739
2020-10-18,Tottenham,West Ham,3,3,D,1.63,4.16,5.36,2020/21,29,32,0.5896464913579724,0.23103937041189784,0.17931413823012965,True,0.040448712079057314,0.6231139089184233,0.20822354474085072,0.1686625463407255,2.1194271230452015,1.0161172779574454,1942,454.6124988903037,1.2251555224116888,-0.036690291579407855
2020-10-18,Leicester,Aston Villa,0,1,A,2.38,3.57,2.93,2020/21,15,1,0.40339605323542915,0.26893070215695275,0.32767324460761815,True,0.0415770403724629,0.5894603151523878,0.2172003665412203,0.19333931830639173,2.043989785231983,1.0932665200562945,1942,454.6124988903037,1.2251555224116888,-0.036690291579407855
2020-10-18,Crystal Palace,Brighton,1,1,D,3.1,3.2,2.45,2020/21,8,4,0.3092092289489253,0.2995464405442714,0.39124433050680335,True,0.043243910467412716,0.43660399009384737,0.2916438531673285,0.27175215673882447,1.292610433662841,0.9601505655398115,1942,454.6124988903037,1.2251555224116888,-0.036690291579407855
2020-10-18,Sheffield United,Fulham,1,1,D,2.29,3.16,3.46,2020/21,24,10,0.4190178359278592,0.303655330466708,0.2773268336054328,True,0.04215425995041766,0.5870762319157451,0.2628214213781909,0.15010234670606415,1.54400045824842,0.6445484842785549,1942,454.6124988903037,1.2251555224116888,-0.036690291579407855
2020-10-19,Leeds,Wolves,0,1,A,2.47,3.35,2.94,2020/21,14,33,0.3879804453758671,0.28606319405325126,0.32595636057088156,True,0.043501816703477525,0.48497462057055873,0.23754882899633567,0.27747655043310565,1.806642114855537,1.3216117843726307,1946,457.6961905063432,1.216962855497386,-0.03579811901301365
2020-10-19,West Brom,Burnley,0,0,D,2.58,3.27,2.87,2020/21,31,5,0.3720313484843079,0.2935293208224815,0.3344393306932106,True,0.041839352527451856,0.3284653525899599,0.27663825179305573,0.3948963956169845,1.1935403707067536,1.333692638079991,1946,457.6961905063432,1.216962855497386,-0.03579811901301365
2020-10-23,Aston Villa,Leeds,0,3,A,1.91,3.99,3.73,2020/21,1,14,0.5023204479561494,0.24045916180357027,0.25722039024028026,True,0.04228329058543223,0.37429784846853564,0.23784699335399917,0.3878551581774652,1.6269468713244652,1.6590634558149377,1948,456.03329211130983,1.2157780712089932,-0.0350571937546869
2020-10-24,Fulham,Crystal Palace,1,2,A,2.58,3.15,2.96,2020/21,10,8,0.3716547485231866,0.30440293688565756,0.3239423145911559,True,0.042895054522961384,0.26473528796242607,0.2748218450287521,0.460442867008822,1.0206942765885554,1.4308651679497928,1949,456.1201389845983,1.210245075055977,-0.03459982394882761
2020-10-24,Liverpool,Sheffield United,2,1,H,1.21,7.24,12.71,2020/21,16,24,0.7921873210979004,0.1323959473105607,0.0754167315915389,True,0.04324603408996164,0.6810931724443632,0.2087189318158437,0.11018789573979357,1.9515471160663644,0.6431038623310994,1949,456.1201389845983,1.210245075055977,-0.03459982394882761
2020-10-24,Man United,Chelsea,0,0,D,2.6,3.46,2.72,2020/21,19,7,0.36936795503783476,0.2775597349995291,0.35307230996263617,True,0.041279784479376413,0.4696133631418516,0.23460433812399734,0.2957822987341511,1.8263557396555208,1.4145656740965327,1949,456.1201389845983,1.210245075055977,-0.03459982394882761
2020-10-24,West Ham,Man City,1,1,D,6.63,5.07,1.44,2020/21,32,18,0.14467887781126826,0.18919545559935078,0.6661256665893809,True,0.04251266581583324,0.14096070208973385,0.18099522117821043,0.6780440767320558,1.0355627886229388,2.4310535301417344,1949,456.1201389845983,1.210245075055977,-0.03459982394882761
2020-10-25,Arsenal,Leicester,0,1,A,1.94,3.54,4.07,2020/21,0,15,0.4939049473453269,0.27067107283896447,0.23542397981570862,True,0.043650038932233626,0.46284559938757286,0.24983197668583662,0.2873224239265902,1.6828127912283135,1.2832667069784154,1953,459.2008183337202,1.2111748847471664,-0.04730819395344548
2020-10-25,Southampton,Everton,2,0,H,3.05,3.53,2.32,2020/21,25,9,0.314596210063729,0.27181825515421343,0.4135855347820575,True,0.042189454197807175,0.3752860379009614,0.26309982490560524,0.3616141371934331,1.4237385238767994,1.3935105237553285,1953,459.2008183337202,1.2111748847471664,-0.04730819395344548
2020-10-25,Wolves,Newcastle,1,1,D,1.83,3.42,4.89,2020/21,33,21,0.5237464415569772,0.2802502889032949,0.19600326953972771,True,0.04334472575551995,0.5118808672445077,0.28257297689165956,0.20554615586383276,1.4266322607237483,0.8034996584743641,1953,459.2008183337202,1.2111748847471664,-0.04730819395344548
2020-10-26,Brighton,West Brom,1,1,D,1.67,3.99,5.15,2020/21,4,31,0.573783309086543,0.24015491884073348,0.18606177207272362,True,0.043603718907174294,0.4854893348793171,0.2716090844269818,0.24290158069370144,1.4942619613039896,0.981574966125446,1956,461.2773404827296,1.2115333780331625,-0.044026553058113344
2020-10-26,Burnley,Tottenham,0,1,A,5.7,4.33,1.58,2020/21,5,29,0.1688050848294036,0.2222145458493304,0.6089803693212661,True,0.039296871113381204,0.22175968941826474,0.2537072088067366,0.5245331017749988,1.0006774711456965,1.666302989437599,1956,461.2773404827296,1.2115333780331625,-0.044026553058113344
2020-10-30,Wolves,Crystal Palace,2,0,H,2.07,3.12,4.22,2020/21,33,8,0.4642562464298559,0.3080161634967313,0.22772759007341273,True,0.040571432596983925,0.5028149154393883,0.290181761215828,0.20700332334478386,1.364537609119557,0.7741817986526023,1958,459.5859071797032,1.2101751496875501,-0.04393466292338284
2020-10-31,Sheffield United,Man City,0,1,A,10.42,6.04,1.28,2020/21,24,18,0.0920319597741103,0.1587703676897731,0.7491976725361167,True,0.04278220373454,0.1309046617342455,0.2332084421170736,0.6358868961486813,0.6729322983467445,1.7821919672340787,1959,459.6656559233506,1.2127588802399856,-0.04411757397578147
2020-10-31,Burnley,Chelsea,0,3,A,5.6,4.23,1.6,2020/21,5,7,0.17170692104729046,0.227318855287193,0.6009742236655166,True,0.03997804795677129,0.2501859567792843,0.25657906056085,0.49323498265986554,1.094947451939495,1.630839432079946,1959,459.6656559233506,1.2127588802399856,-0.04411757397578147
2020-10-31,Liverpool,West Ham,2,1,H,1.42,5.15,6.96,2020/21,16,32,0.6757893069784806,0.1863341390115422,0.13787655400997734,True,0.04207827031376965,0.7128941600964924,0.16591726324083136,0.12118857666267624,2.6207718228504846,1.0196719897420614,1959,459.6656559233506,1.2127588802399856,-0.04411757397578147
2020-11-01,Aston Villa,Southampton,3,4,A,2.57,3.55,2.69,2020/21,1,25,0.37322707855375725,0.2701953779952553,0.3565775434509874,True,0.04254241110674006,0.40360156154839383,0.25890072875234954,0.33749770969925647,1.5018557689698495,1.3546796375776204,1962,461.74124932623647,1.2075986429121415,-0.04166917136094017
2020-11-01,Man United,Arsenal,0,1,A,1.99,3.59,3.87,2020/21,19,0,0.4834352284550101,0.2679766308148942,0.2485881407300956,True,0.03946202766403406,0.467268212985383,0.25089381183696374,0.2818379751776529,1.6628474491601433,1.244223867169108,1962,461.74124932623647,1.2075986429121415,-0.04166917136094017
2020-11-01,Newcastle,Everton,2,1,H,3.34,3.33,2.27,2020/21,21,9,0.2878220773632968,0.2886864079259493,0.4234915147107538,True,0.040230132266324325,0.3443143739284895,0.27911453021356686,0.37657109585794385,1.2269580824078212,1.294904375410231,1962,461.74124932623647,1.2075986429121415,-0.04166917136094017
2020-11-01,Tottenham,Brighton,2,1,H,1.59,4.29,5.62,2020/21,29,4,0.6047603639127391,0.22414195305856766,0.17109768302869313,True,0.03996699377079427,0.684214978107051,0.19508343340781453,0.12070158848513428,2.163993679284794,0.7944808774365101,1962,461.74124932623647,1.2075986429121415,-0.04166917136094017
2020-11-02,Fulham,West Brom,2,0,H,2.41,3.27,3.09,2020/21,10,31,0.3973081051749967,0.2928172885234685,0.3098746063015347,True,0.04437275235887217,0.34432743019798034,0.2705097408991985,0.3851628289028213,1.2691122303530193,1.356667205335107,1966,464.8106976894047,1.2041261856389283,-0.033733381149060736
2020-11-02,Leeds,Leicester,1,4,A,2.41,3.63,2.84,2020/21,14,15,0.39800941243692545,0.264243163628923,0.3377474239341516,True,0.04253252905634941,0.4701460028240643,0.23355986810957424,0.29629412906636143,1.837280845164389,1.4242529681568483,1966,464.8106976894047,1.2041261856389283,-0.033733381149060736
2020-11-06,Brighton,Burnley,0,0,D,1.98,3.39,4.19,2020/21,4,5,0.48623363286264437,0.28399486521180994,0.22977150192554552,True,0.03869924027484184,0.39073457558259284,0.29552858192151205,0.31373684249589545,1.1985063949692678,1.0441373721249325,1968,463.09111029524433,1.2020183618621827,-0.03257229918368015
2020-11-06,Southampton,Newcastle,2,0,H,2.16,3.43,3.46,2020/21,25,21,0.44365275773639073,0.2793848270293306,0.27696241523427867,True,0.04352549350779844,0.4660069396070254,0.2581231074823679,0.2758699529106067,1.5712914714011668,1.1540455258050908,1968,463.09111029524433,1.2020183618621827,-0.03257229918368015
2020-11-07,Chelsea,Sheffield United,4,1,H,1.38,4.95,8.63,2020/21,7,24,0.6950742691457218,0.1937782810951709,0.11114744975910729,True,0.04253273833605342,0.5642264108085379,0.2605724175454394,0.1752011716460226,1.5778614883816933,0.760572659367428,1970,464.16185763706295,1.2051338762893962,-0.037045362990691826
2020-11-07,Crystal Palace,Leeds,4,1,H,2.84,3.43,2.49,2020/21,8,14,0.3368647326799062,0.27892007020726917,0.38421519711282465,True,0.04526429126352238,0.32439344492952565,0.24921062040386363,0.4263959346666103,1.3865053912661716,1.6191053918379403,1970,464.16185763706295,1.2051338762893962,-0.037045362990691826
2020-11-07,Everton,Man United,1,3,A,3.18,3.61,2.22,2020/21,9,19,0.301812183658713,0.2658622559652929,0.43232556037599423,True,0.041924169504789166,0.309812175509008,0.2600780842690849,0.4301097402219073,1.257776181232931,1.5229694320850973,1970,464.16185763706295,1.2051338762893962,-0.037045362990691826
2020-11-07,West Ham,Fulham,1,0,H,1.85,3.79,4.2,2020/21,32,10,0.5185100734539649,0.25309858466750274,0.22839134187853222,True,0.04248802137984198,0.6837982492640615,0.18499922092688803,0.1312025298090506,2.333701520015032,0.9315801063637837,1970,464.16185763706295,1.2051338762893962,-0.037045362990691826
2020-11-08,West Brom,Tottenham,0,1,A,6.41,4.6,1.49,2020/21,31,29,0.14935422926985523,0.2081218716564722,0.6425238990736726,True,0.04453848419475159,0.13696783776130256,0.2047128334213739,0.6583193288173234,0.8314099743857685,2.0728825781374987,1974,467.22646962160024,1.2109603081651679,-0.03245699986030068
2020-11-08,Man City,Liverpool,1,1,D,1.92,4.14,3.62,2020/21,18,16,0.5014655691628187,0.23256374222043766,0.2659706886167436,True,0.0386223209757921,0.5484606015253325,0.21904646473035,0.23249293374431743,2.0446843081069033,1.2762895046985845,1974,467.22646962160024,1.2109603081651679,-0.03245699986030068
2020-11-08,Leicester,Wolves,1,0,H,2.36,3.14,3.32,2020/21,15,33,0.406101969583645,0.3052231363749688,0.2886748940413862,True,0.043404970416048405,0.4546756416021065,0.2775687750441836,0.26775558335371,1.4004423828120582,1.011685438317452,1974,467.22646962160024,1.2109603081651679,-0.03245699986030068
2020-11-08,Arsenal,Aston Villa,0,3,A,1.65,4.31,4.91,2020/21,0,1,0.5817743456375377,0.2227210371930249,0.19550461716943732,True,0.041745155325565664,0.6193818605303455,0.2094388171048999,0.17117932236475455,2.097118936494259,1.014324591497575,1974,467.22646962160024,1.2109603081651679,-0.03245699986030068
2020-11-21,Aston Villa,Brighton,1,2,A,2.28,3.52,3.11,2020/21,1,4,0.42001872343037805,0.2720575822219494,0.30792369434767264,True,0.04423080867910789,0.4939157397808702,0.25526958386880916,0.2508146763503204,1.6102766366525818,1.0775863572332898,1978,459.13248450477647,1.2038262718352923,-0.029549328172340805
2020-11-21,Man United,West Brom,1,0,H,1.32,5.61,9.13,2020/21,19,31,0.7247046738572163,0.17051874678993323,0.10477657935285054,True,0.0453579021970234,0.7399895960563146,0.1712990261135793,0.08871137783010634,2.2953637853849065,0.6642052726717509,1978,459.13248450477647,1.2038262718352923,-0.029549328172340805
2020-11-21,Newcastle,Chelsea,0,2,A,7.07,4.75,1.45,2020/21,21,7,0.1357905424721272,0.2021135021637767,0.6620959553640962,True,0.04162420390340826,0.2418217554029992,0.24064281983388583,0.5175354247631151,1.1401115970498206,1.7680917569920227,1978,459.13248450477647,1.2038262718352923,-0.029549328172340805
2020-11-21,Tottenham,Man City,2,0,H,4.12,4.09,1.8,2020/21,29,18,0.23276254552812622,0.23446985026305137,0.5327676042088223,True,0.04277277966360993,0.2682698754922686,0.24049011792111816,0.49124000658661326,1.248241593882837,1.7611153600301552,1978,459.13248450477647,1.2038262718352923,-0.029549328172340805
2020-11-22,Fulham,Everton,2,3,A,4.21,3.78,1.85,2020/21,10,9,0.22781989425091143,0.25373591396728495,0.5184441917818038,True,0.04262049630220632,0.21254709121663165,0.23854210213644883,0.5489108066469196,1.0200719049527152,1.7791591254823163,1982,462.2071451835346,1.2024720206643404,-0.026195731242530874
2020-11-22,Leeds,Arsenal,0,0,D,3.48,3.78,2.04,2020/21,14,0,0.2757466529351184,0.25386199794026776,0.4703913491246137,True,0.04210266482071767,0.32036529537961145,0.21851922558408912,0.46111547903629946,1.6569742961754974,2.008951670536475,1982,462.2071451835346,1.2024720206643404,-0.026195731242530874
2020-11-22,Liverpool,Leicester,3,0,H,1.78,4.05,4.31,2020/21,16,15,0.5398112956646246,0.23725039661309427,0.22293830772228115,True,0.04072989454082121,0.5952975050977032,0.21064797878112607,0.19405451612117078,2.10486048345365,1.127574937784994,1982,462.2071451835346,1.2024720206643404,-0.026195731242530874
2020-11-22,Sheffield United,West Ham,0,1,A,3.09,3.2,2.46,2020/21,24,32,0.31039295937921413,0.29972320140055364,0.38988383922023234,True,0.04262866050990599,0.33916258015396655,0.3012107522897001,0.35962666755633366,1.061586109983634,1.1019559495059816,1982,462.2071451835346,1.2024720206643404,-0.026195731242530874
2020-11-23,Burnley,Crystal Palace,1,0,H,2.65,3.1,2.91,2020/21,5,8,0.3615993586531716,0.3091091291712596,0.3292915121755686,True,0.04358174741117704,0.3764005519454036,0.3027697365416688,0.32082971151292716,1.1360590587863157,1.0264027713701143,1986,465.275662686159,1.205038999784275,-0.0336388363118906
2020-11-23,Wolves,Southampton,1,1,D,2.34,3.19,3.3,2020/21,33,25,0.40939425051334705,0.30030800821355236,0.2902977412731006,True,0.04386035420518186,0.47495117935009445,0.27189563921715826,0.2531531814327473,1.4635753217989536,0.9969831990615794,1986,465.275662686159,1.205038999784275,-0.0336388363118906
2020-11-27,Crystal Palace,Newcastle,0,2,A,2.16,3.18,3.77,2020/21,8,21,0.44401235528099364,0.3015932979267127,0.2543943467922935,True,0.04268036115791496,0.41460357080952287,0.2926138989508557,0.2927825302396216,1.2534397136135755,1.0079341405598938,1988,463.55237041130675,1.206183644627633,-0.0336043447290711
2020-11-28,West Brom,Sheffield United,1,0,H,2.64,3.13,2.89,2020/21,31,24,0.36272029191811855,0.305936604045953,0.33134310403592837,True,0.04429745792492734,0.28098449420615174,0.3445719355063842,0.37444357028746406,0.7783094785336759,0.9466887648413127,1989,463.6241941561314,1.2020261652983126,-0.03374891602488853
2020-11-28,Everton,Leeds,0,1,A,2.29,3.64,3.01,2020/21,9,14,0.41842435907717807,0.26323950062822465,0.3183361402945973,True,0.04363241105396076,0.4877204748721682,0.22748827437119531,0.2847912507566365,1.927798536039572,1.437614121174068,1989,463.6241941561314,1.2020261652983126,-0.03374891602488853
2020-11-28,Brighton,Liverpool,1,1,D,4.81,4.19,1.68,2020/21,4,16,0.1995583136540048,0.2290872288008981,0.5713544575450971,True,0.04180178762517661,0.13756865752994013,0.1986406652973445,0.6637906771727152,0.8757056471737892,2.155568911940387,1989,463.6241941561314,1.2020261652983126,-0.03374891602488853
2020-11-28,Man City,Burnley,5,0,H,1.12,9.99,20.57,2020/21,18,5,0.8572209835162886,0.09610485500883316,0.046674161474878136,True,0.041571730074403845,0.7929327258617556,0.14215120858430932,0.06491606555393481,2.5677468825238465,0.6136233939205238,1989,463.6241941561314,1.2020261652983126,-0.03374891602488853
2020-11-29,Arsenal,Wolves,1,2,A,2.09,3.28,3.85,2020/21,0,33,0.4587045990330443,0.29228433292044587,0.2490110680465097,True,0.043087208042278835,0.44832030083193486,0.2847781414996902,0.2669015576683749,1.3303915426689967,0.9614273489572781,1993,466.6898803930202,1.2094628260386633,-0.025870799096446656
2020-11-29,Chelsea,Tottenham,0,0,D,2.01,3.65,3.71,2020/21,7,29,0.4779054953044105,0.2631753549484561,0.2589191497471334,True,0.04102681952641252,0.4097691201395626,0.2430134433217081,0.3472174365387296,1.6270816960266266,1.482439634385582,1993,466.6898803930202,1.2094628260386633,-0.025870799096446656
2020-11-29,Southampton,Man United,2,3,A,3.83,3.72,1.95,2020/21,25,19,0.2503960980459162,0.25780028374082237,0.49180361821326124,True,0.04273432286571355,0.29165518916521405,0.247012033023224,0.4613327778115618,1.2745882896876242,1.6587532226232982,1993,466.6898803930202,1.2094628260386633,-0.025870799096446656
2020-11-30,Leicester,Fulham,1,2,A,1.63,4.09,5.44,2020/21,15,10,0.5888708033930155,0.23468445220797438,0.17644474439901012,True,0.04181923943321464,0.7631841156553922,0.15033681850523328,0.08647906583937484,2.6259131581165884,0.7903196423660526,1996,468.75143938605476,1.2053863215373946,-0.034364743498578335
2020-11-30,West Ham,Aston Villa,2,1,H,2.34,3.49,3.03,2020/21,32,1,0.40937227803263454,0.2744788339817664,0.3161488879855989,True,0.04391638194015579,0.4956237285654365,0.23713280722270721,0.2672434642118566,1.8139155312725266,1.2815879953720637,1996,468.75143938605476,1.2053863215373946,-0.034364743498578335
2020-12-05,Burnley,Everton,1,1,D,3.73,3.51,2.04,2020/21,5,9,0.25699611297147723,0.2731041314483219,0.4698997555802009,True,0.0431928780769657,0.32631189099363944,0.28279005860170464,0.390898050404656,1.1475087835715019,1.2814429567723726,1998,466.06738430134504,1.201051246447149,-0.03428914897873365
2020-12-05,Chelsea,Leeds,3,1,H,1.47,4.92,6.25,2020/21,7,14,0.6518987744303041,0.19477463382368843,0.15332659174600755,True,0.04352414136386251,0.6134812998091885,0.1993795316758611,0.18713916851495016,2.280608696978575,1.2005208994941206,1998,466.06738430134504,1.201051246447149,-0.03428914897873365
2020-12-05,Man City,Fulham,2,0,H,1.12,10.05,20.63,2020/21,18,10,0.8578296194636919,0.09559892276610296,0.04657145777020528,True,0.0408327278502576,0.9100316688557977,0.06487893010758147,0.02508940103662037,3.763336136565305,0.6055021115280157,1998,466.06738430134504,1.201051246447149,-0.03428914897873365
2020-12-05,West Ham,Man United,1,3,A,3.37,3.49,2.17,2020/21,32,19,0.2842030209212872,0.2744309972792945,0.4413659817994184,True,0.044098349421466176,0.30601159477391116,0.2506837921110168,0.44330461311507213,1.3114067078009422,1.621604933121157,1998,466.06738430134504,1.201051246447149,-0.03428914897873365
2020-12-06,West Brom,Crystal Palace,1,5,A,3.01,3.29,2.46,2020/21,31,8,0.3186265053600463,0.2915093559677019,0.3898641386722517,True,0.04268134644306798,0.30158205132569943,0.31138512967544907,0.3870328189988514,0.9501694685076267,1.1157297203078957,2002,469.1281890410677,1.198183028050226,-0.03824331569611968
2020-12-06,Tottenham,Arsenal,2,0,H,2.19,3.47,3.36,2020/21,29,0,0.4380374874609741,0.2764559358903554,0.2855065766486706,True,0.04242449022560346,0.5157333985221457,0.24835117147873484,0.23591542999911916,1.706066447810686,1.0805224441243348,2002,469.1281890410677,1.198183028050226,-0.03824331569611968
2020-12-06,Liverpool,Wolves,4,0,H,1.58,4.31,5.57,2020/21,16,33,0.6059681299236945,0.2221414490207512,0.17189042105555433,True,0.04446316753450619,0.6061270137463066,0.2300501705748808,0.16382281567881254,1.8553896908902623,0.8536338176579998,2002,469.1281890410677,1.198183028050226,-0.03824331569611968
2020-12-06,Sheffield United,Leicester,1,2,A,4.04,3.52,1.96,2020/21,24,15,0.23758884787040604,0.27268720039671607,0.48972395173287775,True,0.04181974319880988,0.2546155944017857,0.30350369085635603,0.44188071474185875,0.8623815318147499,1.2289247179780887,2002,469.1281890410677,1.198183028050226,-0.03824331569611968
2020-12-07,Brighton,Southampton,1,2,A,2.44,3.38,2.96,2020/21,4,25,0.3927393775712088,0.283516000376849,0.3237446220519424,True,0.04353189157728865,0.34672220903051315,0.2697469248121063,0.38353086615738047,1.2867477094759954,1.366018463198219,2006,472.18287828884144,1.1972306026871389,-0.03692820261131363
2020-12-11,Leeds,West Ham,1,2,A,2.14,3.75,3.23,2020/21,14,32,0.4477868516101842,0.2555370299855451,0.29667611840427066,True,0.04355390951264915,0.4161542050459451,0.24030414154980284,0.3435416534042523,1.6942325295397365,1.5236625033889728,2007,469.4125168169911,1.1955953016509335,-0.03695749135620357
2020-12-12,Everton,Chelsea,1,0,H,4.77,4.22,1.68,2020/21,9,7,0.20122273122051737,0.2274484426355137,0.571328826143969,True,0.041848525752665955,0.28520488615787765,0.24314012895319395,0.4716549848889282,1.3063775547624934,1.736021041247281,2008,469.47263198148755,1.1934717804088641,-0.03681186833962283
2020-12-12,Man United,Man City,0,0,D,4.57,4.17,1.71,2020/21,19,18,0.20971228416901214,0.22982857042023633,0.5604591454107517,True,0.043421855858627456,0.2525146594164373,0.23897585383866807,0.5085094867448946,1.212013727571386,1.803348502135792,2008,469.47263198148755,1.1934717804088641,-0.03681186833962283
2020-12-12,Newcastle,West Brom,2,1,H,2.45,3.22,3.08,2020/21,21,31,0.3911867027444917,0.29764205643602626,0.31117124081948205,True,0.043397596192627175,0.550692395314129,0.2621327954062366,0.18717480927963442,1.568972628702451,0.8035180216046987,2008,469.47263198148755,1.1934717804088641,-0.03681186833962283
2020-12-12,Wolves,Aston Villa,0,1,A,2.56,3.23,2.9,2020/21,33,1,0.3737859041173513,0.29625136673078,0.32996272915186875,True,0.04505010942671084,0.4992363624519652,0.2632147350251943,0.23754890252284067,1.55657693928624,0.9950879725343913,2008,469.47263198148755,1.1934717804088641,-0.03681186833962283
2020-12-13,Leicester,Brighton,3,0,H,2.04,3.52,3.7,2020/21,15,4,0.4692859819549739,0.27197255772390533,0.2587414603211207,True,0.04455725779255193,0.5971181294052753,0.22949691334071423,0.17338495725401046,1.8574999604348914,0.8944917104628185,2012,472.5266330318072,1.195424532580026,-0.03124653434268342
2020-12-13,Arsenal,Burnley,0,1,A,1.46,4.62,7.17,2020/21,0,5,0.6580490595723378,0.2079548976137691,0.13399604281389307,True,0.040851737246532904,0.5808661382454473,0.2440700790031614,0.1750637827513919,1.711749532814795,0.825453604330526,2012,472.5266330318072,1.195424532580026,-0.03124653434268342
2020-12-13,Crystal Palace,Tottenham,1,1,D,4.21,3.77,1.85,2020/21,8,29,0.22766666557857593,0.25423784140207023,0.5180954930193538,True,0.04332222114186246,0.211891209614771,0.25219657294893755,0.5359122174362915,0.9455783272893338,1.6515461817558272,2012,472.5266330318072,1.195424532580026,-0.03124653434268342
2020-12-13,Fulham,Liverpool,1,1,D,8.24,5.43,1.35,2020/21,10,16,0.11599314532016199,0.17601906398492354,0.7079877906949146,True,0.04626202665681278,0.07807584065885968,0.13679202019446085,0.7851321391466797,0.801854760921348,2.797761586046453,2012,472.5266330318072,1.195424532580026,-0.03124653434268342
2020-12-13,Southampton,Sheffield United,3,0,H,1.64,4.03,5.45,2020/21,25,24,0.585526263172908,0.23827867781726278,0.17619505900982918,True,0.04138129390946288,0.47937114560033,0.28512588904532443,0.2355029653543456,1.364367162037099,0.8711232155074188,2012,472.5266330318072,1.195424532580026,-0.03124653434268342
2020-12-15,Man City,West Brom,1,1,D,1.1,11.01,24.73,2020/21,18,31,0.8738283129214455,0.08730346450622979,0.03886822257232471,True,0.04035414697375872,0.8947059824174839,0.0784896424810432,0.026804375101473103,3.3220278659703717,0.4956459111318527,2017,475.62034162421634,1.2056440695084143,-0.03242116277848723
2020-12-15,Wolves,Chelsea,2,1,H,5.37,3.74,1.69,2020/21,33,7,0.17814694036308085,0.25578852132346097,0.566064538313458,True,0.045315394768111084,0.3155725541594636,0.2771712318253713,0.4072562140151651,1.1507771288811381,1.3432463134053454,2017,475.62034162421634,1.2056440695084143,-0.03242116277848723
2020-12-16,West Ham,Crystal Palace,1,1,D,2.17,3.37,3.49,2020/21,32,8,0.44136598179941827,0.28420302092128713,0.27443099727929443,True,0.0440983494214664,0.48331924536284654,0.2574937024399157,0.25918705219723764,1.5986762837950697,1.1070021715944895,2019,476.66605554514234,1.2032259098526088,-0.03623629354283877
2020-12-16,Leicester,Everton,0,2,A,2.13,3.51,3.45,2020/21,15,9,0.4495940120961005,0.2728305543489157,0.2775754335549838,True,0.04423892543917041,0.5242859787035666,0.24108752887933418,0.23462649241709907,1.7799858311061063,1.1199786601193564,2019,476.66605554514234,1.2032259098526088,-0.03623629354283877
2020-12-16,Liverpool,Tottenham,2,1,H,1.82,3.92,4.19,2020/21,16,29,0.52668911335578,0.24453423120089784,0.22877665544332207,True,0.043216074753749556,0.5141430605917604,0.23838709485548443,0.24746984455275528,1.809883688975937,1.1941943823886374,2019,476.66605554514234,1.2032259098526088,-0.03623629354283877
2020-12-16,Fulham,Brighton,0,0,D,2.89,3.28,2.54,2020/21,10,4,0.3312472665102779,0.29186115860204365,0.3768915748876784,True,0.044599597427737336,0.340677107328316,0.28272302447402786,0.3765998681976559,1.1853876152444445,1.2600584272675563,2019,476.66605554514234,1.2032259098526088,-0.03623629354283877
2020-12-16,Leeds,Newcastle,5,2,H,1.58,4.39,5.36,2020/21,14,21,0.6043446323910889,0.2175090020906425,0.17814636551826873,True,0.04726898938598989,0.4520016198842035,0.25432033364927936,0.2936780464665172,1.6012796046724795,1.2477272303679319,2019,476.66605554514234,1.2032259098526088,-0.03623629354283877
2020-12-16,Arsenal,Southampton,1,1,D,2.16,3.5,3.37,2020/21,0,25,0.4428516719105511,0.2733027460933687,0.28384558199608023,True,0.045413153721759025,0.5076313252930641,0.24063718678417312,0.2517314879227629,1.7827711109439595,1.194997200810268,2019,476.66605554514234,1.2032259098526088,-0.03623629354283877
2020-12-17,Aston Villa,Burnley,0,0,D,1.86,3.74,4.17,2020/21,1,5,0.5145702181573425,0.25590925288038957,0.2295205289622679,True,0.04482224122375378,0.46357478374932776,0.27326634347804324,0.26315887277262895,1.4759037747050054,1.0501964512381938,2025,481.7016881229301,1.201977426767692,-0.04915635701764125
2020-12-17,Sheffield United,Man United,2,3,A,7.2,4.73,1.44,2020/21,24,19,0.13293985385047782,0.20236087689713322,0.6646992692523891,True,0.04474982381959114,0.19237856885849214,0.28529751139239773,0.5223239197491101,0.7479801997044858,1.4120146145144667,2025,481.7016881229301,1.201977426767692,-0.04915635701764125
2020-12-19,Crystal Palace,Liverpool,0,7,A,5.27,4.07,1.65,2020/21,8,16,0.18218985944074725,0.23590677131516902,0.5819033692440836,True,0.041514172443963826,0.16301685505442653,0.21938758225696972,0.6175955626886043,0.9391105414925172,2.0124348259879237,2027,481.770745829614,1.2007340819697085,-0.05392032190811568
2020-12-19,Everton,Arsenal,2,1,H,2.66,3.39,2.68,2020/21,9,0,0.3600751444628518,0.28253683901804894,0.3573880165190992,True,0.04405942871973223,0.3668612123046691,0.27463775806347696,0.35850102963185404,1.3317257751658598,1.3137475892190222,2027,481.770745829614,1.2007340819697085,-0.05392032190811568
2020-12-19,Newcastle,Fulham,1,1,D,2.84,3.29,2.58,2020/21,21,10,0.337382248897015,0.2912357406892166,0.37138201041376845,True,0.04366094306229917,0.5269093179194146,0.2613894595336903,0.2117012225468953,1.6153626124101914,0.9349012406210494,2027,481.770745829614,1.2007340819697085,-0.05392032190811568
2020-12-19,Southampton,Man City,0,1,A,5.98,4.64,1.52,2020/21,25,18,0.16069410520943456,0.20710145455871096,0.6322044402318545,True,0.040636058488974225,0.1507737684750001,0.19783954170625712,0.6513866898187428,1.0097249105426187,2.2632460603881634,2027,481.770745829614,1.2007340819697085,-0.05392032190811568
2020-12-20,Brighton,Sheffield United,1,1,D,1.88,3.43,4.57,2020/21,4,24,0.510338563117164,0.27971909581932014,0.20994234106351603,True,0.042278463865376814,0.38377831356034314,0.33049424073775985,0.2857274457018971,1.043283933569435,0.8595396424294214,2031,484.80017523207584,1.1909973748001588,-0.05404063950641892
2020-12-20,Man United,Leeds,6,2,H,1.72,4.34,4.38,2020/21,19,14,0.5589691715969372,0.22152695279878612,0.21950387560427667,True,0.04012059766409326,0.6120373795833403,0.19767221823288808,0.19029040218377175,2.3690589705478415,1.2781142660312794,2031,484.80017523207584,1.1909973748001588,-0.05404063950641892
2020-12-20,Tottenham,Leicester,0,2,A,2.1,3.48,3.56,2020/21,29,15,0.4559265147500442,0.2751280692457163,0.2689454160042396,True,0.0444456744340509,0.5207832657982566,0.24738808704582563,0.23182864715591783,1.754109784484075,1.1004201598663201,2031,484.80017523207584,1.1909973748001588,-0.05404063950641892
2020-12-20,West Brom,Aston Villa,0,3,A,4.64,4.02,1.73,2020/21,31,1,0.2067692197915242,0.23865899995837622,0.5545717802500996,True,0.0423081423657079,0.27295809014979433,0.27598248034341155,0.45105942950679423,1.0751324813163874,1.4529393418600962,2031,484.80017523207584,1.1909973748001588,-0.05404063950641892
2020-12-21,Chelsea,West Ham,3,0,H,1.58,4.3,5.59,2020/21,7,32,0.6060277536860365,0.2226799653078925,0.17129228100607116,True,0.04436040850524203,0.5724223258980866,0.22230031768380124,0.20527735641811198,2.0472722411210746,1.161442974211009,2035,487.82355183055427,1.1856896075634586,-0.05791694158590974
2020-12-21,Burnley,Wolves,2,1,H,3.44,3.05,2.36,2020/21,5,33,0.27890144294105795,0.3145642503990949,0.40653430665984724,True,0.04229534043694305,0.28025789810210244,0.3247021260722267,0.39503997582567096,0.8734269662942051,1.0914986845494838,2035,487.82355183055427,1.1856896075634586,-0.05791694158590974
2020-12-26,Arsenal,Chelsea,3,1,H,4.72,3.86,1.75,2020/21,0,7,0.20325447882001071,0.24853915544830327,0.5482063657316859,True,0.042360335721185916,0.3487635224937535,0.2612795188117173,0.38995695869452934,1.399261093150553,1.4914123384298588,2037,484.94972605626725,1.1913808612082444,-0.05762433729880848
2020-12-26,Aston Villa,Crystal Palace,3,0,H,1.82,3.83,4.32,2020/21,1,8,0.5272892990764406,0.25056567214598485,0.22214502877757453,True,0.042028636676156195,0.467048415504932,0.2660107888552703,0.2669407956397977,1.5577130500191267,1.121542626085565,2037,484.94972605626725,1.1913808612082444,-0.05762433729880848
2020-12-26,Fulham,Southampton,0,0,D,2.88,3.28,2.55,2020/21,10,25,0.3325064402251694,0.29195687434405115,0.3755366854307796,True,0.04425713374780793,0.2456819095218153,0.25772887237179104,0.49658921810639356,1.0964318833354345,1.6521446709255296,2037,484.94972605626725,1.1913808612082444,-0.05762433729880848
2020-12-26,Leicester,Man United,2,2,D,2.96,3.54,2.36,2020/21,15,19,0.32358318098720296,0.27056672760511885,0.4058500914076783,True,0.044052527103374484,0.36757651623050935,0.2579949893235575,0.37442849444593324,1.4717445127602227,1.4872279487440905,2037,484.94972605626725,1.1913808612082444,-0.05762433729880848
2020-12-26,Man City,Newcastle,2,0,H,1.12,9.74,21.01,2020/21,18,21,0.8559462333118898,0.09842502888186001,0.045628737806250194,True,0.043122930049513286,0.7982533127606675,0.1393263401932474,0.06242034704608494,2.659756426188287,0.6403281665200289,2037,484.94972605626725,1.1913808612082444,-0.05762433729880848
2020-12-26,Sheffield United,Everton,0,1,A,3.37,3.28,2.27,2020/21,24,9,0.28473637716020817,0.29254926555789684,0.422714357281895,True,0.04214258818623162,0.2823610796953263,0.31198728922702346,0.4056516310776504,0.929503189311904,1.1703512561868712,2037,484.94972605626725,1.1913808612082444,-0.05762433729880848
2020-12-27,Leeds,Burnley,1,0,H,1.7,4.15,4.7,2020/21,14,5,0.5645441389290883,0.23125904486251803,0.2041968162083936,True,0.04196510698614242,0.49967651405434627,0.237928159507708,0.26239532643794594,1.873752214079123,1.3128610136534962,2043,489.96880784933444,1.1991836449810722,-0.061523190342982106
2020-12-27,Liverpool,West Brom,1,1,D,1.13,9.2,20.48,2020/21,16,31,0.848895088360492,0.10426646193993,0.04683844969957793,True,0.042479529386302506,0.8708716267459417,0.09430981680701754,0.034818556447040745,3.1913703983371895,0.5688979310602641,2043,489.96880784933444,1.1991836449810722,-0.061523190342982106
2020-12-27,West Ham,Brighton,2,2,D,2.36,3.32,3.15,2020/21,32,4,0.4064958487515159,0.2889548804378245,0.30454927081065947,True,0.042393950296748084,0.5189965993150373,0.26043368100903175,0.22056971967593092,1.6406907794878745,0.9890546040074625,2043,489.96880784933444,1.1991836449810722,-0.061523190342982106
2020-12-27,Wolves,Tottenham,1,1,D,3.53,3.34,2.17,2020/21,33,29,0.2714725017885168,0.2869155482974444,0.4416119499140388,True,0.04351680967251803,0.28507650692424896,0.2962223020923228,0.41870119098342823,1.0155949021678183,1.2871291806693315,2043,489.96880784933444,1.1991836449810722,-0.061523190342982106
2020-12-28,Chelsea,Aston Villa,1,1,D,1.81,3.97,4.2,2020/21,7,1,0.5299777189408074,0.24162712122993987,0.22839515982925268,True,0.042470594706285114,0.5900594934192694,0.21802379088763538,0.191916715693095,2.1024304747325053,1.1328623211094835,2047,492.98185751295557,1.1957595932094451,-0.06379790399663254
2020-12-28,Crystal Palace,Leicester,1,1,D,3.35,3.37,2.23,2020/21,8,15,0.28601603799795244,0.28431861344010106,0.4296653485619465,True,0.04367386100462012,0.2527984155497464,0.26330481730315913,0.48389676714709434,1.1000345435365417,1.6074694600922188,2047,492.98185751295557,1.1957595932094451,-0.06379790399663254
2020-12-29,Southampton,West Ham,0,0,D,2.03,3.58,3.71,2020/21,25,32,0.47299015330923594,0.26820391374797453,0.2588059329427894,True,0.04148222535271251,0.4385177473827688,0.25565411494432283,0.30582813767290845,1.6524544265537577,1.3495942901022557,2049,493.99288310199864,1.1952657198712124,-0.07103096643831301
2020-12-29,Man United,Wolves,1,0,H,1.54,4.27,6.2,2020/21,19,33,0.6214874946593485,0.22414303086074866,0.1543694744799027,True,0.04483300940202062,0.5290730825080782,0.2626491334613495,0.20827778403057257,1.6405924017067248,0.9435097746447106,2049,493.99288310199864,1.1952657198712124,-0.07103096643831301
2020-12-29,West Brom,Leeds,0,5,A,4.23,3.96,1.81,2020/21,31,14,0.22700453210956875,0.2424821138443121,0.5305133540461193,True,0.04141805975589907,0.25578866308981824,0.24157802783938817,0.5026333090707934,1.2760247502917246,1.8554925739740664,2049,493.99288310199864,1.1952657198712124,-0.07103096643831301
2020-12-29,Brighton,Arsenal,0,1,A,3.64,3.44,2.1,2020/21,4,0,0.26374974442854215,0.27908403189531794,0.4571662236761398,True,0.041613425334355636,0.25267989059034696,0.2787786297392156,0.4685414796704375,1.0238858093271626,1.4813255110986958,2049,493.99288310199864,1.1952657198712124,-0.07103096643831301
2020-12-29,Burnley,Sheffield United,1,0,H,2.4,3.17,3.22,2020/21,5,24,0.39961007540108207,0.30254390566643435,0.2978460189324835,True,0.04268308612705818,0.39459981649001735,0.3476107826980328,0.25778940081195,1.006865689033888,0.7577338909254199,2049,493.99288310199864,1.1952657198712124,-0.07103096643831301
2020-12-30,Newcastle,Liverpool,0,0,D,10.36,6.02,1.28,2020/21,21,16,0.09246690410590686,0.15912909078690948,0.7484040051071836,True,0.04388805333572776,0.13583469705523693,0.2005392776387895,0.6636260253059735,0.9143750057562806,2.2185137359955585,2054,497.9958946565696,1.1888043609567764,-0.06881551528571683
2021-01-01,Everton,West Ham,0,1,A,2.24,3.45,3.29,2020/21,9,32,0.4291612630018792,0.27864383452875635,0.2921949024693646,True,0.040235011673494414,0.448021643846064,0.26537141550672116,0.2866069406472153,1.5827672480254027,1.2245935177425624,2055,497.003897727796,1.1915552223687165,-0.07479782762532572
2021-01-01,Man United,Aston Villa,2,1,H,1.7,4.12,4.68,2020/21,19,1,0.5631045278258024,0.23234895565627772,0.20454651651791972,True,0.044628954394802633,0.5981067707674061,0.2213988639002164,0.18049436533237717,2.0709670093199875,1.0647911490351578,2055,497.003897727796,1.1915552223687165,-0.07479782762532572
2021-01-02,Brighton,Wolves,3,3,D,2.83,3.02,2.78,2020/21,4,33,0.33840126402682835,0.3171111182767961,0.34448761769637565,True,0.0441949484897608,0.2739644225982185,0.31529913866113507,0.4107364387406464,0.9107023471944474,1.1774353835295968,2057,498.00688727512994,1.1893724045430993,-0.06902616464256656
2021-01-02,Crystal Palace,Sheffield United,2,0,H,2.08,3.26,3.9,2020/21,8,24,0.4605387078545865,0.2938406479563006,0.24562064418911284,True,0.04392795343715594,0.4159469075179707,0.32541615330797813,0.2586369391740514,1.1308344158252743,0.8315030936152761,2057,498.00688727512994,1.1893724045430993,-0.06902616464256656
2021-01-02,Tottenham,Leeds,3,0,H,1.85,4.0,3.97,2020/21,29,14,0.5185390781890317,0.23982432366242715,0.24163659814854122,True,0.042429709306283536,0.6101494207649127,0.19667522529855366,0.1931753539365341,2.431269056027743,1.3370749949979714,2057,498.00688727512994,1.1893724045430993,-0.06902616464256656
2021-01-02,West Brom,Arsenal,0,4,A,5.98,4.01,1.6,2020/21,31,0,0.160545293490609,0.23941667208823988,0.6000380344211512,True,0.0416006388710497,0.15402955783395716,0.24291153545695693,0.6030589067090858,0.7881681661949204,1.7828403638478276,2057,498.00688727512994,1.1893724045430993,-0.06902616464256656
2021-01-03,Chelsea,Man City,1,3,A,3.37,3.6,2.14,2020/21,7,18,0.2848290803688285,0.26663166690082,0.44853925273035145,True,0.04180340244845637,0.23587819179519937,0.24088843685104447,0.523233371353756,1.1914929983076494,1.8614341198910533,2061,501.00387684534627,1.190094000255678,-0.06868361336038786
2021-01-03,Newcastle,Leicester,1,2,A,6.05,4.07,1.59,2020/21,21,15,0.15894415475643692,0.23626833815146028,0.6047875070921027,True,0.03992031950865571,0.2634411445432121,0.27153909609895227,0.46501975935783585,1.0968136754030333,1.532622468974343,2061,501.00387684534627,1.190094000255678,-0.06868361336038786
2021-01-04,Southampton,Liverpool,1,0,H,6.0,4.76,1.5,2020/21,25,16,0.1597315436241611,0.20134228187919467,0.6389261744966444,True,0.04341736694677856,0.18472188268869139,0.21879551490438198,0.5964826024069265,1.0961391947684458,2.095131372390712,2063,501.99887442907266,1.1867860429364807,-0.06886567642550097
2021-01-12,Burnley,Man United,0,1,A,7.76,4.87,1.41,2020/21,5,19,0.12350290919882374,0.1967931366289265,0.6797039541722497,True,0.04342464657237932,0.2072223202816686,0.26444539059589395,0.5283322891224377,0.9117886592938494,1.6010249845466715,2064,495.0149342827081,1.1905298335798757,-0.06022196142695647
2021-01-12,Sheffield United,Newcastle,1,0,H,2.34,3.13,3.39,2020/21,24,21,0.4101942592055669,0.3066628008118295,0.28314293998260365,True,0.04182449597926419,0.32409861290272607,0.33513376584309973,0.3407676212541744,0.9310142064873669,0.9621356664326404,2064,495.0149342827081,1.1905298335798757,-0.06022196142695647
2021-01-12,Wolves,Everton,1,2,A,2.59,2.93,3.16,2020/21,33,9,0.36988003307779277,0.32695880057047205,0.3031611663517352,True,0.043853010630562794,0.41448152972027,0.29432428844547465,0.2911941818342555,1.2913298492480905,1.0396205764095496,2064,495.0149342827081,1.1905298335798757,-0.06022196142695647
2021-01-13,Tottenham,Fulham,1,1,D,1.63,3.82,6.06,2020/21,29,10,0.5897344447388265,0.25164061385452546,0.15862494140664807,True,0.04029353887754428,0.7431791854744739,0.17426101129498012,0.08255980323054632,2.2794779240096577,0.6318299969938908,2067,497.0198997803232,1.189769749247848,-0.05320373502352663
2021-01-13,Man City,Brighton,1,0,H,1.18,7.62,16.73,2020/21,18,4,0.8160683055981605,0.12637278223173612,0.05755891217010336,True,0.03846408603931262,0.8189188053890103,0.12774936389576014,0.05333183071522954,2.749166618818513,0.597493426352683,2067,497.0198997803232,1.189769749247848,-0.05320373502352663
2021-01-14,Arsenal,Crystal Palace,0,0,D,1.7,3.82,5.2,2020/21,0,8,0.5643502471731349,0.2511506335587249,0.18449911926814022,True,0.04232309113738131,0.5799053300784792,0.24006616911395232,0.18002850080756824,1.807783265707008,0.9083367884755444,2069,498.0228573555348,1.1856301605575945,-0.05404600408344124
2021-01-16,Fulham,Chelsea,0,1,A,6.09,4.1,1.58,2020/21,10,7,0.15773377616315878,0.2342923650813749,0.6079738587554664,True,0.04101744390892792,0.16673595020913098,0.2266092722451159,0.6066547775457529,0.9261479851879723,1.9493672499584471,2070,497.03075279137965,1.1844693539274207,-0.05960106589522812
2021-01-16,Leeds,Brighton,0,1,A,2.27,3.53,3.14,2020/21,14,4,0.42265615765049513,0.2717930532200068,0.30555078912949807,True,0.0422860909210212,0.5563830876404795,0.2189835299894044,0.22463338237011607,2.1120651324679267,1.293963348106504,2070,497.03075279137965,1.1844693539274207,-0.05960106589522812
2021-01-16,Leicester,Southampton,2,0,H,1.71,3.82,5.1,2020/21,15,25,0.5608719684930561,0.2510709597180958,0.18805707178884826,True,0.042653857722017685,0.5125964974181,0.2469366850805396,0.24046681750136026,1.7712420652224816,1.1503971415206724,2070,497.03075279137965,1.1844693539274207,-0.05960106589522812
2021-01-16,West Ham,Burnley,1,0,H,1.77,3.65,4.89,2020/21,32,5,0.5414493861541122,0.2625658667103503,0.19598474713553757,True,0.04344333165726777,0.48334588373833176,0.2817931151526347,0.23486100110903346,1.4446669474491296,0.9287647409052382,2070,497.03075279137965,1.1844693539274207,-0.05960106589522812
2021-01-16,Wolves,West Brom,2,3,A,1.64,3.69,6.13,2020/21,33,31,0.5841185812599259,0.25960825833774487,0.15627316040232928,True,0.04389094461907095,0.6575199663110672,0.2274423321600444,0.11503770152888868,1.8337406821290785,0.6291691010360383,2070,497.03075279137965,1.1844693539274207,-0.05960106589522812
2021-01-17,Man City,Crystal Palace,4,0,H,1.18,7.39,17.06,2020/21,18,8,0.81377368574608,0.12993950597839976,0.05628680827552019,True,0.041392271540068526,0.7944486258816814,0.1417823946139033,0.06376897950441521,2.59221773600981,0.6191426371785507,2075,501.0276946782628,1.1810765971438097,-0.04413599182268773
2021-01-17,Liverpool,Man United,0,0,D,1.94,3.89,3.72,2020/21,16,19,0.49499558736000987,0.24686155256514627,0.2581428600748438,True,0.04135053056720839,0.5433405179434124,0.2273648591697278,0.22929462288685967,1.9629993098170362,1.2147443955141912,2075,501.0276946782628,1.1810765971438097,-0.04413599182268773
2021-01-17,Sheffield United,Tottenham,1,3,A,4.79,3.6,1.8,2020/21,24,29,0.20033388981636058,0.26655537006121316,0.5331107401224263,True,0.04210160055671541,0.1684471059953407,0.27685123013936663,0.5547016638652926,0.681179047469723,1.4623126203417067,2075,501.0276946782628,1.1810765971438097,-0.04413599182268773
2021-01-18,Arsenal,Newcastle,3,0,H,1.43,4.75,7.71,2020/21,0,21,0.6727093715501201,0.20252092659298349,0.12476970185689645,True,0.03952870121209262,0.571657066513839,0.24695932723794697,0.18138360624821415,1.7306744330635253,0.8710318071805128,2078,503.02064667259447,1.1811899499667218,-0.04988091688751336
2021-01-19,Leicester,Chelsea,2,0,H,2.8,3.43,2.53,2020/21,15,7,0.34210889422413554,0.27927256671358,0.37861853906228443,True,0.04394496364327782,0.4053977896777889,0.2506183211171067,0.34398388920510453,1.5997553084230725,1.458799552521829,2079,503.013612748851,1.184809808174317,-0.049786420566479
2021-01-19,West Ham,West Brom,2,1,H,1.53,4.22,6.46,2020/21,32,31,0.6252339363693076,0.22668434185901437,0.14808172177167814,True,0.04536035749628686,0.655323148524712,0.2082291752222282,0.13644767625305987,2.0731417087102684,0.837179023633849,2079,503.013612748851,1.184809808174317,-0.049786420566479
2021-01-20,Fulham,Man United,1,2,A,5.44,4.1,1.63,2020/21,10,19,0.17654579940931256,0.234246133850405,0.5892080667402825,True,0.04122290095149239,0.14280719560324923,0.22578106733902967,0.631411737057721,0.7803435052467331,1.8910834265028764,2081,504.0045948775639,1.1876837133155853,-0.04973651446148438
2021-01-20,Man City,Aston Villa,2,0,H,1.31,5.79,9.32,2020/21,18,1,0.7316305321942761,0.16553298742219372,0.10283648038353023,True,0.043366487640312146,0.7679948814241268,0.1511029725396926,0.08090214603618091,2.6105096765743876,0.7523766436740337,2081,504.0045948775639,1.1876837133155853,-0.04973651446148438
2021-01-21,Liverpool,Burnley,0,1,A,1.33,5.49,9.57,2020/21,16,5,0.723989962670062,0.17539283248655418,0.10061720484338374,True,0.038522269666835474,0.7340739880217911,0.17978729064671173,0.08613872133149694,2.2204766121684503,0.6288070185723541,2083,504.9935970226629,1.188340214906513,-0.0499935452014837
2021-01-23,Aston Villa,Newcastle,2,0,H,1.51,4.59,6.24,2020/21,1,21,0.6365521425761587,0.20941039984531581,0.15403745757852555,True,0.040372989632825984,0.4979377941373367,0.26085930478236324,0.24120290108030007,1.5881436587712505,1.031189066665961,2084,503.9736651914764,1.184221771623216,-0.041880913645922765
2021-01-26,Newcastle,Leeds,1,2,A,4.07,3.94,1.84,2020/21,21,14,0.23557395480629878,0.24334669950802948,0.5210793456856718,True,0.04298561316879557,0.3500090430005053,0.24367699730290177,0.4063139596965929,1.5212499235463013,1.6526353055891638,2085,501.9528945744848,1.1868766917198865,-0.04205440283248179
2021-01-26,Southampton,Arsenal,1,3,A,3.48,3.65,2.08,2020/21,25,0,0.2757478461739623,0.2629047958042161,0.46134735802182153,True,0.04209815534803729,0.3299997065775341,0.268101861241052,0.4018984321814138,1.2671558835515082,1.4230691206880808,2085,501.9528945744848,1.1868766917198865,-0.04205440283248179
2021-01-26,Crystal Palace,West Ham,2,3,A,3.53,3.33,2.18,2020/21,8,32,0.2717889006615574,0.2881125583589483,0.44009854097949436,True,0.042302015610745425,0.3348637612766671,0.2732514491071431,0.39188478961618967,1.2440108508838867,1.3659848928871048,2085,501.9528945744848,1.1868766917198865,-0.04205440283248179
2021-01-26,West Brom,Man City,0,5,A,19.5,8.28,1.15,2020/21,31,18,0.04923296468069924,0.11594719942918301,0.8348198358901177,True,0.04162021553325923,0.04592334346415818,0.11414410943037091,0.8399325471054706,0.5717264894934434,2.879771784581831,2085,501.9528945744848,1.1868766917198865,-0.04205440283248179
2021-01-27,Man United,Sheffield United,1,2,A,1.28,6.02,10.77,2020/21,19,24,0.7510477651152715,0.15969121916072218,0.08926101572400627,True,0.04021346748844001,0.6678394131465353,0.21996300812186326,0.11219757873160138,1.8601801388025698,0.6184358159054351,2089,504.94200001685834,1.1754418717272659,-0.04183673923866702
2021-01-27,Everton,Leicester,1,1,D,3.18,3.28,2.37,2020/21,9,15,0.3019976224330435,0.2927903778466703,0.4052119997202862,True,0.04128438585556138,0.3324628455008755,0.26517408387371266,0.40236307062541166,1.2941595092162532,1.4469878603129351,2089,504.94200001685834,1.1754418717272659,-0.04183673923866702
2021-01-27,Brighton,Fulham,0,0,D,2.05,3.31,3.95,2020/21,4,10,0.4676562639721006,0.2896360547259233,0.2427076813019762,True,0.04308423863618338,0.46624605706354144,0.2928713337994339,0.24088260913702458,1.3221839199885765,0.8708251314364759,2089,504.94200001685834,1.1754418717272659,-0.04183673923866702
2021-01-27,Burnley,Aston Villa,3,2,H,4.41,3.74,1.82,2020/21,5,1,0.21728637826242403,0.2562120128709331,0.5265016088666428,True,0.04358759820944691,0.3253619188652751,0.3000836059960036,0.3745544751387212,1.0632789950804102,1.1615056287769046,2089,504.94200001685834,1.1754418717272659,-0.04183673923866702
2021-01-27,Chelsea,Wolves,0,0,D,1.65,3.85,5.78,2020/21,7,33,0.5834174477289114,0.25003604902667625,0.1665465032444124,True,0.03881124642370315,0.5261767981235632,0.2487284968813056,0.22509470499513118,1.711330076205828,1.0402928011944546,2089,504.94200001685834,1.1754418717272659,-0.04183673923866702
2021-01-28,Tottenham,Liverpool,1,3,A,3.57,3.8,2.01,2020/21,29,16,0.2691360373788306,0.25284622459011186,0.47801773803105735,True,0.04078237736571477,0.337815687269668,0.2623126105882635,0.3998717021420686,1.3526696201216342,1.4905324160323457,2094,508.92313522124186,1.1719954288500791,-0.052775780044784996
2021-01-30,Arsenal,Man United,0,0,D,3.48,3.52,2.13,2020/21,0,19,0.27605708478769936,0.2729200724605665,0.4510228427517342,True,0.04093079900510688,0.36660030682228717,0.26602049694148877,0.36737919623622384,1.3935085792990853,1.3952228687058956,2095,507.8875166316934,1.1688408694294792,-0.05279800550755313
2021-01-30,Crystal Palace,Wolves,1,0,H,2.94,3.09,2.63,2020/21,8,33,0.3258043177581333,0.3099885741776414,0.36420710806422507,True,0.043988786773153876,0.3091354348332532,0.2961638085175066,0.39470075664924026,1.0637801343431543,1.2372549633126229,2095,507.8875166316934,1.1688408694294792,-0.05279800550755313
2021-01-30,Everton,Newcastle,0,2,A,1.57,4.11,6.22,2020/21,9,21,0.6118428138230781,0.23372097754312232,0.15443620863379948,True,0.041023381772389955,0.5227832586982538,0.26367920812452167,0.21353753317722435,1.5921648519235498,0.9285092908720476,2095,507.8875166316934,1.1688408694294792,-0.05279800550755313
2021-01-30,Man City,Sheffield United,1,0,H,1.18,7.27,16.86,2020/21,18,24,0.811491364197302,0.13171386654096512,0.05679476926173287,True,0.04432118998200152,0.7964840962673267,0.15115304383839148,0.05236285989428189,2.359487020939436,0.461222187087771,2095,507.8875166316934,1.1688408694294792,-0.05279800550755313
2021-01-30,Southampton,Aston Villa,0,1,A,3.22,3.68,2.18,2020/21,25,1,0.298323640095792,0.261033185083818,0.44064317482039,True,0.04101373297623789,0.4191009345718752,0.25964248558212377,0.32125657984600126,1.5461931663435482,1.3275389198900729,2095,507.8875166316934,1.1688408694294792,-0.05279800550755313
2021-01-30,West Brom,Fulham,2,2,D,3.53,3.29,2.2,2020/21,31,10,0.2719243210344996,0.2917607456692351,0.4363149332962652,True,0.04178294130677962,0.3274079986944671,0.30371129944737446,0.36888070185815813,1.0675120600108532,1.1502018589298968,2095,507.8875166316934,1.1688408694294792,-0.05279800550755313
2021-01-31,West Ham,Liverpool,1,3,A,3.45,3.68,2.09,2020/21,32,16,0.27868989082423534,0.2612717726477206,0.460038336528044,True,0.04006310242008193,0.19125689947274976,0.21859108921379228,0.5901520113134577,1.0936190203226093,2.052769642471474,2101,512.8607686886223,1.1644035234242334,-0.04791279399758233
2021-01-31,Leicester,Leeds,1,3,A,1.84,3.83,4.2,2020/21,15,14,0.521237022539629,0.25041151996681915,0.22835145749355176,True,0.042670104708928625,0.5750648644656109,0.2057173016710266,0.21921783386336224,2.272356970410763,1.3643163677664722,2101,512.8607686886223,1.1644035234242334,-0.04791279399758233
2021-01-31,Chelsea,Burnley,2,0,H,1.33,5.22,10.0,2020/21,7,5,0.7205704930524304,0.18359363137159626,0.09583587557597324,True,0.04345058047417405,0.5831328332139799,0.24461600362242528,0.17225116316359457,1.741037713998956,0.8364946749700459,2101,512.8607686886223,1.1644035234242334,-0.04791279399758233
2021-01-31,Brighton,Tottenham,1,0,H,3.24,3.32,2.31,2020/21,4,29,0.29598925527973324,0.2888569840681734,0.41515376065209336,True,0.042747227486183315,0.191054607638065,0.25283835209550043,0.5561070402664342,0.881580119903754,1.676347255864778,2101,512.8607686886223,1.1644035234242334,-0.04791279399758233
2021-02-02,Man United,Southampton,9,0,H,1.45,4.79,6.94,2020/21,19,25,0.6615297973576698,0.20025432279094388,0.13821587985138634,True,0.04251565865734808,0.5896782263048901,0.22557434930352122,0.18474742439158856,1.942439644576868,0.9975022992170424,2105,514.7974549923446,1.1633567699618774,-0.04179739714993112
2021-02-02,Newcastle,Crystal Palace,1,2,A,2.96,3.27,2.5,2020/21,21,8,0.323708531650181,0.2930205668760048,0.3832709014738143,True,0.04364823539135454,0.3914672955828062,0.289218031605886,0.3193146728113078,1.254980941464567,1.1071114107817215,2105,514.7974549923446,1.1633567699618774,-0.04179739714993112
2021-02-02,Sheffield United,West Brom,2,1,H,2.12,3.34,3.7,2020/21,24,31,0.45295937367132405,0.2875071473602417,0.2595334789684343,True,0.0413695810826078,0.4945922338926011,0.29217851068162437,0.21322925542577437,1.3442169588005213,0.7846933218131492,2105,514.7974549923446,1.1633567699618774,-0.04179739714993112
2021-02-02,Wolves,Arsenal,2,1,H,3.61,3.26,2.18,2020/21,33,0,0.26572244739242934,0.29425093100818095,0.44002662159938977,True,0.04247237283725136,0.31183861092776144,0.2911950424165274,0.39696634665571123,1.077887817167301,1.251373454800045,2105,514.7974549923446,1.1633567699618774,-0.04179739714993112
2021-02-03,Liverpool,Brighton,0,1,A,1.5,4.57,6.38,2020/21,16,4,0.6396572301103953,0.2099531389859066,0.150389630903698,True,0.0422248593228749,0.7459167324719168,0.16814086688839874,0.08594240063968435,2.355908275689852,0.6775810493730906,2109,517.7608969858857,1.1769034033673413,-0.041874340976487845
2021-02-03,Leeds,Everton,1,2,A,2.58,3.48,2.72,2020/21,14,9,0.3717598265623527,0.2756150438307097,0.3526251296069375,True,0.042600279887416104,0.4555107813725688,0.23114202182559063,0.3133471968018405,1.8719971353596356,1.5284986828837044,2109,517.7608969858857,1.1769034033673413,-0.041874340976487845
2021-02-03,Burnley,Man City,0,2,A,15.35,6.88,1.2,2020/21,5,18,0.062411175954763996,0.13924586495721328,0.7983429590880228,True,0.04382875034719591,0.10183889358924286,0.20623699475123167,0.6919241116595255,0.6104162489750393,1.9662726391135905,2109,517.7608969858857,1.1769034033673413,-0.041874340976487845
2021-02-03,Aston Villa,West Ham,1,3,A,2.36,3.45,3.04,2020/21,1,32,0.406442312163817,0.2780301033932197,0.3155275844429632,True,0.04253125444414296,0.42748226098742914,0.254997581057139,0.3175201579554318,1.576391129544156,1.329317566099375,2109,517.7608969858857,1.1769034033673413,-0.041874340976487845
2021-02-03,Fulham,Leicester,0,2,A,3.79,3.33,2.08,2020/21,10,15,0.252509086666934,0.287390221762066,0.46010069157099986,True,0.04492177381359452,0.1861159972815404,0.24942533955661414,0.5644586631618453,0.8668375138968392,1.6924870483078784,2109,517.7608969858857,1.1769034033673413,-0.041874340976487845
2021-02-04,Tottenham,Chelsea,0,1,A,3.98,3.48,1.98,2020/21,29,7,0.24074462286696574,0.2753343675317597,0.48392100960127465,True,0.04366310829662057,0.45429207509994135,0.2513908111362072,0.2943171137638514,1.625622592442342,1.2659731249175892,2114,521.7164200170417,1.1633624939548415,-0.03346993111739615
2021-02-06,Aston Villa,Arsenal,1,0,H,2.98,3.46,2.4,2020/21,1,0,0.32227517580762843,0.27756648089789965,0.400158343294472,True,0.04125447750578681,0.31227501734112634,0.2598986569974763,0.42782632566139756,1.2472909296412,1.5006299549240996,2115,520.629730498263,1.1612436567326627,-0.027877564848856097
2021-02-06,Burnley,Brighton,1,1,D,3.64,3.15,2.21,2020/21,5,4,0.26297696803025095,0.30388449639051224,0.4331385355792369,True,0.04467427996839746,0.3762057240903356,0.3205743877483632,0.30321988816130113,1.0394999366933309,0.9017156620133366,2115,520.629730498263,1.1612436567326627,-0.027877564848856097
2021-02-06,Fulham,West Ham,0,0,D,4.1,3.63,1.91,2020/21,10,32,0.2338594070960931,0.2641387242683145,0.5020018686355925,True,0.04294474211238586,0.23789724218626,0.2624114509663976,0.4996913068473425,0.9848946893636852,1.5444581433158686,2115,520.629730498263,1.1612436567326627,-0.027877564848856097
2021-02-06,Man United,Everton,3,3,D,1.62,4.15,5.45,2020/21,19,9,0.5925542645305807,0.23131033940711823,0.17613539606230105,True,0.041734044571080764,0.5911070366709604,0.22296423303735452,0.1859287302916851,1.9392411601280142,0.9945804156895688,2115,520.629730498263,1.1612436567326627,-0.027877564848856097
2021-02-06,Newcastle,Southampton,3,2,H,3.28,3.47,2.23,2020/21,21,25,0.29273173665833147,0.2767031977634949,0.4305650655781737,True,0.041492980094376186,0.35938093615702493,0.2710200968733692,0.3695989669696061,1.2880598919346136,1.3098597671238505,2115,520.629730498263,1.1612436567326627,-0.027877564848856097
2021-02-07,Liverpool,Man City,1,4,A,3.13,3.6,2.25,2020/21,16,18,0.3066962003748509,0.26665530754813427,0.4266484920770148,True,0.041711040113596054,0.3155540162396464,0.25844815555365713,0.4259978282066969,1.273877982717521,1.5176561976487166,2120,524.5795215962381,1.1641106786981088,-0.030923182111389877
2021-02-07,Sheffield United,Chelsea,1,2,A,6.99,4.27,1.5,2020/21,24,7,0.13704257627205677,0.22433901830015854,0.6386184054277846,True,0.043920220589467096,0.2028389321425556,0.27228931757423486,0.5248717502832099,0.812235478606806,1.4758775552300205,2120,524.5795215962381,1.1641106786981088,-0.030923182111389877
2021-02-07,Tottenham,West Brom,2,0,H,1.39,4.93,8.25,2020/21,29,31,0.689449711574483,0.1943884582329678,0.11616183019254923,True,0.04347633823606811,0.7924899001947634,0.13886146596254362,0.06864863384269253,2.6558538517356554,0.6731946936154868,2120,524.5795215962381,1.1641106786981088,-0.030923182111389877
2021-02-07,Wolves,Leicester,0,0,D,3.36,3.22,2.31,2020/21,33,15,0.2858757062146893,0.29830508474576267,0.41581920903954805,True,0.04107848673066061,0.32434714354440375,0.2800810943924044,0.3955717620631914,1.1526363492600562,1.3010086256368987,2120,524.5795215962381,1.1641106786981088,-0.030923182111389877
2021-02-08,Leeds,Crystal Palace,2,0,H,1.82,3.71,4.48,2020/21,14,8,0.5271992539633198,0.25862604911408144,0.2141746969225987,True,0.04220661414057636,0.5302040871449849,0.2216696316907719,0.2481262811642431,2.023860840938517,1.3371915964852412,2124,527.5234190076685,1.1595695933600627,-0.03629855305782627
2021-02-13,Man City,Tottenham,3,0,H,1.34,5.62,8.46,2020/21,18,29,0.7159084749233576,0.17069703850485754,0.11339448657178477,True,0.0424079094695875,0.6253632864067421,0.21943174694989634,0.15520496664336164,1.9530523178746506,0.862870824915256,2125,523.264523121084,1.1618949915784205,-0.036552516894784254
2021-02-13,Leicester,Liverpool,3,1,H,3.74,3.83,1.94,2020/21,15,16,0.2561254739744915,0.25010685970355045,0.49376766632195795,True,0.04394020241428365,0.28847103809960656,0.2473329080955396,0.4641960538048535,1.2839354723715697,1.6840628689882162,2125,523.264523121084,1.1618949915784205,-0.036552516894784254
2021-02-13,Brighton,Aston Villa,0,0,D,2.88,3.36,2.51,2020/21,4,1,0.33282818715665846,0.2852813032771358,0.38189050956620574,True,0.04324764434326189,0.3336467114614905,0.2860744708500082,0.3802788176885013,1.1496697295249563,1.2457588557313557,2125,523.264523121084,1.1618949915784205,-0.036552516894784254
2021-02-13,Crystal Palace,Burnley,0,3,A,2.84,3.14,2.69,2020/21,8,5,0.33781265247682357,0.3055375582911397,0.3566497892320368,True,0.042331225531866634,0.38498910700922134,0.3075619817506631,0.3074489112401155,1.1295563722467492,0.978102139019603,2125,523.264523121084,1.1618949915784205,-0.036552516894784254
2021-02-14,Arsenal,Leeds,4,2,H,1.81,3.87,4.23,2020/21,0,14,0.527538501696685,0.24672989355839786,0.22573160474491719,True,0.04729074004718403,0.5149661354740213,0.2262446781454372,0.25878918638054116,1.9750098346063063,1.3558581136544499,2129,526.21104790122,1.1641879839797522,-0.04160675276292746
2021-02-14,Everton,Fulham,0,2,A,2.04,3.37,3.92,2020/21,9,10,0.4704223345915533,0.2847660423046791,0.24481162310376753,True,0.04203402429220948,0.5859853022047982,0.25011672033289795,0.163897977462304,1.668957275750146,0.7617891606470018,2129,526.21104790122,1.1641879839797522,-0.04160675276292746
2021-02-14,Southampton,Wolves,1,2,A,2.23,3.24,3.49,2020/21,25,33,0.429693526628793,0.2957458532043853,0.27456062016682187,True,0.04360541987158273,0.3508795172724085,0.2816343033963164,0.367486179331275,1.2252828536801799,1.260037717526315,2129,526.21104790122,1.1641879839797522,-0.04160675276292746
2021-02-14,West Brom,Man United,1,1,D,9.63,5.82,1.3,2020/21,31,19,0.0993805463171666,0.16443894519489938,0.736180508487934,True,0.04489423498961975,0.09225158766159211,0.1581428587568285,0.7496055535815799,0.8024961783606009,2.556477985102879,2129,526.21104790122,1.1641879839797522,-0.04160675276292746
2021-02-15,Chelsea,Newcastle,2,0,H,1.29,5.74,10.69,2020/21,7,21,0.743266634607348,0.1670407593455538,0.08969260604709813,True,0.04295519582838647,0.6341720339470204,0.2144447875082339,0.15138317854474576,2.0217129353685754,0.8829346432579763,2133,529.1516855209187,1.1624610936668482,-0.04394667496087648
2021-02-15,West Ham,Sheffield United,3,0,H,2.03,3.27,4.07,2020/21,32,24,0.47179456274748227,0.2928877560787122,0.2353176811738056,True,0.04412148069218613,0.5019489860460671,0.281375024617131,0.21667598933680185,1.4262402479380114,0.8430430253922628,2133,529.1516855209187,1.1624610936668482,-0.04394667496087648
2021-02-17,Burnley,Fulham,1,1,D,2.96,3.13,2.59,2020/21,5,10,0.3237771538347864,0.3061918132111718,0.3700310329540416,True,0.04342704182959789,0.45498348625174484,0.31541064060595814,0.2296058731422969,1.1847880103207924,0.7558585108834708,2135,529.0313223323624,1.1677809602247946,-0.044191264797778726
2021-02-17,Everton,Man City,1,3,A,10.79,5.8,1.29,2020/21,9,18,0.08908935250068171,0.16573691611764751,0.7451737313816709,True,0.040285997484478475,0.12300080110835515,0.19746445414516461,0.6795347447464805,0.8008431977630728,2.148708136320244,2135,529.0313223323624,1.1677809602247946,-0.044191264797778726
2021-02-19,Wolves,Leeds,1,0,H,2.3,3.36,3.21,2020/21,33,14,0.41648710641551406,0.2850953407010959,0.29841755288339006,True,0.04392813606547863,0.4359214965308994,0.24785857208268247,0.3162199313864182,1.6705623229365478,1.3949524876346335,2137,528.9114396349372,1.165934427644064,-0.04712159826741934
2021-02-20,Liverpool,Everton,0,2,A,1.37,5.27,7.97,2020/21,16,9,0.6983939328940301,0.18155591803886553,0.1200501490671043,True,0.045150842411491254,0.6616087289827789,0.19428498163741045,0.14410628937981101,2.2620136102647925,0.9684179992169053,2138,528.8526758723513,1.16739057858817,-0.04280353078616703
2021-02-20,Burnley,West Brom,0,0,D,2.16,3.26,3.67,2020/21,5,31,0.4442208443173802,0.29433037537593293,0.261448780306687,True,0.04219099325332909,0.551096168130555,0.2659578989610644,0.18294593290838093,1.5479225102578256,0.7787371159749131,2138,528.8526758723513,1.16739057858817,-0.04280353078616703
2021-02-20,Fulham,Sheffield United,1,0,H,1.97,3.34,4.2,2020/21,10,24,0.48570379962467713,0.28647798959898624,0.22781821077633665,True,0.045110648897997985,0.3475274162354804,0.342139655525605,0.31033292823891473,0.9243958899537553,0.8566188426890982,2138,528.8526758723513,1.16739057858817,-0.04280353078616703
2021-02-20,Southampton,Chelsea,1,1,D,4.62,3.77,1.78,2020/21,25,7,0.2074271442525254,0.2541945375190099,0.5383783182284648,True,0.04349995864912559,0.24903413041592895,0.23702293847210573,0.5139429311119657,1.224947464978764,1.8422139144751015,2138,528.8526758723513,1.16739057858817,-0.04280353078616703
2021-02-21,West Ham,Tottenham,2,1,H,3.01,3.43,2.39,2020/21,32,29,0.3187794321800909,0.27974521599477364,0.4014753518251354,True,0.04218114496663983,0.2954107372629026,0.25977372854006775,0.44481553419702974,1.23762735296561,1.5688561198189033,2142,531.7880355158431,1.163863818928379,-0.047759050144418405
2021-02-21,Man United,Newcastle,3,1,H,1.33,5.37,9.41,2020/21,19,21,0.7199365713479728,0.17830831282919998,0.1017551158228272,True,0.04436936415153725,0.6792266789613619,0.19549464111913012,0.12527867991950778,2.1920331924955088,0.8350843797236952,2142,531.7880355158431,1.163863818928379,-0.047759050144418405
2021-02-21,Arsenal,Man City,0,1,A,6.84,4.59,1.47,2020/21,0,18,0.13999215730211195,0.20861576382275507,0.6513920788751332,True,0.04433586300017067,0.17612894418393418,0.23225320662389218,0.5916178491921736,0.9219849754831672,1.8711233391891955,2142,531.7880355158431,1.163863818928379,-0.047759050144418405
2021-02-21,Aston Villa,Leicester,1,2,A,3.69,3.63,2.01,2020/21,1,15,0.259581825750056,0.2638724344401396,0.4765457398098043,True,0.04399724150195761,0.3049281107847789,0.2642649623203431,0.4308069268948778,1.235421519498971,1.5114953405365763,2142,531.7880355158431,1.163863818928379,-0.047759050144418405
2021-02-22,Brighton,Crystal Palace,1,2,A,1.76,3.49,5.27,2020/21,4,8,0.5439915527700467,0.27433384896139884,0.18167459826855448,True,0.0444680901543284,0.4067873100882968,0.30049382861965956,0.2927188612920436,1.2153950453491595,0.9881018862601897,2146,534.7175303068555,1.1657493591561618,-0.04499128388287903
2021-02-23,Leeds,Southampton,3,0,H,2.16,3.58,3.31,2020/21,14,25,0.44327814396121534,0.26745273490397353,0.28926912113481124,True,0.04440737552688789,0.5013289847106057,0.21763420246342088,0.2810368128259734,2.101594125612524,1.54837509492881,2147,534.6471659673693,1.1637417839414157,-0.044893484520591
2021-02-27,West Brom,Brighton,1,0,H,4.49,3.54,1.85,2020/21,31,4,0.21297491715474096,0.27012920283186076,0.5168958800133983,True,0.04574356546724512,0.2638966358246568,0.29386549340173646,0.44223787077360693,0.9402286788771935,1.2993087839184168,2148,531.3790837316541,1.1680294232717352,-0.04487336332965544
2021-02-27,Leeds,Aston Villa,0,1,A,2.04,3.8,3.45,2020/21,14,1,0.4698924731182796,0.25225806451612903,0.27784946236559144,True,0.04320904563198269,0.4728438563936219,0.22963182063214566,0.2975243229742325,1.9168523012520131,1.4918290992251075,2148,531.3790837316541,1.1680294232717352,-0.04487336332965544
2021-02-27,Man City,West Ham,2,1,H,1.26,6.18,11.14,2020/21,18,32,0.7593075426499198,0.15481027568590602,0.08588218166417406,True,0.04522969820768363,0.7699549092883664,0.15065665985038504,0.0793884308612484,2.590624811069419,0.7312996360871279,2148,531.3790837316541,1.1680294232717352,-0.04487336332965544
2021-02-27,Newcastle,Wolves,1,1,D,3.65,3.15,2.21,2020/21,21,33,0.2624455712427664,0.3041035984241579,0.43345083033307574,True,0.04392160798284883,0.29136702993505287,0.30135546731189805,0.4072775027530488,0.9804160714263465,1.2108562793203115,2148,531.3790837316541,1.1680294232717352,-0.04487336332965544
2021-02-28,Leicester,Arsenal,1,3,A,2.34,3.33,3.18,2020/21,15,0,0.4100794646591384,0.28816394813885404,0.3017565872020075,True,0.04211613645575918,0.4308171455776903,0.26452142583649385,0.304661428585816,1.4879373745619249,1.2132931387462509,2152,534.3093956088763,1.1675876572682042,-0.03807910587159894
2021-02-28,Sheffield United,Liverpool,0,2,A,8.15,5.32,1.37,2020/21,24,16,0.11791257023323988,0.1806367382332528,0.7014506915335073,True,0.04059631861436763,0.13607027585938894,0.22756854017714243,0.6363611839634692,0.7164163750646506,1.8329263053264404,2152,534.3093956088763,1.1675876572682042,-0.03807910587159894
2021-02-28,Chelsea,Man United,0,0,D,2.36,3.32,3.15,2020/21,7,19,0.4064958487515159,0.2889548804378245,0.30454927081065947,True,0.042393950296748084,0.3867853017131802,0.24948930126462768,0.36372539702219225,1.5464803061666113,1.4937310926493057,2152,534.3093956088763,1.1675876572682042,-0.03807910587159894
2021-02-28,Crystal Palace,Fulham,0,0,D,3.45,3.2,2.27,2020/21,8,10,0.27793614049855564,0.2996499014750053,0.42241395802643916,True,0.04288370682500142,0.44364230070725197,0.2949369289539812,0.261420770338767,1.2818521678184724,0.9176584274965224,2152,534.3093956088763,1.1675876572682042,-0.03807910587159894
2021-02-28,Tottenham,Burnley,4,0,H,1.5,4.27,7.04,2020/21,29,5,0.6392405870819848,0.22455758328406963,0.13620182963394564,True,0.04290415868284714,0.5848430894834512,0.253199466601785,0.1619574439147636,1.6332877511455135,0.7346989439081848,2152,534.3093956088763,1.1675876572682042,-0.03807910587159894
2021-03-01,Everton,Southampton,1,0,H,2.14,3.45,3.48,2020/21,9,25,0.4473807767120531,0.2775057571489257,0.27511346613902116,True,0.04450111392901679,0.4956653137075288,0.24830971053259568,0.25602497575987554,1.7187903362615433,1.1762105665628946,2157,538.23185471773,1.1668552044363407,-0.045968183970485375
2021-03-02,Man City,Wolves,4,1,H,1.22,6.53,14.46,2020/21,18,33,0.786657846767018,0.14697129755830962,0.06637085567467232,True,0.04196778118492572,0.72251532075374,0.18810141526783453,0.0893832639784253,2.1169829269899125,0.6035389517471204,2158,538.1544687533875,1.1677744762405249,-0.042374212160766075
2021-03-03,Burnley,Leicester,1,1,D,3.85,3.12,2.17,2020/21,5,15,0.24949054608300872,0.30786493667294346,0.44264451724404774,True,0.04108257334063792,0.23977042190469036,0.27891233622068795,0.48131724187462155,0.931034246559784,1.4311701934738033,2159,538.0772374063049,1.1697201496183733,-0.04226641157255438
2021-03-03,Crystal Palace,Man United,0,0,D,7.61,4.62,1.44,2020/21,8,19,0.126073065071803,0.20766580631957157,0.6662611286086254,True,0.042300705572716035,0.1847717326078889,0.23067335472042863,0.5845549126716822,0.9659864840024212,1.8851255366473991,2159,538.0772374063049,1.1697201496183733,-0.04226641157255438
2021-03-03,Sheffield United,Aston Villa,1,0,H,3.55,3.38,2.15,2020/21,24,1,0.27016376377864937,0.2837518820752087,0.446084354146142,True,0.0426644080805183,0.268956331091835,0.30996772387505245,0.42107594503311285,0.8811369502377102,1.1762125592932988,2159,538.0772374063049,1.1697201496183733,-0.04226641157255438
2021-03-04,Fulham,Tottenham,0,1,A,3.91,3.44,2.02,2020/21,10,29,0.24556319661877063,0.27911398220331196,0.4753228211779174,True,0.04150165507242454,0.1686488589680624,0.2586262199567739,0.5727249210751638,0.7536188568108299,1.6084304720317324,2162,539.9961643648913,1.1744597764376699,-0.046132887854570696
2021-03-04,Liverpool,Chelsea,0,1,A,2.2,3.48,3.33,2020/21,16,7,0.43613946346310173,0.27572035046517923,0.2881401860717189,True,0.04220207668483544,0.5217611768887114,0.23553823724505785,0.2427005858662313,1.8689891134516348,1.215962369070906,2162,539.9961643648913,1.1744597764376699,-0.046132887854570696
2021-03-04,West Brom,Everton,0,1,A,3.93,3.47,2.0,2020/21,31,9,0.24404738879843585,0.2763994922126377,0.47955311898892644,True,0.04263736424899722,0.19816656138114125,0.24930698266989515,0.5525264559489637,0.9285458760472216,1.7093797326571,2162,539.9961643648913,1.1744597764376699,-0.046132887854570696
2021-03-06,Aston Villa,Wolves,0,0,D,2.62,3.11,2.94,2020/21,1,33,0.36581794321928107,0.3081810325512915,0.3260010242294274,True,0.043358852094874445,0.37898998668094785,0.29176116051311923,0.3292488528059327,1.203655402015793,1.102801034200022,2165,540.828517890575,1.1715051695862297,-0.0340475703048565
2021-03-06,Brighton,Leicester,1,2,A,2.53,3.17,3.02,2020/21,4,15,0.37938345334289714,0.302788686737391,0.3178278599197118,True,0.041840158059828436,0.23812872082397546,0.270478349942398,0.4913929292336263,0.953634130533833,1.4860266306758512,2165,540.828517890575,1.1715051695862297,-0.0340475703048565
2021-03-06,Burnley,Arsenal,1,1,D,4.93,3.61,1.78,2020/21,5,0,0.1947300634877343,0.26593329999848475,0.5393366365137809,True,0.041645819650588445,0.2401631500192948,0.2844072088200288,0.47542964116067643,0.8936312448533449,1.3718077648000626,2165,540.828517890575,1.1715051695862297,-0.0340475703048565
2021-03-06,Sheffield United,Southampton,0,2,A,3.75,3.33,2.1,2020/21,24,25,0.2556341503536766,0.28787629544332954,0.4564895542029939,True,0.043157443157443076,0.32554295816129564,0.30305521281053116,0.3714018290281731,1.0361144498713255,1.126594351049539,2165,540.828517890575,1.1715051695862297,-0.0340475703048565
2021-03-07,Tottenham,Crystal Palace,4,1,H,1.54,4.15,6.55,2020/21,29,8,0.6225879227219111,0.23103262674499833,0.14637945053309057,True,0.04298626049752685,0.6419700637993985,0.21815080983474697,0.1398791263658544,1.9475130570854502,0.7896901338442899,2169,543.7399497857547,1.168791888298757,-0.041750998339965116
2021-03-07,West Brom,Newcastle,0,0,D,2.31,3.18,3.38,2020/21,31,21,0.41496409543664586,0.30143618253416726,0.283599722029187,True,0.0432238298711447,0.2758938150796859,0.2830353873763348,0.4410707975439797,1.023549299137699,1.3651328861301981,2169,543.7399497857547,1.168791888298757,-0.041750998339965116
2021-03-07,Liverpool,Fulham,0,1,A,1.64,3.96,5.6,2020/21,16,10,0.5858235766515913,0.2426138044718712,0.17156261887653748,True,0.040852778657656685,0.7429076469207706,0.17474486584709553,0.08234748723213392,2.242577459993304,0.6108309776648033,2169,543.7399497857547,1.168791888298757,-0.041750998339965116
2021-03-07,Man City,Man United,0,2,A,1.5,4.39,6.76,2020/21,18,19,0.6395582891895503,0.2185278892447211,0.14191382156572863,True,0.04238609355132916,0.6312565568265579,0.2107915000499843,0.15795194312345734,2.0757617115363014,0.9420277121877716,2169,543.7399497857547,1.168791888298757,-0.041750998339965116
2021-03-08,Chelsea,Everton,2,0,H,1.62,3.89,5.92,2020/21,7,9,0.5916805837465636,0.24640682407954576,0.1619125921738907,True,0.04327227827656266,0.537195908627079,0.24462046480879102,0.21818362656412987,1.741875288336065,1.0271819334410215,2173,546.6455646361278,1.1636006280834934,-0.03697955847546557
2021-03-08,West Ham,Leeds,2,0,H,2.25,3.55,3.15,2020/21,32,14,0.42587832047986285,0.2699228791773779,0.3041988003427592,True,0.043594902749832354,0.456105723408786,0.2261093321554731,0.3177849444357405,1.9250427320938632,1.585982030094072,2173,546.6455646361278,1.1636006280834934,-0.03697955847546557
2021-03-10,Man City,Southampton,5,2,H,1.18,7.38,16.25,2020/21,18,25,0.8113544291122833,0.12972875695833255,0.058916813929384255,True,0.04449744367065578,0.8210911526601495,0.12112964486100601,0.05777920247884444,2.8979952323860902,0.6818280033048956,2175,546.4553656957287,1.168475876902871,-0.037613645164318
2021-03-12,Newcastle,Aston Villa,1,1,D,3.66,3.35,2.12,2020/21,21,1,0.2618519146676892,0.2860829873682813,0.45206509796402944,True,0.04342961960996128,0.3236645557936751,0.2856442613884912,0.3906911828178337,1.1295480963852078,1.2677693302769275,2176,545.2699180421822,1.1692163830245041,-0.03711506267939444
2021-03-13,Leeds,Chelsea,0,0,D,5.0,3.93,1.7,2020/21,14,7,0.19181189170566448,0.24403548563061636,0.564152622663719,True,0.0426882203262986,0.2791588723633993,0.23116953939678164,0.4896715882398192,1.3942728583812132,1.8980426930648433,2177,545.178470017938,1.1694714422616337,-0.040183290725922506
2021-03-13,Fulham,Man City,0,3,A,8.31,4.7,1.41,2020/21,10,18,0.11545074920167034,0.20412675018422993,0.6804225006140997,True,0.04232275904447347,0.07681866111783983,0.17893105767526807,0.7442502812068917,0.5444402519561871,2.1544655181477017,2177,545.178470017938,1.1694714422616337,-0.040183290725922506
2021-03-13,Crystal Palace,West Brom,1,0,H,2.34,3.11,3.4,2020/21,8,31,0.40972744251648757,0.30828367057510636,0.2819888869084061,True,0.043011482769379494,0.5341875150428785,0.2656312257846854,0.20018125917243604,1.5486171363040022,0.8455135976461047,2177,545.178470017938,1.1694714422616337,-0.040183290725922506
2021-03-13,Everton,Burnley,1,2,A,1.99,3.3,4.2,2020/21,9,5,0.4815007816571131,0.2903595622720167,0.22813965607087025,True,0.04363810393961143,0.4798908050452902,0.2867454729295571,0.2333637220251528,1.3699214656315992,0.8706869450841158,2177,545.178470017938,1.1694714422616337,-0.040183290725922506
2021-03-14,Arsenal,Tottenham,2,1,H,2.66,3.3,2.75,2020/21,0,29,0.3605769230769231,0.2906468531468532,0.3487762237762238,True,0.04260651629072676,0.36355191861994085,0.27009645454611114,0.3663516268339481,1.3383597830624359,1.344417456539026,2181,548.0812107029702,1.1667036398149622,-0.044530667239130704
2021-03-14,Leicester,Sheffield United,5,0,H,1.52,4.0,7.36,2020/21,15,24,0.6303096738832557,0.23951767607563715,0.13017265004110715,True,0.04376430205949666,0.6209892010503794,0.24208640958612218,0.13692438936349835,1.7133188523657878,0.6691754425034975,2181,548.0812107029702,1.1667036398149622,-0.044530667239130704
2021-03-14,Man United,West Ham,1,0,H,1.79,3.6,4.83,2020/21,19,32,0.5353827395412852,0.26620419549413904,0.19841306496457567,True,0.043476333128992906,0.5876265567745742,0.2211102491274477,0.19126319409797848,2.011914121276383,1.0685126696076155,2181,548.0812107029702,1.1667036398149622,-0.044530667239130704
2021-03-14,Southampton,Brighton,1,2,A,3.24,3.18,2.38,2020/21,25,4,0.2958393920915615,0.3014212674140438,0.4027393404943947,True,0.04327545134056421,0.4449484523721049,0.2756927956383608,0.27935875198953447,1.4290974466146493,1.0793195381989371,2181,548.0812107029702,1.1667036398149622,-0.044530667239130704
2021-03-15,Wolves,Liverpool,0,1,A,5.67,3.89,1.64,2020/21,33,16,0.16906454801548707,0.24642570366267652,0.5845097483218364,True,0.04319234933484517,0.2388089625319521,0.26349008853302414,0.49770094893502376,1.0035900280362133,1.5600614264879764,2185,550.9781517082453,1.1728193442554375,-0.039828437454032445
2021-03-19,Fulham,Leeds,1,2,A,2.57,3.29,2.84,2020/21,10,14,0.37228909421978906,0.29081549305314824,0.33689541272706264,True,0.045169102203251876,0.2770093576688572,0.27441178369550606,0.4485788586356367,1.0647198925022114,1.4261676394110414,2186,547.5799427873521,1.1722188740320236,-0.03645679681536792
2021-03-20,Brighton,Newcastle,3,0,H,1.72,3.53,5.57,2020/21,4,21,0.5567776044129682,0.27129107070546893,0.17193132488156287,True,0.04421468146190355,0.4031999265604222,0.3001843280215781,0.29661574541799957,1.197230599199377,0.985751604548339,2187,547.4838793305887,1.1712441974561034,-0.036387925724439246
2021-03-21,West Ham,Arsenal,3,3,D,3.49,3.47,2.13,2020/21,32,0,0.27440403042869704,0.2759856098547991,0.4496103597165037,True,0.04420095740486163,0.3428708617672653,0.2632773409791366,0.3938517972535982,1.3238420164977942,1.4355826603275672,2188,547.3880078087398,1.1754702140580906,-0.03650719491454355
2021-03-21,Aston Villa,Tottenham,0,2,A,3.05,3.42,2.36,2020/21,1,29,0.31405203072349636,0.280075641434697,0.4058723278418067,True,0.043995326837051874,0.2651825114380681,0.26353598792999344,0.4712815006319381,1.0907206876863416,1.5362858439284337,2188,547.3880078087398,1.1754702140580906,-0.03650719491454355
2021-04-03,Arsenal,Liverpool,0,3,A,2.84,3.58,2.42,2020/21,0,16,0.3370578440374111,0.26738666957157753,0.3955554863910114,True,0.04466542549075325,0.31916212170955316,0.2541187353339015,0.4267191429565454,1.3288122792407842,1.5702082263113837,2190,535.2880138183009,1.1726271970899689,-0.03614340974688889
2021-04-03,Chelsea,West Brom,2,5,A,1.28,5.57,11.9,2020/21,7,31,0.7477387229453346,0.17183223794794045,0.08042903910672505,True,0.04481682708990231,0.7653706755044063,0.1619183300849993,0.07271099441059438,2.337255340499327,0.5836218017046082,2190,535.2880138183009,1.1726271970899689,-0.03614340974688889
2021-04-03,Leeds,Sheffield United,2,1,H,1.56,4.17,6.2,2020/21,14,24,0.615114486381545,0.2301147718837435,0.15477074173471134,True,0.0421241170835045,0.5786223787558038,0.24287218026344579,0.17850544098075039,1.7370782999243068,0.8556180638366977,2190,535.2880138183009,1.1726271970899689,-0.03614340974688889
2021-04-03,Leicester,Man City,0,2,A,5.25,3.88,1.68,2020/21,15,18,0.18254528346271465,0.24700070571630206,0.5704540108209832,True,0.04344624447717238,0.19791636456613979,0.22477139444574976,0.5773122409881103,1.0611885196750963,1.9525314226426902,2190,535.2880138183009,1.1726271970899689,-0.03614340974688889
2021-04-04,Newcastle,Tottenham,2,2,D,5.37,3.83,1.68,2020/21,21,29,0.1786187196548881,0.25043930144823734,0.5709419788968745,True,0.04255444027458566,0.18312347509648777,0.2403099868628554,0.576566538040657,0.8922018426545133,1.767953192208897,2194,538.2105156480005,1.1583245688174637,-0.03683152410947278
2021-04-04,Southampton,Burnley,3,2,H,2.01,3.37,4.04,2020/21,25,5,0.4775631469470938,0.2848373665767532,0.23759948647615306,True,0.04177309533070317,0.41441060705750105,0.2822217295633269,0.3033676633791725,1.3272454179822193,1.0968135042207012,2194,538.2105156480005,1.1583245688174637,-0.03683152410947278
2021-04-04,Aston Villa,Fulham,3,1,H,2.53,3.19,2.99,2020/21,1,10,0.37889447236180906,0.3005025125628141,0.32060301507537686,True,0.04318470135561592,0.49138944630824494,0.29497282187796536,0.21363773181378987,1.316316000222578,0.7689844205219889,2194,538.2105156480005,1.1583245688174637,-0.03683152410947278
2021-04-04,Man United,Brighton,2,1,H,1.66,3.91,5.39,2020/21,19,4,0.5771905271835434,0.24504764069684962,0.17776183211960705,True,0.04369287121487009,0.6495930281968195,0.21744340205168267,0.13296356975149787,1.927137279509594,0.7446381757984695,2194,538.2105156480005,1.1583245688174637,-0.03683152410947278
2021-04-05,Everton,Crystal Palace,1,1,D,1.84,3.46,4.72,2020/21,9,8,0.520393596410727,0.2767411032935658,0.20286530029570715,True,0.0443600086896887,0.5054171241156733,0.26367135755505994,0.2309115183292665,1.5547764792754286,0.9679109010468925,2198,541.1271783151498,1.1624372807940229,-0.03677818364967262
2021-04-05,Wolves,West Ham,2,3,A,2.89,3.16,2.63,2020/21,33,32,0.33184927267717884,0.3034950626699515,0.3646556646528696,True,0.04270459433033569,0.3836534915018134,0.28472842610861193,0.3316180823895745,1.2608915913234058,1.1532972782632271,2198,541.1271783151498,1.1624372807940229,-0.03677818364967262
2021-04-09,Fulham,Wolves,0,1,A,2.64,3.09,2.94,2020/21,10,33,0.363328774026348,0.31041681664387016,0.3262544093297819,True,0.04254852867890313,0.25220898896262434,0.32045102382710816,0.42733998721026745,0.7952619312479866,1.125983451803541,2200,538.7994947040277,1.159450636291461,-0.03992112860102189
2021-04-10,Crystal Palace,Chelsea,1,4,A,7.34,4.2,1.5,2020/21,8,7,0.1308737380032407,0.22871743736756825,0.6404088246291911,True,0.04100168677825344,0.21768723556545816,0.25344243006178346,0.5288703343727583,0.9731534707838113,1.653378111179319,2201,538.7209745942362,1.1584916049803433,-0.037195180537792145
2021-04-10,Liverpool,Aston Villa,2,1,H,1.46,4.67,6.96,2020/21,16,1,0.6568558899015823,0.2053553745730857,0.1377887355253319,True,0.04274243008148915,0.6515652265898906,0.20523203856280015,0.14320273484730964,2.0965611364050147,0.8768613861703158,2201,538.7209745942362,1.1584916049803433,-0.037195180537792145
2021-04-10,Man City,Leeds,1,2,A,1.38,5.24,7.9,2020/21,18,14,0.695389825497403,0.18313701511191144,0.12147315939068555,True,0.0420596542969216,0.80389727552928,0.1254103760169155,0.07069234845380455,2.9787887021903776,0.8228293302696582,2201,538.7209745942362,1.1584916049803433,-0.037195180537792145
2021-04-11,West Ham,Leicester,3,2,H,3.18,3.23,2.39,2020/21,32,15,0.3016532962373932,0.29698374056808374,0.40136296319452314,True,0.042472973865849806,0.3410131842602768,0.2499859468497422,0.40900086888998105,1.4278594170755075,1.5828297213420766,2204,540.6386153650632,1.1498124681337,-0.03710126278317499
2021-04-11,Sheffield United,Arsenal,0,3,A,5.52,3.89,1.66,2020/21,24,0,0.17408487763321775,0.2470304690322267,0.5788846533345554,True,0.040638467584432014,0.18374374375167252,0.27133692862144504,0.5449193276268824,0.7520279289147656,1.494482925410843,2204,540.6386153650632,1.1498124681337,-0.03710126278317499
2021-04-11,Burnley,Newcastle,1,2,A,2.27,3.34,3.31,2020/21,5,21,0.42275409259337154,0.28732089526555493,0.2899250121410735,True,0.04204463559140148,0.4125952607970768,0.3006110398538423,0.28679369934908094,1.2090918258508168,0.9599486191135801,2204,540.6386153650632,1.1498124681337,-0.03710126278317499
2021-04-11,Tottenham,Man United,1,3,A,2.94,3.52,2.4,2020/21,29,19,0.32677311548458965,0.27292981804678795,0.40029706646862234,True,0.04089363017934455,0.37970674048010766,0.2634002260658373,0.35689303345405515,1.4082867556416823,1.3582470668565998,2204,540.6386153650632,1.1498124681337,-0.03710126278317499
2021-04-12,Brighton,Everton,0,0,D,2.15,3.45,3.52,2020/21,4,9,0.44763080779225567,0.27895832949372457,0.2734108627140198,True,0.03906226062444462,0.32290354479419603,0.2940093407249496,0.38308711448085436,1.0815294295189104,1.2030896421383495,2208,543.5504266857419,1.1425942953224033,-0.03722096271684637
2021-04-12,West Brom,Southampton,3,0,H,3.57,3.56,2.08,2020/21,31,25,0.26887826983688945,0.2696335458757571,0.46148818428735344,True,0.0417801519916523,0.275341097885747,0.2547746829437406,0.469884219170512,1.1843858411260018,1.6166715486416148,2208,543.5504266857419,1.1425942953224033,-0.03722096271684637
2021-04-16,Everton,Tottenham,2,2,D,3.5,3.45,2.15,2020/21,9,29,0.2745442768575923,0.27852317942074584,0.4469325437216619,True,0.04068563724782126,0.2790286660127913,0.2652185521260483,0.4557527818611604,1.1351300857805575,1.51799446889848,2210,541.2034344252321,1.14805427594274,-0.041123579951782716
2021-04-17,Newcastle,West Ham,3,2,H,3.43,3.39,2.2,2020/21,21,32,0.28004220534175434,0.28334653814814675,0.43661125651009886,True,0.0410758947872909,0.2823513939314015,0.2577286122702766,0.45991999379832205,1.1952298385557796,1.5881872165306183,2211,541.1201112406739,1.148548578814663,-0.04085711798570947
2021-04-17,Wolves,Sheffield United,1,0,H,1.79,3.44,5.24,2020/21,33,24,0.5370708045812626,0.27946416866292445,0.18346502675581297,True,0.040196586952188085,0.5275149951340318,0.29947369585276784,0.1730113090132005,1.3061717976104863,0.6235131848805804,2211,541.1201112406739,1.148548578814663,-0.04085711798570947
2021-04-18,Arsenal,Fulham,1,1,D,1.84,3.66,4.43,2020/21,0,10,0.5213541097255895,0.26210151964346573,0.21654437063094467,True,0.04243593889692465,0.6307171464868031,0.23572917969688428,0.13355367381631306,1.7538533866250468,0.670001672588869,2213,542.0349565346168,1.1510780533327634,-0.03930633793618637
2021-04-18,Man United,Burnley,3,1,H,1.36,5.17,8.77,2020/21,19,5,0.7051538663717957,0.18549502094113005,0.10935111268707437,True,0.04274280084478965,0.6559820937968983,0.21678950546594408,0.12722840073715797,1.9256851103784298,0.7176050118209021,2213,542.0349565346168,1.1510780533327634,-0.03930633793618637
2021-04-19,Leeds,Liverpool,1,1,D,5.19,4.46,1.6,2020/21,14,16,0.1849308323442367,0.21519978023914543,0.5998693874166179,True,0.041893473997079544,0.2364351292413209,0.22160225051472615,0.5419626202439528,1.2949125978248253,2.0380746211390366,2215,542.9479739664432,1.1503808984186967,-0.04260554581187923
2021-04-20,Chelsea,Brighton,0,0,D,1.68,3.72,5.72,2020/21,7,4,0.5729610960320537,0.25875662401447586,0.16828227995347034,True,0.038880474364345385,0.5921643882165771,0.24313702543166102,0.16469858635176166,1.7427127576151946,0.803840946672581,2216,542.8611651895568,1.1517328381847236,-0.04577651396780916
2021-04-21,Tottenham,Southampton,2,1,H,1.86,3.81,4.18,2020/21,29,25,0.517286404739632,0.25253352042407234,0.23018007483629566,True,0.03933604996396589,0.6431109388532396,0.20094996333555362,0.15593909781120707,2.2216665448762027,1.012624346721066,2217,542.7745298567223,1.1505598324037154,-0.0492601032885345
2021-04-21,Aston Villa,Man City,1,2,A,9.77,5.28,1.33,2020/21,1,18,0.09807533577925787,0.18147652094002828,0.7204481432807137,True,0.043627783984946156,0.1195451865902566,0.19828253355075953,0.6821722798589838,0.7803938937594007,2.138910042470217,2217,542.7745298567223,1.1505598324037154,-0.0492601032885345
2021-04-22,Leicester,West Brom,3,0,H,1.64,3.93,5.62,2020/21,15,31,0.5850971956575872,0.24416269742454025,0.17074010691787245,True,0.04214496683012525,0.6929631893891348,0.18855005311190398,0.11848675749896112,2.2626306775958196,0.8319187359892533,2219,543.6860696200655,1.1508282337832707,-0.04931969445203492
2021-04-23,Arsenal,Everton,0,1,A,2.03,3.55,3.76,2020/21,0,9,0.47354659722641046,0.2707886175689051,0.25566478520468433,True,0.040258425092004835,0.4995073002019161,0.25838712816221016,0.24210557163587365,1.628163512977306,1.0630012298720335,2220,543.5977861270795,1.153295067904838,-0.04928008714869686
2021-04-24,West Ham,Chelsea,0,1,A,5.25,3.93,1.68,2020/21,32,7,0.183120740870173,0.24462694391053644,0.5722523152192907,True,0.04016721192293704,0.32201533608014615,0.2508427896829594,0.4271418742368942,1.3815525451686124,1.6212059442051385,2221,543.5096790246301,1.1508698911092117,-0.04426998013914131
2021-04-24,Sheffield United,Brighton,1,0,H,6.31,3.96,1.59,2020/21,24,4,0.15239284651074989,0.2428279953239474,0.6047791581653029,True,0.03993467552358787,0.27200356174440865,0.3430888200696544,0.38490761818593744,0.7746622221130776,0.9795688918978673,2221,543.5096790246301,1.1508698911092117,-0.04426998013914131
2021-04-24,Liverpool,Newcastle,1,1,D,1.22,7.17,12.58,2020/21,16,21,0.7891832963525516,0.1342822345258177,0.0765344691216306,True,0.038633401056386685,0.7198171767397393,0.17645914676114502,0.10372367649911546,2.348528350705176,0.7837825626407424,2221,543.5096790246301,1.1508698911092117,-0.04426998013914131
2021-04-25,Aston Villa,West Brom,2,2,D,2.08,3.48,3.66,2020/21,1,31,0.4616789908655937,0.27594606350587214,0.26237494562853414,True,0.04134959632415813,0.5712249649795678,0.24421763109131706,0.18455740392911502,1.736006884958833,0.8823940399585205,2224,545.4177519576235,1.1495881607884584,-0.03937821881184975
2021-04-25,Leeds,Man United,0,0,D,4.35,3.91,1.8,2020/21,14,19,0.2207896099007106,0.24563549950590563,0.5335748905933839,True,0.04119508873014466,0.2642422530454336,0.23236907994683909,0.503388667007727,1.3202658524243824,1.887366217846432,2224,545.4177519576235,1.1495881607884584,-0.03937821881184975
2021-04-25,Wolves,Burnley,0,4,A,2.35,3.09,3.42,2020/21,33,5,0.40855476044119177,0.3107131673258255,0.28073207223298263,True,0.04155417118158633,0.45827237464393755,0.3050549900607556,0.2366726352953068,1.2371406094060182,0.8064268355187723,2224,545.4177519576235,1.1495881607884584,-0.03937821881184975
2021-04-26,Leicester,Crystal Palace,2,1,H,1.43,4.64,7.95,2020/21,15,8,0.6720141660761099,0.2071078141139735,0.1208780198099166,True,0.04060410420202243,0.6245670917344913,0.21771821763480384,0.15771469063070495,1.999430527933481,0.9026830266760413,2227,547.322012558354,1.1425458297728457,-0.04510667974513539
2021-04-30,Southampton,Leicester,1,1,D,4.11,3.75,1.89,2020/21,25,15,0.23415896048288778,0.256638220689245,0.5092028188278672,True,0.03907619820028585,0.2453786273070489,0.23215263297139804,0.5224687397215528,1.2525570851648324,1.907988920387308,2228,543.9529360655747,1.142390505073389,-0.04511245642502132
2021-05-01,Everton,Aston Villa,1,2,A,1.98,3.73,3.77,2020/21,9,1,0.48637421702332234,0.2581825602429432,0.25544322273373427,True,0.03839900918573402,0.426187606349669,0.27795482005068595,0.2958575735996452,1.3970214304348498,1.1217882530151622,2229,543.8641193730749,1.1435076178143377,-0.04825372847797898
2021-05-01,Crystal Palace,Man City,0,2,A,9.74,5.43,1.33,2020/21,8,18,0.09884307384043917,0.17729862600476567,0.7238583001547951,True,0.0387111663806754,0.07976737694503622,0.1609341027416631,0.7592985203133006,0.6734627779701154,2.4367616280322193,2229,543.8641193730749,1.1435076178143377,-0.04825372847797898
2021-05-01,Brighton,Leeds,2,0,H,2.08,3.5,3.69,2020/21,4,14,0.4633981815702793,0.27539091933319454,0.26121089909652606,True,0.03748622651061684,0.2962548145994429,0.28099887617045705,0.42274630923010015,1.1050902591702676,1.3701499913042128,2229,543.8641193730749,1.1435076178143377,-0.04825372847797898
2021-05-01,Chelsea,Fulham,2,0,H,1.49,4.2,7.85,2020/21,7,10,0.6474290371039481,0.22968315840116252,0.1228878044948895,True,0.0366247127244006,0.6471436242449088,0.2307601116697594,0.12209626408533189,1.7956508952764296,0.6406720729431802,2229,543.8641193730749,1.1435076178143377,-0.04825372847797898
2021-05-02,Newcastle,Arsenal,0,2,A,3.74,3.63,2.02,2020/21,21,0,0.2576132323388468,0.2654196939248725,0.4769670737362808,True,0.03791127775879177,0.24550306006775688,0.2615601968316341,0.492936743100609,1.0551495767926387,1.5941093720116917,2233,546.7694861324472,1.1462958814824329,-0.048452580888430186
2021-05-02,Tottenham,Sheffield United,4,0,H,1.32,5.46,9.91,2020/21,29,24,0.7272954554619138,0.1758296705512319,0.0968748739868543,True,0.041634114287999235,0.6765803451439868,0.21729176288179247,0.10612789197422073,1.8829919355072793,0.6014651211437737,2233,546.7694861324472,1.1462958814824329,-0.048452580888430186
2021-05-03,Burnley,West Ham,1,2,A,3.02,3.55,2.35,2020/21,5,32,0.31889681007626003,0.2712868637831846,0.40981632614055546,True,0.03834788355325691,0.3193644320008353,0.2750496054639107,0.4055859625352541,1.203471717374165,1.3874686973323236,2235,547.6730439678275,1.1481272623758991,-0.047674855540212537
2021-05-03,West Brom,Wolves,1,1,D,2.55,3.11,3.06,2020/21,31,33,0.3768935568572006,0.3090284790951323,0.31407796404766714,True,0.040497656726141695,0.25637721361863974,0.28603862014348863,0.45758416623787157,0.9591140477126211,1.3719072454106234,2235,547.6730439678275,1.1481272623758991,-0.047674855540212537
2021-05-07,Leicester,Newcastle,2,4,A,1.4,4.94,8.28,2020/21,15,21,0.6884762469029407,0.19511472584293868,0.11640902725412043,True,0.03748781094318865,0.6141137870648156,0.22181873721615966,0.16406747571902483,1.9774216625564496,0.924109130542899,2237,545.2932023417198,1.1474674001468796,-0.05062157400484234
2021-05-08,Sheffield United,Crystal Palace,0,2,A,2.96,3.19,2.58,2020/21,24,8,0.3251835286494346,0.30173769429540015,0.37307877705516523,True,0.038914360887095434,0.2947568839529439,0.3253505761960343,0.37989253985102156,0.8953863876877666,1.0565233485940182,2238,545.2017077954142,1.1425422042904894,-0.050990800998472
2021-05-08,Man City,Chelsea,1,2,A,2.04,3.35,4.01,2020/21,18,7,0.4722141177380404,0.28755725378674696,0.2402286284752126,True,0.038080099721431004,0.6316169521649332,0.21653196410098796,0.15185108373407866,2.015917046588935,0.8856217942570379,2238,545.2017077954142,1.1425422042904894,-0.050990800998472
2021-05-08,Leeds,Tottenham,3,1,H,4.03,3.97,1.86,2020/21,14,29,0.2391326172071077,0.24274671217749222,0.5181206706154,True,0.03766253518427076,0.28800213898158067,0.24609797703054542,0.46589988398787374,1.322862154566848,1.733371208572648,2238,545.2017077954142,1.1425422042904894,-0.050990800998472
2021-05-08,Liverpool,Southampton,2,0,H,1.31,5.93,9.28,2020/21,16,25,0.7341742767375309,0.1621868975592185,0.10363882570325061,True,0.039751463396553666,0.7109143194383164,0.17357174316267376,0.1155139373990097,2.476833576646466,0.9169923683160311,2238,545.2017077954142,1.1425422042904894,-0.050990800998472
2021-05-09,Arsenal,West Brom,3,1,H,1.5,4.5,6.74,2020/21,0,31,0.6427209154481882,0.21424030514939604,0.14303877940241577,True,0.03725684141114405,0.6715701823047725,0.202271520186671,0.12615829750855626,2.1172129685032677,0.80598505206912,2242,548.1044020513359,1.1407843955972923,-0.05101308160596923
2021-05-09,Aston Villa,Man United,1,3,A,4.43,3.94,1.78,2020/21,1,19,0.21677258228035903,0.24373160901065746,0.5394958087089834,True,0.04133849371948606,0.22457606848436584,0.25142296708663486,0.5240009644289991,1.0387621120657753,1.7051283809444702,2242,548.1044020513359,1.1407843955972923,-0.05101308160596923
2021-05-09,West Ham,Everton,0,1,A,2.14,3.53,3.46,2020/21,32,9,0.44949286776287706,0.2724970926381181,0.27801003959900494,True,0.039593179646800536,0.43454363801388907,0.26051740361555875,0.30493895837055246,1.5566112938534982,1.2687427166076048,2242,548.1044020513359,1.1407843955972923,-0.05101308160596923
2021-05-09,Wolves,Brighton,2,1,H,3.96,3.3,2.06,2020/21,33,4,0.24258125294394725,0.29109750353273667,0.46632124352331605,True,0.04099244875943908,0.413288639414537,0.3207781098216546,0.2659332507638084,1.1241859635499314,0.8436292466884353,2242,548.1044020513359,1.1407843955972923,-0.05101308160596923
2021-05-10,Fulham,Burnley,0,2,A,2.23,3.42,3.35,2020/21,10,5,0.4314587954402522,0.2813313198338486,0.28720988472589914,True,0.039335616778823246,0.2908844482076828,0.33039794363386843,0.37871760815844885,0.8617095021319021,1.0257098289635587,2246,551.0012967202662,1.138635941870408,-0.04635506151921339
2021-05-11,Man United,Leicester,1,2,A,3.71,3.55,2.05,2020/21,19,15,0.2594150462509134,0.2711069919974335,0.4694779617516531,True,0.039036797869592244,0.5241226065748135,0.23763607458056354,0.2382413188446231,1.844831646802245,1.1811211847354577,2247,550.8983973937852,1.1359451295751832,-0.046452497687959754
2021-05-11,Southampton,Crystal Palace,3,1,H,1.88,3.78,4.09,2020/21,25,8,0.5109830181320606,0.25413970213975506,0.23487727972818434,True,0.0409639356733984,0.43218649619846705,0.26626449897501275,0.3015490048265202,1.493510885702774,1.2089860008072186,2247,550.8983973937852,1.1359451295751832,-0.046452497687959754
2021-05-12,Chelsea,Arsenal,0,1,A,1.95,3.4,4.29,2020/21,7,0,0.4930784442979566,0.2827949901120633,0.22412656558998023,True,0.04003839297956935,0.4506656006569439,0.2644358201499594,0.2848985791930968,1.5309783469771938,1.1693223789700713,2249,551.793705658963,1.1358699995298198,-0.04635000800626589
2021-05-13,Aston Villa,Everton,0,0,D,3.04,3.32,2.45,2020/21,1,9,0.31680869958091207,0.2900898935921604,0.3931014068269275,True,0.03831545300428352,0.371421111113078,0.27964139916789466,0.34893748971902766,1.2798125961420348,1.2325350916930933,2250,551.6892230983665,1.1338993196602107,-0.04092062705253292
2021-05-13,Man United,Liverpool,2,4,A,2.79,3.72,2.43,2020/21,19,16,0.34504792332268375,0.25878594249201275,0.3961661341853035,True,0.03876277711403153,0.38631843311525466,0.26047512930545386,0.35320643757929115,1.454091998649888,1.3806681110543813,2250,551.6892230983665,1.1338993196602107,-0.04092062705253292
2021-05-14,Newcastle,Man City,3,4,A,8.51,5.76,1.34,2020/21,21,18,0.11327367132672142,0.1673539831580554,0.7193723455152232,True,0.03738858098851594,0.08982415773526273,0.16705012690667456,0.7431257153580628,0.7270421180433562,2.411205159394749,2252,552.5829512927326,1.1304343243788728,-0.046768719462206
2021-05-15,Southampton,Fulham,3,1,H,1.87,3.74,4.21,2020/21,25,10,0.5143555284056199,0.25717776420280997,0.22846670739156996,True,0.039668728644556506,0.4949665118560682,0.27894765173596453,0.22608583640796712,1.4463559913426989,0.8906656143389714,2253,552.4768918183081,1.1311360432429842,-0.04645602015200737
2021-05-15,Brighton,West Ham,1,1,D,3.49,3.55,2.12,2020/21,4,32,0.2755333286959578,0.2708764273658853,0.45359024393815695,True,0.03992120534201571,0.30717446179354035,0.2846692895366404,0.40815624866981953,1.110430593767838,1.3201409880116304,2253,552.4768918183081,1.1311360432429842,-0.04645602015200737
2021-05-15,Burnley,Leeds,0,4,A,3.49,3.8,2.05,2020/21,5,14,0.27617747682271815,0.2536472089766543,0.4701753142006275,True,0.037495724075020886,0.31398779127204574,0.2722152180356129,0.4137969906923414,1.2050592661726434,1.4193577834361826,2253,552.4768918183081,1.1311360432429842,-0.04645602015200737
2021-05-16,Crystal Palace,Aston Villa,3,2,H,3.1,3.51,2.3,2020/21,8,1,0.3095000766753565,0.2733476460665542,0.4171522772580893,True,0.04226353875722744,0.31391731007864027,0.28480280682910786,0.40127988309225165,1.1315191546237462,1.313315851119466,2256,554.3670482481893,1.1276131978157693,-0.048827660819273574
2021-05-16,Everton,Sheffield United,0,1,A,1.36,5.1,9.07,2020/21,9,24,0.7059098220308203,0.18824261920821878,0.10584755876096093,True,0.04162613226106315,0.5618263196865586,0.2800693109187195,0.15810436939472178,1.4438996174947032,0.6356558626022651,2256,554.3670482481893,1.1276131978157693,-0.048827660819273574
2021-05-16,Tottenham,Wolves,2,0,H,1.54,4.49,5.95,2020/21,29,33,0.6242945708537123,0.21412330492532672,0.16158212422096083,True,0.040135025461895735,0.5398573010752566,0.25703187324934773,0.20311082567539587,1.6434116844280482,0.9134811946398064,2256,554.3670482481893,1.1276131978157693,-0.048827660819273574
2021-05-16,West Brom,Liverpool,1,2,A,12.27,7.13,1.22,2020/21,31,16,0.07825782636741575,0.13467370680619792,0.7870684668263863,True,0.04142417806753085,0.10172132244740636,0.17316239870367184,0.7251162788489219,0.7963552210861935,2.3989659245507466,2256,554.3670482481893,1.1276131978157693,-0.048827660819273574
2021-05-18,Brighton,Man City,3,2,H,7.26,4.66,1.45,2020/21,4,18,0.1321905641330631,0.20594495613863478,0.6618644797283022,True,0.041988493923860615,0.10402546911827996,0.19961352812326777,0.6963610027584524,0.6578264670178323,2.0519201494869774,2260,556.1380410416185,1.1293983813701238,-0.04428478888327743
2021-05-18,Chelsea,Leicester,2,1,H,1.7,3.81,5.32,2020/21,7,15,0.5663338008728647,0.2526948717805433,0.18097132734659208,True,0.03867241053072701,0.44914274602785165,0.2566574082251071,0.29419984574704094,1.5946515102016052,1.2490116770883493,2260,556.1380410416185,1.1293983813701238,-0.04428478888327743
2021-05-18,Man United,Fulham,1,1,D,1.3,5.82,9.97,2020/21,19,10,0.7386839867400614,0.16499814136805496,0.09631787189188364,True,0.04135297778081792,0.7206094381386697,0.18989195672111975,0.08949860514021084,2.101193747888533,0.5989699374733389,2260,556.1380410416185,1.1293983813701238,-0.04428478888327743
2021-05-18,Southampton,Leeds,0,2,A,2.65,3.8,2.5,2020/21,25,14,0.36266463065470506,0.25291086085130743,0.38442450849398735,True,0.04051638530288004,0.2998103578795243,0.23570573324232624,0.4644839088781492,1.4408204090902916,1.8324247090575558,2260,556.1380410416185,1.1293983813701238,-0.04428478888327743
2021-05-19,West Brom,West Ham,1,3,A,5.07,4.28,1.64,2020/21,31,32,0.1895359889397736,0.2245204354964141,0.5859435755638124,True,0.04063961615117995,0.22700183545197053,0.24141086159602404,0.5315873029520056,1.105480120483498,1.8015800403431286,2264,559.01888448914,1.1293164230009083,-0.046749737487561914
2021-05-19,Tottenham,Aston Villa,1,2,A,1.62,4.44,5.15,2020/21,29,1,0.5954408387106854,0.21725544115119602,0.18730372013811855,True,0.036683933124062484,0.5750397481286075,0.23278215614765282,0.1921780957237399,1.8800430909894537,0.9985934991737384,2264,559.01888448914,1.1293164230009083,-0.046749737487561914
2021-05-19,Newcastle,Sheffield United,1,0,H,1.85,3.75,4.29,2020/21,21,24,0.5195969187539363,0.25633447991860864,0.2240686013274551,True,0.04030744030744016,0.49028667567340745,0.2943582226478921,0.21535510167870037,1.3363449179678568,0.7902402238895586,2264,559.01888448914,1.1293164230009083,-0.046749737487561914
2021-05-19,Crystal Palace,Arsenal,1,3,A,5.92,4.09,1.59,2020/21,8,0,0.1620560845479669,0.23456528619167827,0.6033786292603548,True,0.04234851403509432,0.22327296181288725,0.2571230976799926,0.5196039405071204,0.9921419825779091,1.6392088096024489,2264,559.01888448914,1.1293164230009083,-0.046749737487561914
2021-05-19,Burnley,Liverpool,0,3,A,9.9,6.3,1.28,2020/21,5,16,0.09703270521983971,0.1524799653454624,0.7504873294346978,True,0.04099025974025983,0.16231516822223963,0.23221459305359185,0.6054702387241687,0.8484459927603624,1.850634971535905,2264,559.01888448914,1.1293164230009083,-0.046749737487561914
2021-05-19,Everton,Wolves,1,0,H,1.79,3.66,4.77,2020/21,9,33,0.5363848358880295,0.26233028859004726,0.2012848755219231,True,0.04152686746296297,0.40123981179181806,0.30447277766047415,0.29428741054770785,1.1877116875719442,0.9762777540978942,2264,559.01888448914,1.1293164230009083,-0.046749737487561914
2021-05-23,Wolves,Man United,1,2,A,2.34,3.25,3.26,2020/21,33,19,0.4102073686329777,0.2953493054157439,0.2944433259512784,True,0.04179120130040381,0.2241667020250254,0.2658496048929696,0.5099836930820053,0.939504592218996,1.5475370569851687,2270,560.5167658988614,1.1219048003219352,-0.04161974826425714
2021-05-23,Arsenal,Brighton,2,0,H,1.67,4.19,4.93,2020/21,0,4,0.5756023752267528,0.22941669847939788,0.19498092629384936,True,0.040305636288746394,0.5405782387235332,0.2643123674951981,0.19510939378126865,1.5620992216134333,0.8335014445411273,2270,560.5167658988614,1.1219048003219352,-0.04161974826425714
2021-05-23,Aston Villa,Chelsea,2,1,H,6.97,4.85,1.44,2020/21,1,7,0.1374118795166974,0.19747645365595484,0.6651116668273478,True,0.04410203441027738,0.25834876497731407,0.2630046919318473,0.47864654309083904,1.0799889743591982,1.557682487279473,2270,560.5167658988614,1.1219048003219352,-0.04161974826425714
2021-05-23,Fulham,Newcastle,0,2,A,2.48,3.44,2.89,2020/21,10,21,0.38773790951638065,0.27953198127925116,0.33273010920436813,True,0.039944242115892425,0.29061734881203094,0.30475744543095923,0.40462520575700966,0.9579006013937693,1.182303954802962,2270,560.5167658988614,1.1219048003219352,-0.04161974826425714
2021-05-23,Leeds,West Brom,3,1,H,1.54,4.69,5.59,2020/21,14,31,0.6234996420782766,0.20473122575704603,0.1717691321646773,True,0.04146114212063545,0.671739429926588,0.19146035972298678,0.1368002103504252,2.273531969432831,0.9343493621410931,2270,560.5167658988614,1.1219048003219352,-0.04161974826425714
2021-05-23,Leicester,Tottenham,2,4,A,1.79,4.19,4.14,2020/21,15,29,0.5377573448490729,0.22973404469685932,0.23250861045406782,True,0.03886859608377513,0.3730711593735119,0.2523301003349938,0.3745987402914947,1.4982095485337463,1.501682658335809,2270,560.5167658988614,1.1219048003219352,-0.04161974826425714
2021-05-23,Liverpool,Crystal Palace,2,0,H,1.16,8.57,16.09,2020/21,16,8,0.8281913957557168,0.11210058565654976,0.05970801858773346,True,0.04090548384725934,0.7275143055795726,0.17236562250281087,0.10012007191761657,2.3812362707966193,0.7753584404513271,2270,560.5167658988614,1.1219048003219352,-0.04161974826425714
2021-05-23,Man City,Everton,5,0,H,1.3,6.12,9.6,2020/21,18,9,0.7419305955447796,0.1575996363085316,0.10046976814668891,True,0.03679612870789328,0.708368818244355,0.1846018494860085,0.10702933226963712,2.243767856752603,0.7552516349288837,2270,560.5167658988614,1.1219048003219352,-0.04161974826425714
2021-05-23,Sheffield United,Burnley,1,0,H,2.8,3.47,2.53,2020/21,24,5,0.34321379563784493,0.276944849506042,0.379841354856113,True,0.04058421217925057,0.2655884549389347,0.3342491659074172,0.40016237915364816,0.7847138971033801,1.0326425284238536,2270,560.5167658988614,1.1219048003219352,-0.04161974826425714
2021-05-23,West Ham,Southampton,3,0,H,1.78,3.85,4.57,2020/21,32,25,0.5400050948220035,0.24966469319043277,0.21033021198756374,True,0.04035639329323093,0.5171271404761476,0.23174136898359826,0.25113149054025413,1.9039805131878726,1.2740331777220555,2270,560.5167658988614,1.1219048003219352,-0.04161974826425714
2021-08-13,Brentford,Arsenal,2,0,H,3.89,3.28,2.1,2021/22,3,0,0.24762548442993654,0.29367778488794305,0.4586967306821206,True,0.03813793371132368,0.2634566350903577,0.2653859709915683,0.471157393918074,1.0758129993348613,1.5227571460009754,2280,484.2215534055563,1.1314899635942173,-0.037652757097887235
2021-08-14,Man United,Leeds,5,1,H,1.64,4.19,5.22,2021/22,19,14,0.5863093163772444,0.2294862240712842,0.1842044595514714,True,0.039990463273902765,0.5286389384813646,0.22953002644962256,0.24183103506901288,1.922112067601165,1.2424890679404152,2281,484.2520800952132,1.1343835977200862,-0.0377655983345793
2021-08-14,Norwich,Liverpool,0,3,A,6.8,4.85,1.46,2021/22,22,16,0.1416511632559163,0.19860369281241877,0.659745143931665,True,0.03817589738903604,0.0618488714458094,0.14361944355948414,0.7945316849947064,0.5773125470560493,2.5241080884947813,2281,484.2520800952132,1.1343835977200862,-0.0377655983345793
2021-08-14,Leicester,Wolves,1,0,H,1.74,3.72,5.06,2021/22,15,33,0.5519935250026393,0.258190519759299,0.18981595523806177,True,0.04115830647725982,0.5128031029991128,0.2578119038604172,0.2293849931404702,1.611670927349267,0.9962029077188042,2281,484.2520800952132,1.1343835977200862,-0.0377655983345793
2021-08-14,Watford,Aston Villa,3,2,H,3.49,3.3,2.22,2021/22,30,1,0.27550882260029785,0.29137145178031504,0.43311972561938716,True,0.04001370477015165,0.30329852362936266,0.26708380795607317,0.4296176684145643,1.1913885068171601,1.4643426108528197,2281,484.2520800952132,1.1343835977200862,-0.0377655983345793
2021-08-14,Chelsea,Crystal Palace,3,0,H,1.33,5.17,10.58,2021/22,7,8,0.7230855258896361,0.18601619911667625,0.09089827499368773,True,0.039821255339135275,0.6352655873797957,0.21822419692812745,0.14651021569207717,1.9517803379824532,0.8215418966919739,2281,484.2520800952132,1.1343835977200862,-0.0377655983345793
2021-08-14,Burnley,Brighton,1,2,A,3.19,3.1,2.48,2021/22,5,4,0.30162977377766964,0.31038676720992453,0.3879834590124057,True,0.03928607543735474,0.3528459416730695,0.3170534503597914,0.33010060796713914,1.0302709883474788,0.9866902203237792,2281,484.2520800952132,1.1343835977200862,-0.0377655983345793
2021-08-14,Everton,Southampton,3,1,H,2.04,3.39,3.95,2021/22,9,25,0.4720932446296551,0.2840915100426243,0.24381524532772056,True,0.038345886130860984,0.47065302053267644,0.2599813283808818,0.26936565108644195,1.5701131787182436,1.1298354704869054,2281,484.2520800952132,1.1343835977200862,-0.0377655983345793
2021-08-15,Newcastle,West Ham,2,4,A,3.36,3.5,2.19,2021/22,21,32,0.2861847263603576,0.27473733730594324,0.4390779363336993,True,0.03995433789954328,0.31482373270898906,0.2552820862295893,0.42989418106142185,1.3051962148959857,1.5622861929637712,2288,490.2705577845076,1.1440991691078743,-0.03541096144877199
2021-08-15,Tottenham,Man City,1,0,H,5.88,4.12,1.6,2021/22,29,18,0.16387574082176526,0.2338809116582475,0.6022433475199873,True,0.03778647381282596,0.23672988096028819,0.23178726246390205,0.53148285657581,1.1962191998607108,1.8871514690823825,2288,490.2705577845076,1.1440991691078743,-0.03541096144877199
2021-08-21,Man City,Norwich,5,0,H,1.12,9.88,23.15,2021/22,18,22,0.8607774628211516,0.0975780119797257,0.04164452519912268,True,0.03726826203238609,0.9150216776438338,0.06567443055904565,0.019303891797120665,3.4521124812290536,0.42047140134600247,2290,486.39861322163637,1.1440044899248094,-0.028414614802089535
2021-08-21,Liverpool,Burnley,2,0,H,1.24,6.57,12.29,2021/22,16,5,0.7754151713647238,0.14634928652850188,0.07823554210677441,True,0.04002557943750085,0.7103488269593659,0.18644611174053782,0.10320506130009613,2.1670773785250446,0.6942373163101142,2290,486.39861322163637,1.1440044899248094,-0.028414614802089535
2021-08-21,Leeds,Everton,2,2,D,2.13,3.49,3.53,2021/22,14,9,0.45172941042743,0.27569731925800167,0.27257327031456824,True,0.039302638344685725,0.46609783208196665,0.24920442836019155,0.2846977395578419,1.6471857631769502,1.239095650331055,2290,486.39861322163637,1.1440044899248094,-0.028414614802089535
2021-08-21,Brighton,Watford,2,0,H,1.74,3.58,5.41,2021/22,4,30,0.5532013344606175,0.2688743916093504,0.17792427393003224,True,0.03888513616569167,0.4355814509949509,0.2802435947481572,0.28417495425689177,1.3523628469629254,1.0393483758771191,2290,486.39861322163637,1.1440044899248094,-0.028414614802089535
2021-08-21,Aston Villa,Newcastle,2,0,H,1.84,3.88,4.21,2021/22,1,21,0.5232091837388374,0.24811981909264455,0.22867099716851802,True,0.03873991084385331,0.4702041097569265,0.25426577892354735,0.2755301113195261,1.6013150494590325,1.1707306563539865,2290,486.39861322163637,1.1440044899248094,-0.028414614802089535
2021-08-21,Crystal Palace,Brentford,0,0,D,2.65,3.16,2.9,2021/22,8,3,0.363319192800222,0.30468223446854054,0.33199857273123734,True,0.038641772975466004,0.18190540697541505,0.25276851091754104,0.5653260821070438,0.8104288451775267,1.6304904181523654,2290,486.39861322163637,1.1440044899248094,-0.028414614802089535
2021-08-22,Arsenal,Chelsea,0,2,A,4.51,3.54,1.88,2021/22,0,7,0.2139976977047789,0.2726354849289697,0.5133668173662514,True,0.03613025934540892,0.37192871318005943,0.2712385870845176,0.3568326997354229,1.3202879606321178,1.2880240531560145,2296,491.41480013621623,1.154425560483037,-0.03136055048983411
2021-08-22,Southampton,Man United,1,1,D,5.39,4.28,1.62,2021/22,25,19,0.17900275206146446,0.22542636299329283,0.5955708849452428,True,0.036457567387696344,0.18310927378348596,0.20839135167401737,0.6084993745424966,1.0920254989764855,2.131722193766638,2296,491.41480013621623,1.154425560483037,-0.03136055048983411
2021-08-22,Wolves,Tottenham,0,1,A,2.93,3.06,2.7,2021/22,33,29,0.32865530574251756,0.314692825433195,0.3566518688242876,True,0.03846468431893024,0.2468960597211958,0.27386537737343625,0.47923856290536804,0.9618306003934055,1.4465355820391632,2296,491.41480013621623,1.154425560483037,-0.03136055048983411
2021-08-23,West Ham,Leicester,4,1,H,2.46,3.47,2.9,2021/22,32,15,0.39105124897020194,0.2772294156964544,0.33171933533334375,True,0.03951608928789274,0.3768627122341754,0.2420901065535966,0.3810471812122279,1.5809667197617823,1.5907216726097109,2299,493.42695870665375,1.1521511453597275,-0.03150956150735818
2021-08-28,Norwich,Leicester,1,2,A,4.21,3.63,1.9,2021/22,22,15,0.22854170049340092,0.26505800525543194,0.5064002942511673,True,0.03932757434899736,0.10275930754329006,0.18259381521409795,0.7146468772426124,0.7168907607559097,2.222637297488568,2300,489.5073282686294,1.1571006442108933,-0.03131458054103806
2021-08-28,West Ham,Crystal Palace,2,2,D,1.57,4.12,6.39,2021/22,32,8,0.6147171793824061,0.23424902224038294,0.15103379837721093,True,0.03615564445288322,0.5900248886546342,0.22289568732384776,0.18707942402151811,1.9503835866970263,1.0077733193500227,2300,489.5073282686294,1.1571006442108933,-0.03131458054103806
2021-08-28,Newcastle,Southampton,2,2,D,2.44,3.54,2.86,2021/22,21,25,0.39332722102220635,0.27110689810570154,0.33556588087209216,True,0.04197229093033483,0.4167680847322081,0.2537875035535936,0.32944441171419836,1.546602925217199,1.3508212121446297,2300,489.5073282686294,1.1571006442108933,-0.03131458054103806
2021-08-28,Brighton,Everton,0,2,A,2.31,3.23,3.36,2021/22,4,9,0.4162035918498832,0.29765643875332204,0.2861399693967947,True,0.04011700373929483,0.34538947755465566,0.3028123687077329,0.3517981537376111,1.0745377346576028,1.0871748727990125,2300,489.5073282686294,1.1571006442108933,-0.03131458054103806
2021-08-28,Liverpool,Chelsea,1,1,D,2.43,3.32,3.07,2021/22,16,7,0.3962815074591467,0.2900494166041345,0.3136690759367188,True,0.03846035204476572,0.49329238836659356,0.2542603904015629,0.2524472212318439,1.62362671964147,1.0934625322466625,2300,489.5073282686294,1.1571006442108933,-0.03131458054103806
2021-08-28,Aston Villa,Brentford,1,1,D,2.09,3.3,3.9,2021/22,1,3,0.4609929078014185,0.2919621749408984,0.24704491725768324,True,0.037909458962090525,0.2824983195099393,0.32381448445363126,0.3936871960364296,0.8473146120314994,1.0557933567658524,2300,489.5073282686294,1.1571006442108933,-0.03131458054103806
2021-08-28,Man City,Arsenal,5,0,H,1.34,5.24,9.86,2021/22,18,0,0.718582928606795,0.18375975655211935,0.09765731484108575,True,0.03852822966905234,0.6606974502964199,0.1980870942604448,0.14121545544313552,2.1679830486042944,0.8997448814820215,2300,489.5073282686294,1.1571006442108933,-0.03131458054103806
2021-08-29,Burnley,Leeds,1,1,D,3.27,3.54,2.22,2021/22,5,14,0.2944032366824006,0.2719487525286582,0.4336480107889414,True,0.03874672371018173,0.27824672871271194,0.2580844046015845,0.4636688666857035,1.1748985644868841,1.583854292018936,2307,495.5153059650698,1.1578798389613518,-0.03884848618154885
2021-08-29,Tottenham,Watford,1,0,H,1.47,4.45,7.65,2021/22,29,30,0.6568170636413626,0.21697103001186582,0.12621190634677165,True,0.035710164215498885,0.6901924510395515,0.18658447379713072,0.1232230751633178,2.281716853487656,0.8623951686472702,2307,495.5153059650698,1.1578798389613518,-0.03884848618154885
2021-08-29,Wolves,Man United,0,1,A,4.88,3.71,1.77,2021/22,33,19,0.19714432392349238,0.25931652311230263,0.543539152964205,True,0.03943156317505592,0.21983870313185014,0.2680263569416272,0.5121349399265227,0.9076766548147238,1.5238588877364856,2307,495.5153059650698,1.1578798389613518,-0.03884848618154885
2021-09-11,Southampton,West Ham,0,0,D,3.06,3.53,2.33,2021/22,25,32,0.3144495632060864,0.2725823409095253,0.4129680958843882,True,0.03926805395730826,0.30206129418730693,0.23529809058523818,0.46264061522745487,1.4338282630318477,1.8142534489899393,2310,485.72095530880927,1.1577618953740847,-0.03581614184050081
2021-09-11,Arsenal,Norwich,1,0,H,1.42,4.89,7.72,2021/22,0,22,0.678275868264549,0.19696354456761953,0.12476058716783156,True,0.038258008374265184,0.7674384863639002,0.1605272910857526,0.07203422255034764,2.3509610761748716,0.5841061596058039,2310,485.72095530880927,1.1577618953740847,-0.03581614184050081
2021-09-11,Brentford,Brighton,0,1,A,3.01,3.01,2.67,2021/22,3,4,0.3197604790419162,0.3197604790419162,0.3604790419161677,True,0.038983662448517364,0.47766342384521326,0.33061213876635576,0.19172443738843065,1.116306522565856,0.5960292545650671,2310,485.72095530880927,1.1577618953740847,-0.03581614184050081
2021-09-11,Chelsea,Aston Villa,3,0,H,1.34,5.29,9.78,2021/22,7,1,0.719257611566801,0.18219379952731823,0.09854858890588072,True,0.03755406229317071,0.5689002858899038,0.2388386241640871,0.19226108994600924,1.7878755661620676,0.9421319950021029,2310,485.72095530880927,1.1577618953740847,-0.03581614184050081
2021-09-11,Crystal Palace,Tottenham,3,0,H,3.95,3.32,2.07,2021/22,8,29,0.24402316522801268,0.2903287658586296,0.46564806891335764,True,0.03746116367874741,0.18896244514740518,0.23819295903484505,0.5728445958177498,0.9301529324819667,1.7921036703048134,2310,485.72095530880927,1.1577618953740847,-0.03581614184050081
2021-09-11,Leicester,Man City,0,1,A,5.58,4.04,1.63,2021/22,15,18,0.17228009774015143,0.23795122410644678,0.5897686781534018,True,0.04023315452463505,0.17759100039463174,0.20459849267545815,0.6178105069299099,1.0977878948110968,2.1863727633741368,2310,485.72095530880927,1.1577618953740847,-0.03581614184050081
2021-09-11,Man United,Newcastle,4,1,H,1.19,7.42,15.77,2021/22,19,21,0.8091681390226783,0.12977224871118426,0.06105961226613743,True,0.03851856484209604,0.6881808354801855,0.18632493785227938,0.12549422666753496,2.2866131986309104,0.8759666290131339,2310,485.72095530880927,1.1577618953740847,-0.03581614184050081
2021-09-11,Watford,Wolves,0,2,A,3.57,3.17,2.25,2021/22,30,33,0.2693349042175977,0.30332038109048065,0.42734471469192165,True,0.04001390251158288,0.3238972135675827,0.30013919610934714,0.3759635903230699,1.0497617518116327,1.1533027030286902,2310,485.72095530880927,1.1577618953740847,-0.03581614184050081
2021-09-12,Leeds,Liverpool,0,3,A,4.86,4.31,1.67,2021/22,14,16,0.1984997449014768,0.22383033879841702,0.5776699163001062,True,0.03658227356692767,0.24381354811683442,0.22740328112208777,0.5287831707610777,1.2638355122681055,1.9430442224856892,2318,492.73450018213674,1.1652193196152243,-0.03518925778589131
2021-09-13,Everton,Burnley,3,1,H,1.78,3.52,5.23,2021/22,9,5,0.5417041836596576,0.2739299565097132,0.18436585983062911,True,0.0370932508100319,0.4923357298642888,0.2798369252728352,0.22782734486287606,1.4165866303809291,0.8748033793250983,2319,492.7480179927892,1.1612512225858658,-0.03505643067385151
2021-09-17,Newcastle,Leeds,1,1,D,3.09,3.67,2.26,2021/22,21,14,0.31160234278436694,0.2623572858865651,0.4260403713290681,True,0.03858203560814788,0.31413377468012976,0.2397990890992661,0.4460671362206041,1.431602274802328,1.740279787472073,2320,489.81379173639016,1.1635238455552304,-0.03472230822775502
2021-09-18,Aston Villa,Everton,3,0,H,2.18,3.36,3.52,2021/22,1,9,0.4408922819992842,0.2860551115352499,0.2730526064654658,True,0.04042555304023199,0.3760751844344262,0.2747227743786951,0.3492020411868784,1.3176106769435734,1.2604623209973007,2321,489.83314512640953,1.1641470398861595,-0.038185631613948404
2021-09-18,Burnley,Arsenal,0,1,A,3.76,3.63,2.01,2021/22,5,0,0.2559862749844751,0.2651538275321285,0.47885989748339636,True,0.03895197828336783,0.2489286720449954,0.27503625867093334,0.47603506928407135,0.9742395106835685,1.4490675723917428,2321,489.83314512640953,1.1641470398861595,-0.038185631613948404
2021-09-18,Liverpool,Crystal Palace,3,0,H,1.27,6.16,11.26,2021/22,16,8,0.7581745641361971,0.15631196370989778,0.085513472153905,True,0.03854918385484396,0.7351227358963256,0.17092896198876725,0.09394830211490705,2.35592803527412,0.7252369223224745,2321,489.83314512640953,1.1641470398861595,-0.038185631613948404
2021-09-18,Man City,Southampton,0,0,D,1.17,8.1,16.62,2021/22,18,25,0.8231526117678135,0.11889982169979528,0.0579475665323912,True,0.03832611654512985,0.8343244784906979,0.11177702290729534,0.05389849860200654,3.056233493625741,0.7070022722202739,2321,489.83314512640953,1.1641470398861595,-0.038185631613948404
2021-09-18,Norwich,Watford,1,3,A,2.3,3.3,3.34,2021/22,22,30,0.4191830835932151,0.29215790674678627,0.2886590096599984,True,0.03721410933074587,0.23385110950123952,0.28408926430412546,0.48205962619463516,0.8808847618590316,1.3861291454126994,2321,489.83314512640953,1.1641470398861595,-0.038185631613948404
2021-09-18,Wolves,Brentford,0,2,A,1.83,3.35,5.1,2021/22,33,3,0.5249089819807364,0.28674132448499934,0.18834969353426428,True,0.041033981490810056,0.31539573891076433,0.3767279538363818,0.3078763072528541,0.7573733282946364,0.7445456395798778,2321,489.83314512640953,1.1641470398861595,-0.038185631613948404
2021-09-19,Brighton,Leicester,2,1,H,2.52,3.22,3.02,2021/22,4,15,0.38211024315106173,0.2990427989877874,0.31884695786115086,True,0.038510230851146465,0.2890780789545344,0.2774433031371729,0.4334786179082927,1.0916640204310897,1.3951499239205585,2327,494.84246984166657,1.1615210556438078,-0.040924754640073197
2021-09-19,Tottenham,Chelsea,0,3,A,4.2,3.41,1.97,2021/22,29,7,0.2291658848934116,0.28225710162824885,0.4885770134783395,True,0.038964583258016994,0.3818352368133932,0.2708807323162718,0.347284030870335,1.3626186718764743,1.2882354019835702,2327,494.84246984166657,1.1615210556438078,-0.040924754640073197
2021-09-19,West Ham,Man United,1,2,A,4.38,3.77,1.83,2021/22,32,19,0.21952709604131468,0.2550473954007847,0.5254255085579006,True,0.04001057910471939,0.28670785679913946,0.2399949303320766,0.47329721286878385,1.3470273176793015,1.7825106784970626,2327,494.84246984166657,1.1615210556438078,-0.040924754640073197
2021-09-25,Watford,Newcastle,1,1,D,2.13,3.48,3.52,2021/22,30,21,0.4510228427517342,0.27605708478769936,0.2729200724605665,True,0.04093079900510688,0.38182647363058886,0.26321731473194915,0.35495621163746205,1.421945104677159,1.3628339085330932,2330,491.9040619118694,1.1576117073169474,-0.04070813765346877
2021-09-25,Leicester,Burnley,2,2,D,1.68,3.86,5.32,2021/22,15,5,0.5710948450397134,0.24855941442142973,0.18034574053885688,True,0.04227537756307864,0.5830927544992143,0.23670360544040728,0.18020364006037862,1.8113874802148473,0.9046845216085438,2330,491.9040619118694,1.1576117073169474,-0.04070813765346877
2021-09-25,Leeds,West Ham,1,2,A,2.95,3.6,2.36,2021/22,14,32,0.32579185520361986,0.2669683257918552,0.4072398190045249,True,0.04048964218455753,0.40888209167321593,0.23697925248051077,0.35413865584627324,1.7264108458292906,1.596000611567287,2330,491.9040619118694,1.1576117073169474,-0.04070813765346877
2021-09-25,Man United,Aston Villa,0,1,A,1.4,4.99,7.82,2021/22,19,1,0.6851242542462751,0.19221922964825353,0.12265651610547126,True,0.04256375374058319,0.6174001619030445,0.2138567446149527,0.16874309348200284,2.057110697905309,0.9844121468980715,2330,491.9040619118694,1.1576117073169474,-0.04070813765346877
2021-09-25,Chelsea,Man City,0,1,A,2.89,3.18,2.64,2021/22,7,18,0.3329446757882213,0.3025817965496728,0.3644735276621059,True,0.039274048838584985,0.2565506791522065,0.2595815522122757,0.48386776863551795,1.0929318149076526,1.5898674794647292,2330,491.9040619118694,1.1576117073169474,-0.04070813765346877
2021-09-25,Brentford,Liverpool,3,3,D,7.58,4.86,1.42,2021/22,3,16,0.12661915910141716,0.19748420287834195,0.6758966380202409,True,0.04191279035713569,0.2674962979102713,0.32466599759339604,0.4078377044963325,0.8203203536007384,1.0838640782629094,2330,491.9040619118694,1.1576117073169474,-0.04070813765346877
2021-09-25,Everton,Norwich,2,0,H,1.69,3.76,5.53,2021/22,9,22,0.5697765866785046,0.25609639135283846,0.1741270219686569,True,0.03850524954131829,0.7033102493871609,0.199450265240644,0.09723948537219491,2.019007356563931,0.607030771629658,2330,491.9040619118694,1.1576117073169474,-0.04070813765346877
2021-09-26,Arsenal,Tottenham,3,1,H,2.2,3.39,3.45,2021/22,0,29,0.4373212182399462,0.2838072802737114,0.2788715014863425,True,0.039385777746685724,0.3706039755685885,0.26555033465323696,0.3638456897781746,1.363371944359984,1.3486791111121808,2337,497.9072509312966,1.1516896530075407,-0.03294253387393251
2021-09-26,Southampton,Wolves,0,1,A,2.21,3.3,3.52,2021/22,25,33,0.43524853680652875,0.29148462616437226,0.27326683702909904,True,0.03960989990401753,0.3676530859198753,0.29261130703048666,0.3397356070496382,1.1759994476289368,1.119526713679824,2337,497.9072509312966,1.1516896530075407,-0.03294253387393251
2021-09-27,Crystal Palace,Brighton,1,1,D,2.9,3.09,2.69,2021/22,8,4,0.3315014297621849,0.3111178467023742,0.357380723535441,True,0.040199393572063036,0.3463188468634706,0.29942998585497616,0.35425116728155337,1.0882223155051227,1.1039562197093635,2339,498.908435577726,1.1533014590664552,-0.02796326944642858
2021-10-02,Wolves,Newcastle,2,1,H,1.78,3.71,4.75,2021/22,33,21,0.5392227359376769,0.25871063880567785,0.2020666252566452,True,0.04186584757420375,0.4399929784644426,0.28926269826371787,0.2707443232718398,1.3021483010459842,0.9601141326314081,2340,494.9342635335343,1.1533082259071106,-0.03143412074964073
2021-10-02,Man United,Everton,1,1,D,1.54,4.24,6.48,2021/22,19,9,0.6246635140050928,0.22688250272826482,0.14845398326664244,True,0.03952069360874377,0.5915313597433209,0.22732931401430662,0.18113932624237283,1.8916241938268021,0.9479880741117563,2340,494.9342635335343,1.1533082259071106,-0.03143412074964073
2021-10-02,Leeds,Watford,1,0,H,1.76,3.95,4.6,2021/22,14,30,0.5469925943765429,0.2437232825576494,0.2092841230658077,True,0.03873767949166962,0.5712533109143754,0.2198395716969258,0.20890711738869885,2.0134484523192895,1.1460640856376882,2340,494.9342635335343,1.1533082259071106,-0.03143412074964073
2021-10-02,Chelsea,Southampton,3,1,H,1.42,4.73,7.94,2021/22,7,25,0.6761084187255615,0.20297546608674358,0.12091611518769488,True,0.04158642698180559,0.6594133606423499,0.20425467990587837,0.13633195945177187,2.0740150328800375,0.8282579092355187,2340,494.9342635335343,1.1533082259071106,-0.03143412074964073
2021-10-02,Brighton,Arsenal,0,0,D,3.24,3.29,2.35,2021/22,4,0,0.2973070666907645,0.29278872221218144,0.40990421109705405,True,0.03812525798341393,0.28165608870123027,0.2890356746149659,0.42930823668380375,0.9920055349891433,1.291179398224495,2340,494.9342635335343,1.1533082259071106,-0.03143412074964073
2021-10-02,Burnley,Norwich,0,0,D,1.96,3.54,4.01,2021/22,5,22,0.4896079797471149,0.2710823842667642,0.23930963598612098,True,0.042066515942358995,0.5997588296388218,0.2557485414309072,0.14449262893027076,1.5843516471223051,0.6377219021067159,2340,494.9342635335343,1.1533082259071106,-0.03143412074964073
2021-10-03,Crystal Palace,Leicester,2,2,D,2.82,3.25,2.64,2021/22,8,15,0.340614058071124,0.2955481980801753,0.3638377438487006,True,0.04109011555820086,0.26357558447010293,0.24898250132344082,0.48744191420645633,1.185429096142054,1.6899892330633817,2346,499.93339620741574,1.1539721433659047,-0.03862272836110951
2021-10-03,Liverpool,Man City,2,2,D,3.02,3.56,2.35,2021/22,16,18,0.3191400080872199,0.2707311304560124,0.4101288614567677,True,0.037556619112681044,0.30570575482812945,0.2576493151328371,0.43664493003903326,1.266392502566028,1.5571632335878547,2346,499.93339620741574,1.1539721433659047,-0.03862272836110951
2021-10-03,Tottenham,Aston Villa,2,1,H,2.11,3.44,3.65,2021/22,29,1,0.45631798342049507,0.2798927165747804,0.2637893000047245,True,0.03860392644743027,0.5187684337348216,0.24528693618672348,0.23594463007845493,1.7395717824586674,1.1015722630449214,2346,499.93339620741574,1.1539721433659047,-0.03862272836110951
2021-10-03,West Ham,Brentford,1,2,A,1.78,3.72,4.81,2021/22,32,3,0.5409624931220258,0.2588476445583887,0.20018986231958547,True,0.03851516501027197,0.3513042522308021,0.27246508057529356,0.3762306671939044,1.2817391214837388,1.3350931136994915,2346,499.93339620741574,1.1539721433659047,-0.03862272836110951
2021-10-16,Watford,Liverpool,0,5,A,8.61,5.48,1.35,2021/22,30,16,0.11174500749951287,0.1755701668924828,0.7126848256080043,True,0.039366511148601235,0.12292144112093728,0.18881755153693253,0.6882610073421301,0.8440494691536524,2.24738137532041,2350,490.9999907505937,1.1541836641561267,-0.038264197532280025
2021-10-16,Southampton,Leeds,1,0,H,2.16,3.58,3.34,2021/22,25,14,0.44443288086707,0.2681494476739864,0.28741767145894354,True,0.04169376950630088,0.3285201341236416,0.24747391048854314,0.424005955387815,1.4164403956479388,1.6356265759823794,2350,490.9999907505937,1.1541836641561267,-0.038264197532280025
2021-10-16,Norwich,Brighton,0,0,D,4.03,3.49,1.97,2021/22,22,4,0.23807182356790896,0.2749081515698204,0.48702002486227064,True,0.042286122303744955,0.1620202193198779,0.29043818757651035,0.5475415931036117,0.6075703439766068,1.3592473688587436,2350,490.9999907505937,1.1541836641561267,-0.038264197532280025
2021-10-16,Man City,Burnley,2,0,H,1.14,8.96,19.09,2021/22,18,5,0.8424959881471791,0.10719256992051161,0.05031144193230928,True,0.041183572144084746,0.8101641258734262,0.1350920167299327,0.05474385739664135,2.591126562953315,0.5472513803287478,2350,490.9999907505937,1.1541836641561267,-0.038264197532280025
2021-10-16,Leicester,Man United,4,2,H,3.66,3.75,2.0,2021/22,15,19,0.26274303730951126,0.256437204414083,0.48081975827640566,True,0.03989071038251368,0.30590824070207623,0.243016380764361,0.4510753785335631,1.383284974260492,1.7198355293968597,2350,490.9999907505937,1.1541836641561267,-0.038264197532280025
2021-10-16,Brentford,Chelsea,0,1,A,5.58,3.83,1.66,2021/22,3,7,0.17186959342560554,0.2504000865051903,0.5777303200692042,True,0.04271771383239242,0.35709394142622886,0.2917253839674548,0.3511806746063166,1.1702657249717556,1.1582328409108036,2350,490.9999907505937,1.1541836641561267,-0.038264197532280025
2021-10-16,Aston Villa,Wolves,2,3,A,2.13,3.2,3.84,2021/22,1,33,0.4503870513722731,0.2997888810696693,0.24982406755805772,True,0.042400234741784004,0.42184302684890657,0.2971017785082828,0.2810551946428109,1.2438509287283495,0.9627904406927782,2350,490.9999907505937,1.1541836641561267,-0.038264197532280025
2021-10-17,Everton,West Ham,0,1,A,2.84,3.27,2.61,2021/22,9,32,0.33822358018380033,0.29374769655106814,0.36802872326513136,True,0.04106483606196232,0.37985905165142136,0.259244635662842,0.36089631268573674,1.4278079071100902,1.385903981307444,2357,497.0049861054061,1.1516080366019632,-0.030382747181673983
2021-10-17,Newcastle,Tottenham,2,3,A,3.56,3.61,2.07,2021/22,21,29,0.26983588206618886,0.2660985429793995,0.46406557495441175,True,0.04099897409341535,0.23157507474430872,0.23683197661890354,0.5315929486367877,1.1250056720199157,1.8136031206465404,2357,497.0049861054061,1.1516080366019632,-0.030382747181673983
2021-10-18,Arsenal,Crystal Palace,2,2,D,1.61,4.0,5.81,2021/22,0,8,0.595376862794326,0.23963918727471623,0.16498394993095783,True,0.04323505200927924,0.5811797992415523,0.2357705440058894,0.18304965675255816,1.7866119505579086,0.8963061649084347,2359,498.00797347815995,1.1493643518014247,-0.025008366346755104
2021-10-22,Arsenal,Aston Villa,3,1,H,1.98,3.64,3.87,2021/22,0,1,0.48647976627090206,0.26462360912538074,0.24889662460371728,True,0.038173712592317166,0.49277895285543205,0.25210845799143966,0.25511258915312823,1.6299086509090406,1.105355302750367,2360,495.03183544850015,1.1476510803745628,-0.025181540286084242
2021-10-23,Brighton,Man City,1,4,A,8.1,4.84,1.41,2021/22,4,18,0.11878975237339294,0.19880103186456255,0.6824092157620445,True,0.03928821852741904,0.11300240869943223,0.2109706975066538,0.6760268937939136,0.6370625544797547,1.9147323253410613,2361,495.0407631802288,1.1498710039863498,-0.02480893112026311
2021-10-23,Chelsea,Norwich,7,0,H,1.22,6.51,14.53,2021/22,7,22,0.7865541983933024,0.14740339816280015,0.06604240344389738,True,0.04210508674658242,0.8240502475758609,0.13340808015575054,0.042541672268388606,2.4446705041653414,0.4005270302140681,2361,495.0407631802288,1.1498710039863498,-0.02480893112026311
2021-10-23,Crystal Palace,Newcastle,1,1,D,1.91,3.54,4.24,2021/22,8,21,0.5025075830113762,0.2711269727547256,0.2263654442338982,True,0.04189514173407205,0.41427518908053285,0.26140318101108867,0.3243216299083784,1.460463643386333,1.2641897903564943,2361,495.0407631802288,1.1498710039863498,-0.02480893112026311
2021-10-23,Everton,Watford,2,5,A,1.79,3.62,4.84,2021/22,9,30,0.5363915234415659,0.26523227264099536,0.19837620391743865,True,0.041513882047680806,0.5555173560800527,0.24500787804324634,0.19947476587670107,1.7035328258356723,0.9206174982564921,2361,495.0407631802288,1.1498710039863498,-0.02480893112026311
2021-10-23,Leeds,Wolves,1,1,D,2.44,3.4,2.96,2021/22,14,33,0.3933954593783226,0.28231909437738445,0.32428544624429295,True,0.041791550470431815,0.4288810710851299,0.2764414408481167,0.2946774880667532,1.3639869294070353,1.0840028737645975,2361,495.0407631802288,1.1498710039863498,-0.02480893112026311
2021-10-23,Southampton,Burnley,2,2,D,1.97,3.61,3.9,2021/22,25,5,0.48760636842524513,0.2660899018830285,0.24630372969172643,True,0.0410327798575334,0.43252916251520357,0.2805983896819328,0.28687244780286375,1.3390996964782738,1.0388194309958747,2361,495.0407631802288,1.1498710039863498,-0.02480893112026311
2021-10-24,West Ham,Tottenham,1,0,H,2.29,3.5,3.13,2021/22,32,29,0.41912639597210166,0.27422841336460363,0.30664519066329476,True,0.04188432631308303,0.3572226181076486,0.24785082758795915,0.3949265543043922,1.4763000221791283,1.5625454013348699,2367,500.03968306767433,1.1457896179552973,-0.031065428385275175
2021-10-24,Brentford,Leicester,1,2,A,2.78,3.41,2.58,2021/22,3,15,0.34568958742632616,0.2818231827111984,0.3724872298624754,True,0.04056426140544289,0.44451971740678636,0.26847818012168084,0.2870021024715329,1.4570520979629382,1.1205248728921664,2367,500.03968306767433,1.1457896179552973,-0.031065428385275175
2021-10-24,Man United,Liverpool,0,5,A,2.97,3.59,2.35,2021/22,19,16,0.3235065169125288,0.2676363106490837,0.4088571724383875,True,0.04078378362737989,0.33284819234392654,0.2493621296667872,0.41778967798928646,1.3967329637369406,1.5897501164357655,2367,500.03968306767433,1.1457896179552973,-0.031065428385275175
2021-10-30,Burnley,Brentford,3,1,H,2.64,3.15,2.88,2021/22,5,3,0.36300777873811585,0.30423509075194466,0.3327571305099395,True,0.04347041847041844,0.23577153983668772,0.29752753271916765,0.46670092744414426,0.8145790591044412,1.2672765588303376,2370,497.0392812861997,1.1379567706193408,-0.02647225060927169
2021-10-30,Leicester,Arsenal,0,2,A,2.5,3.49,2.8,2021/22,15,0,0.3832607757775425,0.27454210299250886,0.3421971212299486,True,0.04367580843225549,0.40645989005725053,0.24862452308717795,0.3449155868555713,1.5663224247634862,1.4264374339292074,2370,497.0392812861997,1.1379567706193408,-0.02647225060927169
2021-10-30,Liverpool,Brighton,2,2,D,1.28,6.06,10.42,2021/22,16,4,0.7495904538957925,0.15832933679647102,0.0920802093077365,True,0.04223579147742029,0.7023232192410225,0.19335541357643599,0.10432136718254155,2.0824187825163984,0.663672811840675,2370,497.0392812861997,1.1379567706193408,-0.02647225060927169
2021-10-30,Man City,Crystal Palace,0,2,A,1.14,8.64,19.87,2021/22,18,8,0.8408184615203778,0.11094132478393871,0.04824021369568347,True,0.04326084951796827,0.8180635846909823,0.12492978835125104,0.05700662695776655,2.7721376230213,0.6233727873839711,2370,497.0392812861997,1.1379567706193408,-0.02647225060927169
2021-10-30,Newcastle,Chelsea,0,3,A,7.84,4.54,1.44,2021/22,21,7,0.12237929795135977,0.21133341320234814,0.6662872888462921,True,0.04225978203322445,0.16547035187292888,0.21823582034822772,0.616293827778844,0.9103755905946324,1.960583088220054,2370,497.0392812861997,1.1379567706193408,-0.02647225060927169
2021-10-30,Tottenham,Man United,0,3,A,3.12,3.58,2.26,2021/22,29,19,0.3074993538971404,0.267988263731586,0.42451238237127353,True,0.04232030555756272,0.38206836741683475,0.24880783569134599,0.36912379689181923,1.5157044248605371,1.486263540036464,2370,497.0392812861997,1.1379567706193408,-0.02647225060927169
2021-10-30,Watford,Southampton,0,1,A,3.23,3.44,2.26,2021/22,30,25,0.2968982715559052,0.27877366776906215,0.42432806067503265,True,0.0427730737446137,0.3721275674020486,0.2543485582566813,0.37352387434127016,1.4438512228011673,1.4469738289067635,2370,497.0392812861997,1.1379567706193408,-0.02647225060927169
2021-10-31,Aston Villa,West Ham,1,4,A,2.96,3.48,2.39,2021/22,1,32,0.32372219021967585,0.2753499089224829,0.4009279008578412,True,0.04360420151792255,0.34796754722193407,0.25208082608215837,0.3999516266959077,1.3954678654876318,1.5120835003043422,2377,503.03221013047335,1.120099295304927,-0.02238196463905003
2021-10-31,Norwich,Leeds,1,2,A,3.59,3.66,2.03,2021/22,22,14,0.2667130944218488,0.2616120243099555,0.4716748812681958,True,0.04438641318769676,0.10777034223830886,0.1990417815268636,0.6931878762348274,0.6537923803075887,2.020191055393756,2377,503.03221013047335,1.120099295304927,-0.02238196463905003
2021-11-01,Wolves,Everton,2,1,H,2.24,3.17,3.56,2021/22,33,9,0.4281118647668472,0.3025143776270466,0.26937375760610616,True,0.04278486108227719,0.37302842365624356,0.29853446384729193,0.32843711249646446,1.1335739956870063,1.0453208783956929,2379,504.02315510159286,1.1157754030529667,-0.022038523173905
2021-11-05,Southampton,Aston Villa,1,0,H,2.06,3.64,3.56,2021/22,25,1,0.4662905175888077,0.26388968852553396,0.2698197938856584,True,0.04106104433365254,0.36071506951973314,0.2576947146963691,0.38159021578389785,1.378759957374212,1.4248169590886048,2380,500.99908759248706,1.117183805757234,-0.02163663166161743
2021-11-06,Crystal Palace,Wolves,2,0,H,2.34,3.1,3.42,2021/22,8,33,0.40999582347208696,0.3094807183628011,0.2805234581651121,True,0.04232873333043097,0.33598660512304435,0.2969816823850888,0.3670317124918671,1.0601786203280976,1.1216448141540099,2381,500.9960927464797,1.1191447681291997,-0.016387769201932842
2021-11-06,Chelsea,Burnley,1,1,D,1.27,5.67,12.59,2021/22,7,5,0.7547969611580165,0.16906386960682207,0.07613916923516133,True,0.04319653539027324,0.6724636493377618,0.2076550550155201,0.119881295646718,1.9499259540934266,0.6818308904977297,2381,500.9960927464797,1.1191447681291997,-0.016387769201932842
2021-11-06,Man United,Man City,0,2,A,4.65,4.14,1.71,2021/22,19,18,0.2065054737339529,0.2319445538316138,0.5615499724344333,True,0.04139497879809384,0.24169858205051054,0.23196957804882257,0.5263318399006665,1.1769580394264696,1.8364269468097532,2381,500.9960927464797,1.1191447681291997,-0.016387769201932842
2021-11-06,Brentford,Norwich,1,2,A,1.64,3.97,5.53,2021/22,3,22,0.5849107877903027,0.2416256151073291,0.17346359710236825,True,0.042477092728165244,0.7301013470831739,0.1886784490030146,0.08122020391381107,2.0147456291662222,0.5087857309822388,2381,500.9960927464797,1.1191447681291997,-0.016387769201932842
2021-11-06,Brighton,Newcastle,1,1,D,1.59,4.13,5.84,2021/22,4,21,0.6034099295748221,0.23230551768134797,0.16428455274382997,True,0.0422944449277185,0.43081797042217385,0.2807842365025664,0.2883977930752596,1.3193459625505695,1.027446943532364,2381,500.9960927464797,1.1191447681291997,-0.016387769201932842
2021-11-07,Arsenal,Watford,1,0,H,1.45,4.76,7.13,2021/22,0,30,0.663135291025864,0.20200549831670225,0.13485921065743375,True,0.03999166044519087,0.6257501668227012,0.21327159821025546,0.16097823496704328,2.006011393790637,0.9119304976035039,2386,504.98511187884793,1.1145058758467412,-0.02438206918614964
2021-11-07,Everton,Tottenham,0,0,D,3.39,3.28,2.26,2021/22,9,29,0.2830025884383089,0.29249352890422775,0.42450388265746336,True,0.04234117562414563,0.296488413709476,0.2578113328852075,0.44570025340531627,1.2070127217902318,1.5343883164363525,2386,504.98511187884793,1.1145058758467412,-0.02438206918614964
2021-11-07,Leeds,Leicester,1,1,D,2.64,3.44,2.68,2021/22,14,15,0.36330390920554856,0.2788146279949559,0.35788146279949556,True,0.04261988156469232,0.35302417529847246,0.23844623325601863,0.4085295914455088,1.539497605055339,1.6696633705274972,2386,504.98511187884793,1.1145058758467412,-0.02438206918614964
2021-11-07,West Ham,Liverpool,3,2,H,4.45,4.21,1.73,2021/22,32,16,0.21601717863466632,0.22833169713165444,0.5556511242336793,True,0.04028347441592173,0.22644004792098318,0.2221772313771424,0.5513827207018743,1.2016729584973536,1.9772133312003515,2386,504.98511187884793,1.1145058758467412,-0.02438206918614964
2021-11-20,Wolves,West Ham,1,0,H,3.14,3.27,2.41,2021/22,33,32,0.30645242826422564,0.2942693042047916,0.3992782675309828,True,0.03921949446923412,0.30393512567376374,0.27663529043730883,0.41942958388892765,1.1218471267531203,1.3641955380403545,2390,495.9220545919966,1.1181398505736366,-0.03192886036386547
2021-11-20,Watford,Man United,4,1,H,6.42,4.62,1.5,2021/22,30,19,0.14993379546693666,0.20834955993457432,0.6417166445984889,True,0.038880122992272614,0.1662854616896956,0.20799841148227427,0.6257161268280298,0.9938759993581934,2.104335867532866,2390,495.9220545919966,1.1181398505736366,-0.03192886036386547
2021-11-20,Norwich,Southampton,2,1,H,3.54,3.45,2.14,2021/22,22,25,0.2717175285960341,0.27880581195071324,0.4494766594532526,True,0.0396306677961511,0.1684347016311246,0.24768201413270124,0.5838832842361745,0.7788754861076657,1.6743301702357274,2390,495.9220545919966,1.1181398505736366,-0.03192886036386547
2021-11-20,Newcastle,Brentford,3,3,D,2.48,3.39,2.92,2021/22,21,3,0.38746496735505487,0.2834551973570903,0.3290798352878548,True,0.04067681061373363,0.3368879316965957,0.2714918402211626,0.39162022808224173,1.2406336418951747,1.3574726233687293,2390,495.9220545919966,1.1181398505736366,-0.03192886036386547
2021-11-20,Leicester,Chelsea,0,3,A,4.91,3.71,1.76,2021/22,15,7,0.1955713699520476,0.25882895592036487,0.5455996741275875,True,0.041389584937600254,0.2757352606311014,0.2476516108904648,0.4766131284784339,1.2262854152554006,1.6803063918091456,2390,495.9220545919966,1.1181398505736366,-0.03192886036386547
2021-11-20,Burnley,Crystal Palace,3,3,D,2.85,3.18,2.68,2021/22,5,8,0.33787673350936037,0.3028140536168796,0.3593092128737601,True,0.03847693014569642,0.36360764934002776,0.29181474128472573,0.34457760937524656,1.171124593878676,1.1325744870126158,2390,495.9220545919966,1.1181398505736366,-0.03192886036386547
2021-11-20,Aston Villa,Brighton,2,0,H,2.48,3.29,3.0,2021/22,1,4,0.38752689523031747,0.29211753804595353,0.32035556672372906,True,0.040510507566101195,0.40779916422647927,0.2888080000375552,0.30339283573596576,1.2645924123203867,1.052160496914398,2390,495.9220545919966,1.1181398505736366,-0.03192886036386547
2021-11-20,Liverpool,Arsenal,4,0,H,1.52,4.7,5.93,2021/22,16,0,0.6330203549511,0.2047214764948238,0.1622581685540762,True,0.039294758369858185,0.566354174124872,0.2291992963430109,0.2044465295321167,1.8944996890855335,1.0549814565693107,2390,495.9220545919966,1.1181398505736366,-0.03192886036386547
2021-11-21,Man City,Everton,3,0,H,1.21,7.11,14.63,2021/22,18,9,0.7981549161440618,0.13583227124251965,0.06601281261341863,True,0.03544595701339692,0.7492592171828294,0.16343784053887703,0.08730294227829381,2.3925710886618328,0.6938056903652234,2398,502.9152176553616,1.133331293902912,-0.02672471936562992
2021-11-21,Tottenham,Leeds,2,1,H,1.61,4.06,5.73,2021/22,29,14,0.5961148678947463,0.23639037864791668,0.1674947534573371,True,0.041943500949599866,0.5085813755374031,0.2401035012305839,0.2513151232320132,1.7654202392755436,1.1775406750660666,2398,502.9152176553616,1.133331293902912,-0.02672471936562992
2021-11-27,Norwich,Wolves,0,0,D,3.57,3.29,2.19,2021/22,22,33,0.2691613713030517,0.29206872205224754,0.4387699066447007,True,0.04068441716529225,0.16599854500209343,0.2757646009793651,0.5582368540185416,0.6539560625297931,1.4400661005411528,2400,498.8924439587876,1.1361829861357815,-0.0267808577817514
2021-11-27,Liverpool,Southampton,4,0,H,1.25,6.5,11.34,2021/22,16,25,0.7677325278616811,0.14764087074263096,0.08462660139568794,True,0.042029575362908744,0.7539324357108609,0.15355430215020646,0.09251326213893292,2.5941662502714573,0.8138777405559575,2400,498.8924439587876,1.1361829861357815,-0.0267808577817514
2021-11-27,Arsenal,Newcastle,2,0,H,1.51,4.54,6.3,2021/22,0,21,0.6360183587426396,0.2115391457492039,0.15244249550815644,True,0.04124613153991463,0.5885819482765206,0.22445653612698263,0.18696151559649726,1.9200185799144025,0.9880179456481012,2400,498.8924439587876,1.1361829861357815,-0.0267808577817514
2021-11-27,Brighton,Leeds,0,0,D,2.19,3.31,3.54,2021/22,4,14,0.4385435029136679,0.2901541605380461,0.27130233654828606,True,0.04122168389780234,0.3358109058681053,0.2859191887719844,0.3782699053599105,1.1376878847903298,1.2246512717674751,2400,498.8924439587876,1.1361829861357815,-0.0267808577817514
2021-11-27,Crystal Palace,Aston Villa,1,2,A,2.32,3.23,3.32,2021/22,8,1,0.4137255204555626,0.2971650797080202,0.28910939983641726,True,0.04183682525554344,0.369328462961405,0.2652432188900972,0.3654283181484979,1.3498176697337334,1.341367379208473,2400,498.8924439587876,1.1361829861357815,-0.0267808577817514
2021-11-28,Brentford,Everton,1,0,H,2.25,3.21,3.52,2021/22,3,9,0.42732502070593037,0.29952688367238106,0.27314809562168846,True,0.04006183328613244,0.4022767996311704,0.26712791835719996,0.3305952820116298,1.4133315515289526,1.2583618508221612,2405,502.88566618423715,1.1415371504826153,-0.03365085236810945
2021-11-28,Chelsea,Man United,1,1,D,1.56,4.21,6.21,2021/22,7,19,0.6166163120617557,0.22848490423190954,0.15489878370633478,True,0.039585928050246855,0.49869401599161434,0.2471755435252362,0.25413044048314964,1.7024605402504882,1.1519505254044227,2405,502.88566618423715,1.1415371504826153,-0.03365085236810945
2021-11-28,Leicester,Watford,4,2,H,1.7,3.9,5.1,2021/22,15,30,0.5652173913043478,0.2463768115942029,0.18840579710144928,True,0.040723981900452566,0.5855820342026394,0.21444069784109565,0.1999772679562649,2.081449261458894,1.1456502298863347,2405,502.88566618423715,1.1415371504826153,-0.03365085236810945
2021-11-28,Man City,West Ham,2,1,H,1.27,6.21,10.75,2021/22,18,32,0.7560588334558369,0.15462072761496184,0.0893204389292012,True,0.04145542643030753,0.711110053438662,0.17446552827169912,0.11442441828963908,2.406362480762716,0.8687915104655626,2405,502.88566618423715,1.1415371504826153,-0.03365085236810945
2021-11-30,Leeds,Crystal Palace,1,0,H,2.25,3.34,3.35,2021/22,14,8,0.4263856867938189,0.28723586685212354,0.28637844635405746,True,0.042353104735802116,0.47803860218508204,0.25382181989093766,0.2681395779239805,1.6203357871386104,1.1552317767000362,2409,504.8621732034517,1.1429336512674249,-0.03211868510809568
2021-11-30,Newcastle,Norwich,1,1,D,2.11,3.51,3.56,2021/22,21,22,0.45582253869472117,0.2740129791013851,0.2701644822038938,True,0.03973281059387879,0.610587154316828,0.23372326368555496,0.1556895819976169,1.7920212968875386,0.782513675364969,2409,504.8621732034517,1.1429336512674249,-0.03211868510809568
2021-12-01,Wolves,Burnley,0,0,D,1.94,3.37,4.4,2021/22,33,5,0.49588987953902447,0.28546776448240574,0.21864235597856985,True,0.03947254984301085,0.4267121204092316,0.3083433910945827,0.26494448849618535,1.1738314958504665,0.861279722558037,2411,505.84946190591273,1.1424727664868075,-0.03099119074026678
2021-12-01,Aston Villa,Man City,1,2,A,7.35,4.63,1.45,2021/22,1,18,0.1306090289193895,0.20733830724784294,0.6620526638327675,True,0.04169231556479014,0.12058521460072337,0.185942884384385,0.6934719010148914,0.8325418178840198,2.2576396593445485,2411,505.84946190591273,1.1424727664868075,-0.03099119074026678
2021-12-01,Everton,Liverpool,1,4,A,8.49,5.18,1.37,2021/22,9,16,0.11317240268490625,0.18548913104147763,0.7013384662736161,True,0.040762830502584446,0.1619359639029301,0.21319964852702614,0.6248643875700436,0.9302654283813816,2.026128714583954,2411,505.84946190591273,1.1424727664868075,-0.03099119074026678
2021-12-01,Southampton,Leicester,2,2,D,2.36,3.46,3.07,2021/22,25,15,0.408028271808858,0.27830830100257364,0.3136634271885684,True,0.03847905362258586,0.2809667468268253,0.23896063139370494,0.4800726217794699,1.312578268461115,1.7749087525721192,2411,505.84946190591273,1.1424727664868075,-0.03099119074026678
2021-12-01,Watford,Chelsea,1,2,A,9.78,5.33,1.33,2021/22,30,7,0.0981519916592476,0.18009877644042052,0.7217492319003319,True,0.041746448788668955,0.15029522441604037,0.20744839977005383,0.6422563758139049,0.896588785478154,2.071098067012355,2411,505.84946190591273,1.1424727664868075,-0.03099119074026678
2021-12-01,West Ham,Brighton,1,1,D,1.98,3.45,4.14,2021/22,32,4,0.4872881355932203,0.2796610169491525,0.23305084745762714,True,0.03645147123407999,0.5195858210030572,0.2633835460214918,0.21703063297545094,1.5483365744275768,0.9070123527744525,2411,505.84946190591273,1.1424727664868075,-0.03099119074026678
2021-12-02,Tottenham,Brentford,2,0,H,1.66,3.93,5.46,2021/22,29,3,0.5792329370606719,0.24466327621392245,0.17610378672540572,True,0.04001274791305143,0.51960736564957,0.24687509965857735,0.2335175346918526,1.7202835141698305,1.0789453356506449,2417,510.8267859988999,1.139598087630254,-0.0375617960919063
2021-12-02,Man United,Arsenal,3,2,H,2.07,3.66,3.52,2021/22,19,0,0.4643297363925351,0.2626127197629911,0.2730575438444738,True,0.0404067402463697,0.46142343701353883,0.2535985727894593,0.28497799019700154,1.6211022199057084,1.2266723330212148,2417,510.8267859988999,1.139598087630254,-0.0375617960919063
2021-12-04,Newcastle,Burnley,1,0,H,2.36,3.44,3.07,2021/22,21,5,0.40736911943960136,0.2794741633364707,0.31315671722392807,True,0.040159387000727964,0.3858991580540236,0.27790125538185795,0.33619958656411836,1.3135794297029035,1.208852055837409,2419,510.77957600450554,1.1424726913724732,-0.03811268946168547
2021-12-04,Southampton,Brighton,1,1,D,2.57,3.16,2.99,2021/22,25,4,0.37413627202135114,0.3042817149034406,0.3215820130752082,True,0.04000891510340754,0.3712022998465266,0.29964024756474444,0.329157452588729,1.151645882515673,1.0677871456045043,2419,510.77957600450554,1.1424726913724732,-0.03811268946168547
2021-12-04,Watford,Man City,1,3,A,13.55,7.1,1.21,2021/22,30,18,0.07088780978864029,0.13528589051212336,0.7938262996992363,True,0.04109208942165088,0.08083286680094195,0.14618434710654113,0.7729827860925171,0.7683933583364774,2.6632110820765784,2419,510.77957600450554,1.1424726913724732,-0.03811268946168547
2021-12-04,West Ham,Chelsea,3,2,H,4.84,3.64,1.8,2021/22,32,7,0.19926037662400856,0.26495061067587944,0.5357890127001119,True,0.0368924005287643,0.2696672169173272,0.2556150401420003,0.47471774294067226,1.1604724729384643,1.6146114789089832,2419,510.77957600450554,1.1424726913724732,-0.03811268946168547
2021-12-04,Wolves,Liverpool,0,1,A,8.46,5.02,1.39,2021/22,33,16,0.11400441783865736,0.1921269671145501,0.6938686150467924,True,0.03683095737532227,0.15922320179207958,0.2387938724192784,0.601982925788642,0.7855061004481264,1.7608299997248744,2419,510.77957600450554,1.1424726913724732,-0.03811268946168547
2021-12-05,Man United,Crystal Palace,1,0,H,1.52,4.46,6.42,2021/22,19,8,0.6338873785719978,0.21603336668821452,0.15007925473978764,True,0.03787322335426602,0.6311614556189886,0.20675276460857314,0.16208577977243827,2.117676916782697,0.9813053222499399,2424,514.7490477242862,1.1458151278654947,-0.03429694662992671
2021-12-05,Tottenham,Norwich,3,0,H,1.46,4.49,7.52,2021/22,29,22,0.6581909340070254,0.21402199635863187,0.1277870696343427,True,0.040627379474060366,0.7704340180295868,0.15993816186437015,0.06962782010604292,2.337239036202058,0.5627042685738097,2424,514.7490477242862,1.1458151278654947,-0.03429694662992671
2021-12-05,Aston Villa,Leicester,2,1,H,2.26,3.43,3.27,2021/22,1,15,0.4255276366657688,0.2803768101646173,0.2940955531696139,True,0.03983346316408465,0.34926771397223677,0.2446783159896218,0.40605397003814153,1.4919681990469917,1.6233706115162314,2424,514.7490477242862,1.1458151278654947,-0.03429694662992671
2021-12-05,Leeds,Brentford,2,2,D,1.84,3.52,4.75,2021/22,14,3,0.5235339796097291,0.27366548934144935,0.2028005310488214,True,0.03809548574994803,0.4480108906503636,0.2641899713668713,0.28779913798276485,1.503556986713788,1.1564544510861532,2424,514.7490477242862,1.1458151278654947,-0.03429694662992671
2021-12-06,Everton,Arsenal,2,1,H,3.47,3.44,2.18,2021/22,9,0,0.27774197610423473,0.2801641445004926,0.44209387939527267,True,0.03759770878922564,0.2979780167578634,0.2713979715483286,0.43062401169380793,1.1336064557590064,1.4152127829772911,2428,517.7125864356134,1.1490338478744224,-0.03023630418151693
2021-12-10,Brentford,Watford,2,1,H,2.52,3.32,2.94,2021/22,3,30,0.3822368421052631,0.2901315789473684,0.3276315789473684,True,0.038166270524274015,0.49110628565597164,0.24379143699402644,0.2651022773500019,1.7263258510130142,1.211889721846607,2429,514.579440371806,1.1509486646056812,-0.030198946645242152
2021-12-11,Norwich,Man United,0,1,A,7.35,4.91,1.43,2021/22,22,19,0.13094481008125652,0.19601718006053673,0.6730380098582067,True,0.03902110884944765,0.08250521149212744,0.16708643871646428,0.750408349791408,0.635194683133739,2.3171287725019414,2430,514.5493119628474,1.1517421247291735,-0.03025500896113793
2021-12-11,Arsenal,Southampton,3,0,H,1.75,3.92,4.76,2021/22,0,25,0.5512449334105386,0.24609148812970474,0.20266357845975683,True,0.036614645858343176,0.5713541926265544,0.2333855096637237,0.19526029770972145,1.8353017671726037,0.9791920477363019,2430,514.5493119628474,1.1517421247291735,-0.03025500896113793
2021-12-11,Chelsea,Leeds,3,2,H,1.24,6.6,12.72,2021/22,7,14,0.7779903029224678,0.14616787509452425,0.07584182198300786,True,0.036583116619635314,0.6143529559764557,0.21964852552819764,0.16599851849534622,1.9546082609114486,0.911501837050373,2430,514.5493119628474,1.1517421247291735,-0.03025500896113793
2021-12-11,Liverpool,Aston Villa,1,0,H,1.24,6.71,11.84,2021/22,16,1,0.7754772158471972,0.1433072649255625,0.08121551922724024,True,0.03994236893496561,0.7179402702819522,0.16941587179513903,0.112643857922909,2.4679136311897985,0.885732056779543,2430,514.5493119628474,1.1517421247291735,-0.03025500896113793
2021-12-11,Man City,Wolves,1,0,H,1.17,7.8,18.64,2021/22,18,33,0.8245598513668937,0.12368397770503406,0.051756170928072186,True,0.03655405157551095,0.7237854790743711,0.1901487012395333,0.08606581968609578,2.050317908920595,0.5542647658385447,2430,514.5493119628474,1.1517421247291735,-0.03025500896113793
2021-12-12,Leicester,Newcastle,4,0,H,1.74,4.01,4.64,2021/22,15,21,0.5528175081854213,0.2398759262450457,0.20730656556953303,True,0.03960644366096244,0.5954652092340219,0.20775181517387806,0.1967829755921005,2.1405492260737633,1.1605045643921692,2435,518.5112517451595,1.1549178524133044,-0.022696374837057293
2021-12-12,Burnley,West Ham,0,0,D,3.44,3.47,2.17,2021/22,5,32,0.2795945268551696,0.2771772831071422,0.4432281900376882,True,0.0397116055465081,0.26436845822355076,0.2586340863678758,0.4769974554085731,1.0918983118266017,1.5532277925757099,2435,518.5112517451595,1.1549178524133044,-0.022696374837057293
2021-12-12,Crystal Palace,Everton,3,1,H,2.25,3.19,3.56,2021/22,8,9,0.4278346437411231,0.30176424715282985,0.270401109106047,True,0.038822944673390314,0.36632082597796156,0.2764532235628335,0.35722595045920463,1.2548964789787835,1.2358452185677802,2435,518.5112517451595,1.1549178524133044,-0.022696374837057293
2021-12-14,Man City,Leeds,7,0,H,1.15,9.07,17.53,2021/22,18,14,0.8386493595819546,0.10633371152362157,0.05501692889442371,True,0.03686386623458526,0.761543033493028,0.15217066521051625,0.08628630129645627,2.5721516619062794,0.7629471264576916,2438,519.4293732709643,1.1639428839963397,-0.0279743158126256
2021-12-14,Norwich,Aston Villa,0,2,A,3.71,3.36,2.12,2021/22,22,1,0.2594594594594594,0.2864864864864865,0.454054054054054,True,0.03885893980233601,0.15455014271860099,0.24706294522071323,0.5983869120606863,0.7115364125696558,1.6588006137400486,2438,519.4293732709643,1.1639428839963397,-0.0279743158126256
2021-12-15,Arsenal,West Ham,2,0,H,2.09,3.59,3.58,2021/22,0,32,0.4616865738661877,0.26878132016165246,0.2695321059721598,True,0.036350040493504876,0.4420836733546846,0.25316211505531644,0.3047542115899987,1.582182010305897,1.275482163678001,2440,520.3875566882773,1.1700845227827317,-0.028384371553592306
2021-12-15,Brighton,Wolves,0,1,A,2.07,3.18,4.19,2021/22,4,33,0.46620550662873816,0.3034733958243672,0.23032109754689448,True,0.03622068073151863,0.34111258802506456,0.34715233724390004,0.3117350747310351,0.8791021669649394,0.8264797888095217,2440,520.3875566882773,1.1700845227827317,-0.028384371553592306
2021-12-15,Crystal Palace,Southampton,2,2,D,2.09,3.41,3.77,2021/22,8,25,0.46140787239922626,0.2827983734059773,0.2557937541947965,True,0.03697602087626084,0.44397961804692376,0.2633409345263098,0.2926794474267663,1.4930968980259698,1.1655558393034247,2440,520.3875566882773,1.1700845227827317,-0.028384371553592306
2021-12-16,Chelsea,Everton,1,1,D,1.21,6.99,16.25,2021/22,7,9,0.8015608162988795,0.1387537321490192,0.059685451552101185,True,0.031046258982271535,0.6474179183007123,0.20991749624202283,0.14266458545726493,2.006963598125419,0.8240996835460328,2443,522.3418276525128,1.1704724108765858,-0.025248241035041235
2021-12-16,Liverpool,Newcastle,3,1,H,1.11,10.85,24.82,2021/22,16,21,0.8718197083952349,0.0891907720109411,0.03898951959382397,True,0.03335688815660731,0.8111281491121335,0.12347263727356757,0.06539921361429912,2.912635782669387,0.7462175254227262,2443,522.3418276525128,1.1704724108765858,-0.025248241035041235
2021-12-18,Leeds,Arsenal,1,4,A,5.8,4.35,1.57,2021/22,14,0,0.16590348714336034,0.22120464952448043,0.6128918633321591,True,0.03924152573394846,0.30470082348129157,0.25255722993990243,0.4427419465788063,1.280837427255094,1.589759390538954,2445,522.2486494891331,1.1684042795396539,-0.028803251961365607
2021-12-19,Newcastle,Man City,0,4,A,20.93,9.45,1.13,2021/22,21,18,0.04600463816017636,0.10189175414735357,0.8521036076924702,True,0.03855416668036904,0.07388849565526646,0.13986086417078342,0.7862506401739496,0.7225487004159395,2.684905722278664,2446,522.2031979901375,1.163695195819211,-0.028715252761239794
2021-12-19,Tottenham,Liverpool,2,2,D,4.82,4.17,1.69,2021/22,29,16,0.1996826521215556,0.2308082453779132,0.5695091025005313,True,0.03899300947662887,0.2603525930370237,0.24194112406969653,0.4977062828932796,1.20422980691931,1.7460941975436637,2446,522.2031979901375,1.163695195819211,-0.028715252761239794
2021-12-19,Wolves,Chelsea,0,0,D,5.4,3.42,1.79,2021/22,33,7,0.17870842309915402,0.2821711943670853,0.5391203825337607,True,0.03624206388099349,0.2159191247157359,0.29069975747124305,0.4933811178130211,0.7813278417599674,1.331049615166868,2446,522.2031979901375,1.163695195819211,-0.028715252761239794
2021-12-26,Tottenham,Crystal Palace,3,0,H,1.72,3.81,5.07,2021/22,29,8,0.5584426847989177,0.25210535901683423,0.18945195618424818,True,0.04110119921537936,0.5865608570434314,0.22854212381640113,0.18489701914016762,1.8842764621688664,0.9613112581912326,2449,517.9015837770763,1.1621945973807895,-0.03221857163633359
2021-12-26,West Ham,Southampton,2,3,A,1.96,3.64,3.94,2021/22,32,25,0.49117759877253553,0.2644802454929037,0.2443421557345608,True,0.038736462956912465,0.579030025299317,0.2224483066125955,0.19852166808808772,1.971578894108481,1.0732503563933133,2449,517.9015837770763,1.1621945973807895,-0.03221857163633359
2021-12-26,Norwich,Arsenal,0,5,A,6.42,4.48,1.52,2021/22,22,0,0.15022413610532628,0.21527655218665062,0.634499311708023,True,0.036872262431780545,0.09518158704657669,0.20176021858688803,0.7030581943665353,0.5724271528177864,1.9678142049417808,2449,517.9015837770763,1.1621945973807895,-0.03221857163633359
2021-12-26,Brighton,Brentford,2,0,H,1.95,3.41,4.3,2021/22,4,3,0.49374526475292535,0.2823469989056317,0.22390773634144287,True,0.03863378432020603,0.35498050645477675,0.3012434744056472,0.34377601913957606,1.102946159274454,1.0807577851703012,2449,517.9015837770763,1.1621945973807895,-0.03221857163633359
2021-12-26,Aston Villa,Chelsea,1,3,A,5.19,3.77,1.72,2021/22,1,7,0.18538774926738616,0.2552154956757916,0.5593967550568223,True,0.03932556558743805,0.23378665448189215,0.25386136669685266,0.5123519788212554,1.026265570431275,1.6364469760733047,2449,517.9015837770763,1.1621945973807895,-0.03221857163633359
2021-12-26,Man City,Leicester,6,3,H,1.13,10.01,18.83,2021/22,18,15,0.8525892503759994,0.09624633895353439,0.05116441067046624,True,0.037962596669048,0.7486343598238108,0.15330860730418783,0.09805703287200149,2.659347648955072,0.8830704990248771,2449,517.9015837770763,1.1621945973807895,-0.03221857163633359
2021-12-27,Newcastle,Man United,1,1,D,6.38,4.7,1.5,2021/22,21,19,0.15126807707162168,0.2053383684504141,0.6433935544779641,True,0.03617243602570097,0.190535158995781,0.2170526860396583,0.5924121549645608,1.069388230086096,2.0295140937486424,2455,522.8548277145035,1.1582449661960734,-0.0319794866712332
2021-12-28,Crystal Palace,Norwich,3,0,H,1.74,3.59,5.35,2021/22,8,22,0.5525126502714163,0.2677916466496558,0.17969570307892793,True,0.04018006356205439,0.6599832879360155,0.2241765482424149,0.11584016382156972,1.8156765406809507,0.614234446544063,2456,522.8081650706058,1.1598444549094185,-0.03524836256149346
2021-12-28,Leicester,Liverpool,1,0,H,8.66,6.13,1.31,2021/22,15,16,0.110822832238717,0.1565621088396883,0.7326150589215948,True,0.04196435676549415,0.21892996364403652,0.2083636703974028,0.5727063659585605,1.309479584672237,2.1967402942925833,2456,522.8081650706058,1.1598444549094185,-0.03524836256149346
2021-12-28,Southampton,Tottenham,1,1,D,3.7,3.41,2.11,2021/22,25,29,0.26051174730530685,0.28266670528728305,0.45682154740741016,True,0.037459051524179054,0.23734295170320857,0.24256111901532268,0.5200959292814686,1.1193021674758223,1.7610732154385111,2456,522.8081650706058,1.1598444549094185,-0.03524836256149346
2021-12-28,Watford,West Ham,1,4,A,3.52,3.7,2.06,2021/22,30,32,0.27321738382346616,0.25992572731313535,0.4668568888633985,True,0.03979807256506285,0.27187390848340004,0.23665043159903,0.49147565991757003,1.3060052948301029,1.8196983322727978,2456,522.8081650706058,1.1598444549094185,-0.03524836256149346
2021-12-29,Brentford,Man City,0,1,A,15.88,8.3,1.17,2021/22,3,18,0.06065788602488779,0.11605388314159253,0.8232882308335198,True,0.03815507460313383,0.09708457445149674,0.16470380825397993,0.7382116172945236,0.7828418374825186,2.451830921569257,2460,525.755601654735,1.1633056082632922,-0.031423595074015605
2021-12-29,Chelsea,Brighton,1,1,D,1.35,5.04,10.37,2021/22,7,4,0.7152869301735499,0.19159471343934373,0.09311835638710632,True,0.03558545458256157,0.620729141983494,0.2419397088704289,0.13733114914607703,1.6890741079138958,0.6541792139879965,2460,525.755601654735,1.1633056082632922,-0.031423595074015605
2021-12-30,Man United,Burnley,3,1,H,1.37,5.01,8.98,2021/22,19,5,0.7012552196907231,0.19176040937650513,0.10698437093277179,True,0.04088638031270864,0.6242423012017493,0.22418061916275084,0.15157707963549982,1.8836960566606344,0.809173936534324,2462,526.7011452593064,1.1628153473752063,-0.03235506831035033
2022-01-01,Watford,Tottenham,0,1,A,5.67,4.1,1.62,2021/22,30,29,0.16998341625207294,0.23507462686567165,0.5949419568822554,True,0.037553232675183956,0.21070842058090788,0.22551589797971552,0.5637756814393764,1.1140448975599138,1.945666668633293,2463,525.5945566642433,1.1640563933427648,-0.03261848625777107
2022-01-01,Arsenal,Man City,1,2,A,5.21,4.18,1.65,2021/22,0,18,0.18504854942006316,0.2306466369565859,0.584304813623351,True,0.03723363547588221,0.1965930987626216,0.23040076614508184,0.5730061350922967,1.009288060107843,1.8758259861681557,2463,525.5945566642433,1.1640563933427648,-0.03261848625777107
2022-01-01,Crystal Palace,West Ham,2,3,A,3.45,3.32,2.23,2021/22,8,32,0.27884343774834186,0.28976200609390945,0.43139455615774863,True,0.03949038501441926,0.3002820514747726,0.25142723338744777,0.4482907151377795,1.2835144609415376,1.6164413692670203,2463,525.5945566642433,1.1640563933427648,-0.03261848625777107
2022-01-02,Leeds,Burnley,3,1,H,2.05,3.59,3.67,2021/22,14,5,0.46956871941635814,0.26813812668622117,0.26229315389742075,True,0.03883597411490425,0.4649960827754709,0.26330357023203527,0.27170034699249385,1.517279122606135,1.1004684032663867,2466,527.5384240355877,1.1622202584066677,-0.02936760191518492
2022-01-02,Everton,Brighton,2,3,A,2.88,3.11,2.71,2021/22,9,4,0.33458516774713476,0.3098409270455782,0.35557390520728716,True,0.03776932061925109,0.40434614736967145,0.3052695160835024,0.290384336546826,1.158963734166508,0.9366186983413586,2466,527.5384240355877,1.1622202584066677,-0.02936760191518492
2022-01-02,Chelsea,Liverpool,2,2,D,2.61,3.48,2.72,2021/22,7,16,0.3690637720488467,0.276797829036635,0.3541383989145183,True,0.03814514311471706,0.34715265691254665,0.26122799703854094,0.39161934604891235,1.3349353612989419,1.4325110762349498,2466,527.5384240355877,1.1622202584066677,-0.02936760191518492
2022-01-02,Brentford,Aston Villa,2,1,H,2.87,3.23,2.62,2021/22,3,1,0.3351246034983229,0.2977732545016058,0.36710214200007124,True,0.039708968281920276,0.37165961156425553,0.2733352448998187,0.3550051435359258,1.300630581560169,1.2652891486466005,2466,527.5384240355877,1.1622202584066677,-0.02936760191518492
2022-01-03,Man United,Wolves,0,1,A,1.69,3.75,5.58,2021/22,19,33,0.5702769215675053,0.2570047993197557,0.17271827911273904,True,0.037594112532077784,0.5346692486885332,0.2707286029926585,0.1946021483188084,1.486002575275814,0.7856832589326892,2470,530.4764095560008,1.163318282785805,-0.02955567012276961
2022-01-11,Southampton,Brentford,4,1,H,2.18,3.31,3.57,2021/22,25,3,0.4406733519546822,0.29023199615142214,0.26909465189389564,True,0.04094244477358,0.3728151869095497,0.26809355764133525,0.359091255449115,1.3302979184507355,1.3008546405103851,2471,523.0404546089522,1.160727745697097,-0.02424008647872661
2022-01-12,West Ham,Norwich,2,0,H,1.4,4.96,7.99,2021/22,32,22,0.6861171321528244,0.19366209375281335,0.12022077409436223,True,0.04105506306846696,0.8085510765740327,0.13534925351946883,0.05609966990649853,2.5638330567702767,0.5418997163338124,2472,522.9934210822722,1.165592394736479,-0.024570538932698966
2022-01-14,Brighton,Crystal Palace,1,1,D,2.04,3.37,3.96,2021/22,4,8,0.47158849970316347,0.2854719701467221,0.24293953015011452,True,0.039457236001135376,0.4109917511365913,0.29378473758806317,0.2952235112753454,1.2249426761977418,0.9935821299190719,2473,521.9016337616334,1.1657016478659503,-0.024444762093847692
2022-01-15,Norwich,Everton,2,1,H,3.42,3.33,2.24,2021/22,22,9,0.2813879269369186,0.2889930060433218,0.4296190670197596,True,0.039126532547585136,0.13669733953529495,0.24380406157345183,0.6194985988912531,0.6394466461614132,1.6654028336769755,2474,521.8568756005241,1.1653607749271448,-0.02780742415451993
2022-01-15,Aston Villa,Man United,2,2,D,2.56,3.49,2.77,2021/22,1,19,0.376263481350879,0.2759984275811605,0.3477380910679604,True,0.038168781614308145,0.28297027354218474,0.24886855407745856,0.468161172380357,1.2343106219358764,1.650983578067206,2474,521.8568756005241,1.1653607749271448,-0.02780742415451993
2022-01-15,Man City,Chelsea,1,0,H,1.63,4.2,5.3,2021/22,18,7,0.5897469863558087,0.2288779970857067,0.1813750165584846,True,0.0402714158935944,0.5878940473333507,0.2279000652319466,0.18420588743470323,1.8797271094007069,0.953585281944038,2474,521.8568756005241,1.1653607749271448,-0.02780742415451993
2022-01-15,Newcastle,Watford,1,1,D,1.84,3.75,4.35,2021/22,21,30,0.5225601845178032,0.2564028638700687,0.22103695161212825,True,0.040029985007496105,0.4265522900203389,0.25101723645054175,0.3224304735291194,1.5798508723166178,1.3452631760474203,2474,521.8568756005241,1.1653607749271448,-0.02780742415451993
2022-01-15,Wolves,Southampton,3,1,H,2.42,3.1,3.3,2021/22,33,25,0.397775876817793,0.3105218135158255,0.2917023096663815,True,0.03883408868746119,0.4319478014707102,0.30033206874804513,0.26772012978124415,1.2191198453302197,0.8965903961099202,2474,521.8568756005241,1.1653607749271448,-0.02780742415451993
2022-01-16,West Ham,Leeds,2,3,A,1.68,4.2,4.88,2021/22,32,14,0.5733082706766919,0.2293233082706767,0.1973684210526316,True,0.0382513661202184,0.5445471321734859,0.2183296941831273,0.2371231736433867,2.0442317348616967,1.2955620567901043,2479,525.8042148609493,1.1715725204469007,-0.02767395795776782
2022-01-16,Liverpool,Brentford,3,0,H,1.28,6.13,11.02,2021/22,16,3,0.7547388625835991,0.15759636934861448,0.08766476806778646,True,0.03512623866438891,0.7598048667813923,0.15170332961758912,0.08849180360101877,2.5976759342899403,0.7887316808742382,2479,525.8042148609493,1.1715725204469007,-0.02767395795776782
2022-01-18,Brighton,Chelsea,1,1,D,5.62,3.77,1.67,2021/22,4,7,0.17076544602874524,0.2545628134433815,0.5746717405278733,True,0.04199032765999955,0.20403243337863292,0.277343153568516,0.518624413052851,0.7911879980462535,1.4307609736138585,2481,525.6972148109381,1.170491366470412,-0.027798474645018462
2022-01-19,Leicester,Tottenham,2,3,A,3.23,3.44,2.28,2021/22,15,29,0.29800750794109154,0.2798151891423621,0.4221773029165463,True,0.038891688866489194,0.3756368107653062,0.24629228228378164,0.3780709069509122,1.5360280115168976,1.5416260551235612,2482,525.644873073834,1.1715190042336545,-0.031165446400399168
2022-01-19,Brentford,Man United,1,3,A,4.59,3.71,1.81,2021/22,3,19,0.20950708070348406,0.25920148259541553,0.5312914367011005,True,0.03989289056832179,0.2279326772742319,0.23752674782120392,0.534540574904564,1.1055421970529373,1.8070511755444836,2482,525.644873073834,1.1715190042336545,-0.031165446400399168
2022-01-21,Watford,Norwich,0,3,A,2.04,3.52,3.78,2021/22,30,22,0.4718699463784152,0.27347008256021793,0.25465997106136695,True,0.03883725207254618,0.6313154346428904,0.22936024061750704,0.13932432473960243,1.8057368240754903,0.7153616837220669,2484,525.538509117935,1.1677236438623746,-0.03091547319206445
2022-01-22,Brentford,Wolves,1,2,A,2.48,3.04,3.25,2021/22,3,33,0.3877672768375773,0.31633646268328675,0.2958962604791359,True,0.039865482564973354,0.30817011142097145,0.31142924420992285,0.3804006443691056,0.9555900037296879,1.0950540479454811,2485,525.4864844750169,1.1615146641439302,-0.03179268293301459
2022-01-22,Everton,Aston Villa,0,1,A,2.75,3.41,2.62,2021/22,9,1,0.3501314825192914,0.2823640988058801,0.3675044186748287,True,0.03857088491414995,0.38301588224006144,0.26734717051682816,0.3496369472431104,1.3724119491421203,1.300294205516813,2485,525.4864844750169,1.1615146641439302,-0.03179268293301459
2022-01-22,Leeds,Newcastle,0,1,A,1.9,3.88,3.96,2021/22,14,21,0.5077459948183788,0.2486385026172474,0.2436155025643737,True,0.03657300076182346,0.5330867806413709,0.22824846935725238,0.2386647500013763,1.9224872833647917,1.2257911558095398,2485,525.4864844750169,1.1615146641439302,-0.03179268293301459
2022-01-22,Man United,West Ham,1,0,H,2.1,3.62,3.52,2021/22,19,32,0.4594107382356758,0.2665089917941766,0.2740802699701475,True,0.03652447920403734,0.5111436536422845,0.2290656951034539,0.2597906512542619,1.9118577517619821,1.3135415741794987,2485,525.4864844750169,1.1615146641439302,-0.03179268293301459
2022-01-22,Southampton,Man City,1,1,D,10.89,5.92,1.29,2021/22,25,18,0.0886415789455357,0.16305858018866282,0.7482998408658015,True,0.035940081923168554,0.08694834322055252,0.1522926156542542,0.7607590411251933,0.7755930223229257,2.587008266854569,2485,525.4864844750169,1.1615146641439302,-0.03179268293301459
2022-01-23,Arsenal,Burnley,0,0,D,1.3,5.46,11.04,2021/22,0,5,0.7375453330788319,0.17560603168543615,0.08684863523573202,True,0.04296066252587982,0.6103021869622848,0.23103861821020139,0.15865919482751417,1.7930245599933083,0.7899407440666513,2490,529.4265717720739,1.160114520095548,-0.019008639277659587
2022-01-23,Chelsea,Tottenham,2,0,H,1.74,3.78,5.02,2021/22,7,29,0.5534245616491092,0.25475098869562174,0.19182444965526896,True,0.03846609547942159,0.4872495120045767,0.25558859344439766,0.25716189455102567,1.5795337048177633,1.0784719952799484,2490,529.4265717720739,1.160114520095548,-0.019008639277659587
2022-01-23,Crystal Palace,Liverpool,1,3,A,5.98,4.18,1.58,2021/22,8,16,0.16088985899847016,0.23017257339972527,0.6089375676018047,True,0.03936992243338722,0.14231670229483373,0.19337469246972572,0.6643086052354404,0.9171308665326742,2.2023348129423805,2490,529.4265717720739,1.160114520095548,-0.019008639277659587
2022-01-23,Leicester,Brighton,1,1,D,2.6,3.43,2.76,2021/22,15,4,0.37036399486714033,0.2807423867797565,0.3488936183531033,True,0.03847941469946781,0.5133380406588895,0.25138908956290407,0.23527286977820602,1.630268580968461,1.0222517005756202,2490,529.4265717720739,1.160114520095548,-0.019008639277659587
2022-02-05,Burnley,Watford,0,0,D,2.19,3.27,3.6,2021/22,5,30,0.4389703661442427,0.29398932778467624,0.2670403060710809,True,0.04020917989750483,0.4455671471855344,0.27404180878297,0.28039104403149545,1.4052937774895482,1.0590743103061604,2494,519.7362266072316,1.1594983305107651,-0.02652289510756942
2022-02-08,Burnley,Man United,1,1,D,6.21,4.22,1.56,2021/22,5,19,0.1549826965181157,0.2280669538809238,0.6169503496009605,True,0.039023061483395294,0.20527452389987524,0.25548219529203486,0.5392432808080903,0.9005088958246261,1.6195099839134306,2495,517.6211637812492,1.1591516770566548,-0.03111179538447558
2022-02-08,Newcastle,Everton,3,1,H,2.53,3.34,2.92,2021/22,21,9,0.38110868834650224,0.28868412620259,0.3302071854509077,True,0.0371238680254955,0.349643263920918,0.2695169209964318,0.38083981508265036,1.283303231211234,1.3502693860390536,2495,517.6211637812492,1.1591516770566548,-0.03111179538447558
2022-02-08,West Ham,Watford,1,0,H,1.54,4.27,6.5,2021/22,32,30,0.625947208891134,0.2257514523869664,0.14830133872189946,True,0.037388840667529344,0.6394215484477671,0.19956852088353164,0.1610099306687013,2.2050162794569816,1.021541910497625,2495,517.6211637812492,1.1591516770566548,-0.03111179538447558
2022-02-09,Tottenham,Southampton,2,3,A,1.59,4.19,5.84,2021/22,29,25,0.6054239150066927,0.2297432040240194,0.16483288096928791,True,0.03882717880926512,0.6026556432313235,0.21781978210532216,0.17952457466335436,2.0007306869833115,1.0004982989536804,2498,519.5809620021995,1.1633279755091324,-0.03094356309711504
2022-02-09,Norwich,Crystal Palace,1,1,D,3.55,3.27,2.22,2021/22,22,8,0.2713905992395949,0.29462893801240425,0.4339804627480008,True,0.03795098884903769,0.19068884920445137,0.2592899749308677,0.5500211758646807,0.8216856032090192,1.5822117514141283,2498,519.5809620021995,1.1633279755091324,-0.03094356309711504
2022-02-09,Aston Villa,Leeds,3,3,D,1.94,3.79,3.9,2021/22,1,14,0.497683470484451,0.25475090573610415,0.24756562377944485,True,0.03572641668009302,0.44998148184114256,0.24616868564464284,0.30384983251421405,1.6673437263931634,1.3336018063342678,2498,519.5809620021995,1.1633279755091324,-0.03094356309711504
2022-02-09,Man City,Brentford,2,0,H,1.09,11.02,30.43,2021/22,18,3,0.881266144064779,0.0871669779519609,0.031566877983260244,True,0.041037601227890796,0.8497041177973083,0.10481128212644983,0.04548460007624197,3.051647117689492,0.621048166026292,2498,519.5809620021995,1.1633279755091324,-0.03094356309711504
2022-02-10,Liverpool,Leicester,2,0,H,1.21,7.35,12.97,2021/22,16,15,0.7949643377444509,0.13087168009126335,0.0741639821642857,True,0.03960170507347316,0.6736242962683108,0.17815184858234737,0.14822385514934236,2.5086070185035663,1.1185122043712266,2502,522.5348465423601,1.1598942400222387,-0.03391636928722403
2022-02-10,Wolves,Arsenal,0,1,A,3.69,3.18,2.22,2021/22,33,0,0.26160618996798296,0.3035618996798293,0.4348319103521878,True,0.03591856928258208,0.2934409697475525,0.3106127209255691,0.39594630932687835,0.9279530832504962,1.1262028112259153,2502,522.5348465423601,1.1598942400222387,-0.03391636928722403
2022-02-12,Watford,Brighton,0,2,A,3.82,3.3,2.11,2021/22,30,4,0.2520159830903537,0.2917275925470155,0.45625642436263086,True,0.038744057031444346,0.30189674316453835,0.2966937255616978,0.4014095312737641,1.006859366579038,1.2053652909648491,2504,522.4408978455152,1.159813976847346,-0.030952131533964335
2022-02-12,Brentford,Crystal Palace,0,0,D,2.93,3.08,2.69,2021/22,3,8,0.32889132359187495,0.31287388900136154,0.35823478740676346,True,0.03771946489888056,0.37951868986235454,0.2675234290126503,0.3529578811249951,1.3623776961665681,1.305045440942637,2504,522.4408978455152,1.159813976847346,-0.030952131533964335
2022-02-12,Everton,Leeds,3,0,H,2.52,3.55,2.79,2021/22,9,14,0.38268943213826195,0.27165559689814656,0.34565497096359143,True,0.03693847673856765,0.39482549632735037,0.2493384591131286,0.3558360445595209,1.5478245500328893,1.4590584905908375,2504,522.4408978455152,1.159813976847346,-0.030952131533964335
2022-02-12,Man United,Southampton,1,1,D,1.56,4.51,5.76,2021/22,19,25,0.6185319580559444,0.2139489699705706,0.16751907197348495,True,0.03636624215892503,0.6248456952673442,0.20407535872665472,0.17107894600600074,2.165896979870783,1.0512305952391208,2504,522.4408978455152,1.159813976847346,-0.030952131533964335
2022-02-12,Norwich,Man City,0,4,A,16.51,7.29,1.19,2021/22,22,18,0.05834749687079423,0.13214227343440504,0.8095102296948007,True,0.03807969761000152,0.0277304335282426,0.09027186956803812,0.8819976969037191,0.42169820613200876,3.0203918084789536,2504,522.4408978455152,1.159813976847346,-0.030952131533964335
2022-02-13,Burnley,Liverpool,0,1,A,12.85,6.77,1.23,2021/22,5,16,0.0749331171244458,0.14222903324211647,0.7828378496334377,True,0.038539629199061176,0.12150962247432139,0.20843305515636748,0.6700573223693114,0.7248546691803852,2.0032336396252584,2509,526.3870702287169,1.1581672136137187,-0.04040923281011306
2022-02-13,Leicester,West Ham,2,2,D,2.88,3.5,2.47,2021/22,15,32,0.33457695076358623,0.27530903377117955,0.39011401546523417,True,0.037794807531649655,0.4336490614843523,0.23416316128956155,0.3321877772260863,1.80146513618647,1.558166715979005,2509,526.3870702287169,1.1581672136137187,-0.04040923281011306
2022-02-13,Newcastle,Aston Villa,1,0,H,2.78,3.39,2.6,2021/22,21,1,0.3461058186930127,0.2838271905506122,0.37006699075637506,True,0.03931286556867519,0.32379649338107064,0.25963522668722727,0.41656827993170203,1.3086994770265086,1.5143451537059838,2509,526.3870702287169,1.1581672136137187,-0.04040923281011306
2022-02-13,Tottenham,Wolves,0,2,A,1.7,3.72,5.57,2021/22,29,33,0.5674738589120706,0.2593294516533656,0.17319668943456373,True,0.03658571206324668,0.4792642456900562,0.2928987155167757,0.22783703879316783,1.3287130813185704,0.8275538556770956,2509,526.3870702287169,1.1581672136137187,-0.04040923281011306
2022-02-15,Man United,Brighton,2,0,H,1.84,3.61,4.61,2021/22,19,4,0.5238817763143397,0.26702007435412334,0.20909814933153692,True,0.03740631081518497,0.5478760926418357,0.25811529886585266,0.19400860849231177,1.596214433073163,0.8430567432931808,2513,528.2697593925546,1.1566725152970585,-0.032353638974483075
2022-02-19,Southampton,Everton,2,0,H,2.08,3.55,3.64,2021/22,25,9,0.46353292296213394,0.2715911210595039,0.2648759559783623,True,0.037184646339575744,0.4125691286964225,0.2586699773460572,0.3287608939575199,1.4978829629667993,1.3125341346927817,2514,525.0524928755464,1.1586086446015593,-0.03223812759929189
2022-02-19,Man City,Tottenham,2,3,A,1.28,6.12,11.03,2021/22,18,29,0.7546045188898179,0.15782578172858938,0.08756969938159266,True,0.03531052417945113,0.6961792202361472,0.18493299895218912,0.11888778081166367,2.2679503130528023,0.8285335320381804,2514,525.0524928755464,1.1586086446015593,-0.03223812759929189
2022-02-19,West Ham,Newcastle,1,1,D,1.65,4.03,5.39,2021/22,32,21,0.582902854444018,0.23865749623638452,0.17843964931959735,True,0.03972832083431177,0.5890212695686743,0.21848003390621967,0.1924986965251062,2.014524545982874,1.0701241223437545,2514,525.0524928755464,1.1586086446015593,-0.03223812759929189
2022-02-19,Liverpool,Norwich,3,1,H,1.13,9.38,22.62,2021/22,16,22,0.8543905907972921,0.10292765113016418,0.04268175807254376,True,0.035774225213054844,0.9011535186773731,0.07580627321238574,0.02304020811024092,3.278095994840827,0.43209344975125813,2514,525.0524928755464,1.1586086446015593,-0.03223812759929189
2022-02-19,Aston Villa,Watford,0,1,A,1.65,3.95,5.57,2021/22,1,30,0.5834471419668784,0.24371842639122765,0.17283443164189397,True,0.038758376667155536,0.5609123555722877,0.23559251311965715,0.2034951313080551,1.8217022744751292,1.0085169828604506,2514,525.0524928755464,1.1586086446015593,-0.03223812759929189
2022-02-19,Brighton,Burnley,0,3,A,1.63,3.8,6.21,2021/22,4,5,0.5912166817406294,0.25360083979926995,0.15518247846010075,True,0.03768542306538403,0.4221676574114222,0.3246259104332547,0.25320643215532324,1.0896460841619242,0.7745774813681869,2514,525.0524928755464,1.1586086446015593,-0.03223812759929189
2022-02-19,Arsenal,Brentford,2,1,H,1.54,3.96,7.27,2021/22,0,3,0.6247195302429942,0.24294648398338664,0.13233398577361916,True,0.039427483719093104,0.6270412596148072,0.2211463173962641,0.15181242298892852,1.9166729733424315,0.8265613915552298,2514,525.0524928755464,1.1586086446015593,-0.03223812759929189
2022-02-19,Crystal Palace,Chelsea,0,1,A,5.62,3.73,1.69,2021/22,8,7,0.17146346571791501,0.2583444175160006,0.5701921167660843,True,0.037748434137167663,0.1834547180636995,0.23693804182922656,0.5796072401070739,0.9044178659762692,1.7919899293476984,2514,525.0524928755464,1.1586086446015593,-0.03223812759929189
2022-02-20,Leeds,Man United,2,4,A,4.77,4.17,1.7,2021/22,14,19,0.20202970170053777,0.23109872352795327,0.566871574771509,True,0.03768705346488632,0.2500832595112447,0.2234039133832097,0.5265128271055454,1.3071817882212509,1.9720907438179875,2522,531.9874532843995,1.1462345103465503,-0.025695481603623192
2022-02-20,Wolves,Leicester,2,1,H,2.22,3.23,3.63,2021/22,33,15,0.4349950471356862,0.2989749240375305,0.26603002882678334,True,0.03553006733417652,0.3591527996578878,0.2838671723611959,0.3569800279809162,1.1984036348978888,1.1939307919117421,2522,531.9874532843995,1.1462345103465503,-0.025695481603623192
2022-02-23,Burnley,Tottenham,1,0,H,4.65,3.61,1.84,2021/22,5,29,0.2076729956948435,0.26750122714155744,0.524825777163599,True,0.03554033455973293,0.2413806686011411,0.270497757338143,0.48812157406071593,0.950869523651723,1.467215848053137,2524,530.7931211441047,1.1454618903731988,-0.025819374243424176
2022-02-23,Liverpool,Leeds,6,0,H,1.18,8.24,15.04,2021/22,16,14,0.818557463672391,0.11722060766182298,0.064221928665786,True,0.035306212121742675,0.7731112559558595,0.13706052780987016,0.08982821623427013,2.899512364818271,0.9328362668537096,2524,530.7931211441047,1.1454618903731988,-0.025819374243424176
2022-02-23,Watford,Crystal Palace,1,4,A,2.97,3.12,2.64,2021/22,30,8,0.32499999999999996,0.30937499999999996,0.365625,True,0.0360010360010361,0.3314882966241073,0.27183182381203297,0.3966798795638596,1.2127295788398924,1.3511264900155444,2524,530.7931211441047,1.1454618903731988,-0.025819374243424176
2022-02-24,Arsenal,Wolves,2,1,H,1.67,3.72,5.88,2021/22,0,33,0.5770545776877296,0.25905407116626566,0.1638913511460048,True,0.03768762672154047,0.46861333900831637,0.2959505047688518,0.23543615622283182,1.2687531085466244,0.8116893884029884,2527,532.7266017766904,1.1495175504371251,-0.02069646914457398
2022-02-25,Southampton,Norwich,2,0,H,1.51,4.48,6.63,2021/22,25,22,0.6390567681831385,0.21539636606172743,0.1455468657551341,True,0.03629550393769332,0.6652231253052421,0.20756527405393463,0.12721160064082293,1.9815429130233384,0.7339812475136761,2528,532.6602153150607,1.150238235327699,-0.02058108832524056
2022-02-26,Man United,Watford,0,0,D,1.38,5.0,8.66,2021/22,19,30,0.6966925606750035,0.19228714674630096,0.11102029257869568,True,0.040111122267965316,0.7240173348159435,0.16809315057750532,0.1078895146065507,2.432698938779696,0.8357590008608509,2529,532.59396149367,1.1515247506724173,-0.020528547344845906
2022-02-26,Everton,Man City,0,1,A,12.54,6.34,1.25,2021/22,9,18,0.07686443538343958,0.15203154884989467,0.7711040157666658,True,0.037473523211527526,0.1024362237369579,0.1715252483815479,0.7260385278814943,0.7643298734585801,2.34745475335462,2529,532.59396149367,1.1515247506724173,-0.020528547344845906
2022-02-26,Leeds,Tottenham,0,4,A,3.73,3.81,1.97,2021/22,14,29,0.25823754261984305,0.25281523201365214,0.4889472253665048,True,0.0381779195443277,0.2649569919760889,0.22392588679145325,0.5111171212324578,1.3580186247945978,1.9504835410229957,2529,532.59396149367,1.1515247506724173,-0.020528547344845906
2022-02-26,Brighton,Aston Villa,0,2,A,2.23,3.26,3.53,2021/22,4,1,0.4318204844368562,0.2953864049982176,0.27279311056492617,True,0.03846507851138137,0.36621648058182676,0.29660032266583153,0.33718319675234176,1.1292061183898772,1.0715153520686225,2529,532.59396149367,1.1515247506724173,-0.020528547344845906
2022-02-26,Brentford,Newcastle,0,2,A,2.38,3.11,3.38,2021/22,3,21,0.404954156714693,0.30990060867555286,0.2851452346097543,True,0.03756946375269976,0.3991827062076471,0.26999182294961954,0.33082547084273367,1.358044113881493,1.2127439262070183,2529,532.59396149367,1.1515247506724173,-0.020528547344845906
2022-02-26,Crystal Palace,Burnley,1,1,D,1.91,3.33,4.68,2021/22,8,5,0.5046189712953519,0.2894361066588956,0.20594492204575263,True,0.037535723399597654,0.4097700485467342,0.29145047094696663,0.2987794805062993,1.2302663805525489,1.0076790221400818,2529,532.59396149367,1.1515247506724173,-0.020528547344845906
2022-02-27,West Ham,Wolves,1,0,H,1.94,3.35,4.51,2021/22,32,33,0.49769574627185253,0.2882178351544459,0.21408641857370153,True,0.035700870234513404,0.4253538080981949,0.2901878157473238,0.2844583761544814,1.2724395080803887,0.9882612622629566,2535,537.5178500408393,1.1383379230240287,-0.027916532849851922
2022-03-01,Burnley,Leicester,0,2,A,2.91,3.29,2.56,2021/22,5,15,0.3309924192109534,0.2927622917640956,0.37624528902495097,True,0.038218979465003855,0.28927520289149133,0.26216717766116293,0.4485576194473458,1.155590588365878,1.5004315277755615,2536,536.3680810450254,1.1395489309090951,-0.02480907754549517
2022-03-05,Wolves,Crystal Palace,0,2,A,2.38,3.03,3.47,2021/22,33,8,0.4046359119615457,0.31783282853745176,0.27753125950100255,True,0.03838550856756662,0.43816466600629433,0.3023292538029341,0.25950608019077176,1.2097598567835823,0.8616581645437295,2537,533.0862864114133,1.1370196198562184,-0.0247775120300109
2022-03-05,Norwich,Brentford,1,3,A,3.12,3.18,2.47,2021/22,22,3,0.3082338536883991,0.3024181205999388,0.3893480257116621,True,0.03983652891299361,0.226427436240309,0.28437430606287667,0.489198257696814,0.8351134692352313,1.363852763151378,2537,533.0862864114133,1.1370196198562184,-0.0247775120300109
2022-03-05,Newcastle,Brighton,2,1,H,2.66,3.11,2.92,2021/22,21,4,0.3614983479957008,0.3091915130767087,0.3293101389275904,True,0.039949011408846324,0.3662755203630473,0.2966495656486529,0.3370749139883001,1.1362991219662353,1.078123704879043,2537,533.0862864114133,1.1370196198562184,-0.0247775120300109
2022-03-05,Liverpool,West Ham,1,0,H,1.26,6.67,11.24,2021/22,16,32,0.7686364409959666,0.14519968750448545,0.08616387149954786,True,0.03254380266230217,0.6648063295663958,0.18846686065835513,0.14672680977524905,2.306284031113271,0.9973576656923252,2537,533.0862864114133,1.1370196198562184,-0.0247775120300109
2022-03-05,Burnley,Chelsea,0,4,A,7.39,4.08,1.52,2021/22,5,7,0.13032514037860193,0.23605460475437945,0.6336202548670187,True,0.038310773351431626,0.17143858160337208,0.2605215114270584,0.5680399069695692,0.7275735991358468,1.5527166913377402,2537,533.0862864114133,1.1370196198562184,-0.0247775120300109
2022-03-05,Aston Villa,Southampton,4,0,H,2.25,3.54,3.23,2021/22,1,25,0.4287819640225449,0.2725309093363633,0.2986871266410917,True,0.036527843370473434,0.4389623420188654,0.253796802825187,0.30724085515594746,1.5637537498526117,1.2707311393903478,2537,533.0862864114133,1.1370196198562184,-0.0247775120300109
2022-03-05,Leicester,Leeds,1,0,H,2.04,3.79,3.54,2021/22,15,14,0.4729183850432502,0.2545523761182666,0.2725292388384832,True,0.036534196881650605,0.6039041458840383,0.19008735746132027,0.20600849665464135,2.452407263888552,1.4012415337941417,2537,533.0862864114133,1.1370196198562184,-0.0247775120300109
2022-03-06,Man City,Man United,4,1,H,1.42,5.03,7.75,2021/22,18,19,0.6823460837632,0.19263050476018767,0.12502341147661214,True,0.032064767234846414,0.6445883474565849,0.20103849185149775,0.1543731606919172,2.128087498827148,0.9400795386371595,2544,539.0071932914082,1.1328783619782172,-0.01725450092444359
2022-03-06,Watford,Arsenal,2,3,A,6.65,4.26,1.54,2021/22,30,0,0.14536542995408858,0.22692021342598337,0.627714356619928,True,0.03446837323783214,0.17568918786601623,0.22604151438524472,0.5982692977487396,0.9016202150059296,1.8639325046288575,2544,539.0071932914082,1.1328783619782172,-0.01725450092444359
2022-03-07,Tottenham,Everton,5,0,H,1.73,3.92,4.96,2021/22,29,9,0.5586227503620107,0.24653504033833634,0.19484220929965293,True,0.034749626123057986,0.5714410890460002,0.23151471574659332,0.1970441952074065,1.8261767147396264,0.975871471217907,2546,539.9262601982296,1.1352854997529171,-0.01762835333663271
2022-03-10,Wolves,Watford,4,0,H,1.93,3.43,4.38,2021/22,33,30,0.49917100545907034,0.2808746473865905,0.2199543471543392,True,0.03799040681338495,0.5148721316780062,0.28204668102559444,0.20308118729639868,1.3776334629436338,0.7549637376123827,2547,537.6904198655534,1.1414246954966545,-0.01715769629751569
2022-03-10,Norwich,Chelsea,1,3,A,9.67,4.94,1.36,2021/22,22,7,0.09932672377342201,0.1944310564552613,0.7062422197713167,True,0.041135883783822935,0.058509553754069396,0.14611839376889946,0.795372052477031,0.500910531519196,2.399400727175053,2547,537.6904198655534,1.1414246954966545,-0.01715769629751569
2022-03-10,Leeds,Aston Villa,0,3,A,2.85,3.58,2.46,2021/22,14,1,0.3384523150710201,0.2694382955174322,0.39210938941154766,True,0.03671086696165404,0.3348680256036132,0.23941528600228304,0.42571668839410365,1.4604401760939667,1.6713795328763452,2547,537.6904198655534,1.1414246954966545,-0.01715769629751569
2022-03-10,Southampton,Newcastle,1,2,A,1.96,3.55,4.07,2021/22,25,21,0.4917181975040584,0.27148384988956464,0.23679795260637698,True,0.03759446817796919,0.4460580607871429,0.24985901756837894,0.3040829216444783,1.5922976720134479,1.2746796030622918,2547,537.6904198655534,1.1414246954966545,-0.01715769629751569
2022-03-12,Brentford,Burnley,2,0,H,2.11,3.3,3.82,2021/22,3,5,0.45625642436263086,0.2917275925470155,0.2520159830903537,True,0.038744057031444346,0.37806629675755304,0.29665217286440887,0.32528153037803786,1.1448326608086363,1.0402238907774115,2551,539.5279859371923,1.1400038128918766,-0.01745295013852174
2022-03-12,Brighton,Liverpool,0,2,A,6.8,4.64,1.48,2021/22,4,16,0.14164081578773677,0.2075770576199591,0.650782126592304,True,0.03825174058439784,0.1320370040445615,0.2183586763344478,0.6496043196209906,0.7052054494871821,1.870551266075735,2551,539.5279859371923,1.1400038128918766,-0.01745295013852174
2022-03-12,Man United,Tottenham,3,2,H,2.33,3.51,3.09,2021/22,19,29,0.41358836786290365,0.27454726413691327,0.311864368000183,True,0.037709429725763854,0.419832222353927,0.2475348232678677,0.33263295437820556,1.5784834540315948,1.3811200901032912,2551,539.5279859371923,1.1400038128918766,-0.01745295013852174
2022-03-13,Arsenal,Leicester,2,0,H,1.43,4.9,7.49,2021/22,0,15,0.6744189037959378,0.19682021069963077,0.12876088550443135,True,0.03689368041838015,0.48726356127623144,0.23410177665237075,0.27863466207139753,1.8018744081826192,1.3149589444453762,2554,541.4440142982808,1.1425567756982844,-0.017331183272548095
2022-03-13,Chelsea,Newcastle,1,0,H,1.41,4.83,8.35,2021/22,7,21,0.6845621521430281,0.19984112515976593,0.11559672269720593,True,0.03601967467206468,0.6955697833880066,0.18725272797682013,0.11717748863517313,2.187748733883718,0.7747777190139334,2554,541.4440142982808,1.1425567756982844,-0.017331183272548095
2022-03-13,Everton,Wolves,0,1,A,2.29,3.12,3.57,2021/22,9,33,0.420976245818924,0.30898577016837686,0.27003798401269913,True,0.03730608803817126,0.31153387535470983,0.30877852984534737,0.3796875947999429,0.9534121672667243,1.0846565521597986,2554,541.4440142982808,1.1425567756982844,-0.017331183272548095
2022-03-13,Leeds,Norwich,2,1,H,1.63,4.21,5.43,2021/22,14,22,0.5926426173409205,0.22945545517000013,0.17790192748907926,True,0.03518868634184025,0.6445058141053144,0.20617839069114113,0.14931579520354452,2.0484185735330644,0.8736925226169078,2554,541.4440142982808,1.1425567756982844,-0.017331183272548095
2022-03-13,Southampton,Watford,1,2,A,1.66,4.08,5.29,2021/22,25,30,0.5811715413572303,0.2364570486894613,0.18237140995330853,True,0.036543594594099726,0.5311184507703218,0.23578848768059807,0.23309306154908002,1.7929824686627653,1.1126068528599025,2554,541.4440142982808,1.1425567756982844,-0.017331183272548095
2022-03-13,West Ham,Aston Villa,2,1,H,2.53,3.28,2.96,2021/22,32,1,0.3807969877627863,0.2937245058048321,0.3254785064323815,True,0.03797280361437316,0.46071664275386426,0.24894352597742989,0.2903398312687059,1.6180230329746643,1.2368967472131778,2554,541.4440142982808,1.1425567756982844,-0.017331183272548095
2022-03-14,Crystal Palace,Man City,0,0,D,9.89,5.42,1.33,2021/22,8,18,0.09745815988675893,0.17783416997786824,0.7247076701353727,True,0.037493778846954706,0.10186010069027794,0.1683000010664212,0.7298398982433008,0.7649847144541141,2.366616548169641,2560,546.3502204281523,1.1413599499949856,-0.01131629659911325
2022-03-16,Arsenal,Liverpool,0,2,A,3.6,3.64,2.07,2021/22,0,16,0.2682301678841471,0.2652825836216839,0.46648724849416884,True,0.03559483994266621,0.2549674685987645,0.2449853947753086,0.500047136625927,1.1364614207372867,1.68533582002097,2561,545.1651925156344,1.1440486877838776,-0.016867288022324674
2022-03-16,Brighton,Tottenham,0,2,A,3.67,3.4,2.13,2021/22,4,29,0.26299065624194273,0.28387520835527347,0.4531341354027839,True,0.03608077916663843,0.23646809612131633,0.26887713233432203,0.49465477154436177,0.9269967414360928,1.4654173944954754,2561,545.1651925156344,1.1440486877838776,-0.016867288022324674
2022-03-17,Everton,Newcastle,1,0,H,2.43,3.21,3.19,2021/22,9,21,0.39701999464948295,0.3005478464168983,0.3024321589336187,True,0.03652873732008621,0.41114448874290505,0.26659261656983124,0.3222628946872637,1.3958407543905316,1.2058077095007604,2563,546.0719557317992,1.1399455163919516,-0.01680113061901758
2022-03-18,Wolves,Leeds,2,3,A,2.23,3.36,3.44,2021/22,33,14,0.43253599976050056,0.28707002365057027,0.2803939765889291,True,0.03674721531119496,0.5128866821059859,0.2600355924894868,0.22707772540452717,1.5375934820544093,0.9315019657002509,2564,545.9789052351824,1.1413184886835368,-0.012915232590107613
2022-03-19,Aston Villa,Arsenal,0,1,A,2.98,3.39,2.46,2021/22,1,0,0.32357871211062994,0.28444382362527354,0.3919774642640964,True,0.037059785576771365,0.30921694550284134,0.25852124904435114,0.4322618054528077,1.2159362236050584,1.4836970875839484,2565,545.8860406535817,1.1385241203540943,-0.01237883261141551
2022-03-20,Leicester,Brentford,2,1,H,2.14,3.4,3.59,2021/22,15,3,0.44933479602129245,0.28281660690751936,0.2678485970711883,True,0.039958898718417846,0.5741199767578793,0.21730816402667275,0.20857185921544788,1.984593411124711,1.1165261642739335,2566,545.793361615539,1.1374387300487763,-0.008527972065910569
2022-03-20,Tottenham,West Ham,3,1,H,1.73,3.82,5.12,2021/22,29,32,0.5584189398308618,0.25289653557785097,0.18868452459128726,True,0.03512728679296684,0.48880600214932324,0.2361796256771233,0.27501437217355346,1.7556302451320978,1.2635585971876808,2566,545.793361615539,1.1374387300487763,-0.008527972065910569
2022-04-02,Brighton,Norwich,0,0,D,1.49,4.26,7.44,2021/22,4,22,0.6451471073168944,0.2256500445779748,0.12920284810513072,True,0.040291325785411836,0.5872915023465171,0.2624595130185151,0.15024898463496797,1.4980791490919214,0.6124527275643202,2568,533.7342940767543,1.1398429040879705,-0.008334214405900204
2022-04-02,Burnley,Man City,0,2,A,16.6,6.99,1.2,2021/22,5,18,0.05811198403790996,0.13800557010433553,0.8038824458577546,True,0.03663581364082935,0.08530613154153599,0.1758654026807097,0.7388284657777545,0.5818265193376644,2.1621789325569982,2568,533.7342940767543,1.1398429040879705,-0.008334214405900204
2022-04-02,Chelsea,Brentford,1,4,A,1.4,4.7,9.11,2021/22,7,3,0.6889189232675258,0.20520989203713536,0.10587118469533877,True,0.03682115581594769,0.6994541273654575,0.18788087966481493,0.11266499296972729,2.1371307127757064,0.7232822226305498,2568,533.7342940767543,1.1398429040879705,-0.008334214405900204
2022-04-02,Leeds,Southampton,1,1,D,2.45,3.59,2.83,2021/22,14,25,0.39243762722732306,0.26781955061474694,0.3397428221579299,True,0.04007168779891268,0.40561795538370293,0.23032098892016492,0.364061055696132,1.716270281138395,1.6171503002886827,2568,533.7342940767543,1.1398429040879705,-0.008334214405900204
2022-04-02,Liverpool,Watford,2,0,H,1.16,8.32,17.96,2021/22,16,30,0.8305571612788474,0.11579883498599314,0.0536440037351594,True,0.03794056051467165,0.8454092260223035,0.10552054981784696,0.049070224159849095,3.0254053185129863,0.6359005724176933,2568,533.7342940767543,1.1398429040879705,-0.008334214405900204
2022-04-02,Man United,Leicester,1,1,D,1.57,4.43,5.65,2021/22,19,15,0.6126407718987347,0.21712099590993536,0.17023823219132983,True,0.039667459913226066,0.5114578855265276,0.221214881057971,0.26732723341550146,1.9552542663695562,1.3667093193435271,2568,533.7342940767543,1.1398429040879705,-0.008334214405900204
2022-04-02,Wolves,Aston Villa,2,1,H,3.07,3.07,2.59,2021/22,33,1,0.31393939393939396,0.31393939393939396,0.37212121212121213,True,0.03756618414598867,0.3894877663083902,0.2991890185740758,0.3113232151175338,1.1348804514537105,0.9819276979008047,2568,533.7342940767543,1.1398429040879705,-0.008334214405900204
2022-04-03,Tottenham,Newcastle,5,1,H,1.56,4.23,6.22,2021/22,29,21,0.6174370960701764,0.2277072978414835,0.15485560608834006,True,0.038203964591048134,0.6309995588786262,0.20673795081780552,0.1622624903035682,2.072555985541735,0.9500998137344485,2575,539.6539062365703,1.1313392503431658,-0.017436320057934843
2022-04-03,West Ham,Everton,2,1,H,1.79,3.77,4.68,2021/22,32,9,0.5384218669417224,0.25564327369381523,0.20593485936446224,True,0.03758642094222919,0.5371490897689183,0.23812164520989118,0.22472926502119073,1.765716791604885,1.0600329034104132,2575,539.6539062365703,1.1313392503431658,-0.017436320057934843
2022-04-04,Crystal Palace,Arsenal,3,0,H,4.05,3.38,2.02,2021/22,8,0,0.23791536574487068,0.28507610392506694,0.47700853033006246,True,0.03782107336308904,0.25664519827553567,0.2582040616003358,0.4851507401241284,1.0560120347496087,1.5491731778836753,2577,540.5716810100652,1.1356733142205258,-0.016666185102720627
2022-04-06,Burnley,Everton,3,2,H,2.55,3.1,3.08,2021/22,5,9,0.3772869166633738,0.3103489153198719,0.3123641680167542,True,0.03941283258171313,0.35368924145125835,0.30047359732657475,0.3458371612221668,1.0785274070133848,1.0631044204182412,2578,539.4097210884806,1.140967156534383,-0.01646638576712814
2022-04-08,Newcastle,Wolves,1,0,H,2.01,3.28,4.23,2021/22,21,33,0.4789312898047948,0.2934914306425724,0.22757727955263293,True,0.03879710597677577,0.2953141995525498,0.29730434646635,0.40738145398110026,0.9644982687249227,1.185486221990835,2579,538.2523997232848,1.1421602905460158,-0.016357046727344702
2022-04-09,Watford,Leeds,0,3,A,2.8,3.43,2.57,2021/22,30,14,0.3441368567758862,0.2809280463476621,0.3749350968764518,True,0.03779310501298894,0.3518836367494808,0.24025095061340412,0.407865412637115,1.490539781424927,1.6199881496461097,2580,538.1749727099939,1.1442433717348575,-0.012633965658217623
2022-04-09,Southampton,Chelsea,0,6,A,3.85,3.58,2.0,2021/22,25,7,0.24997381559194218,0.2688265893935691,0.4811995950144887,True,0.03906986867880713,0.18848086781329487,0.22267790056826417,0.5888412316184412,0.9805919453358607,1.9063928256136993,2580,538.1749727099939,1.1442433717348575,-0.012633965658217623
2022-04-09,Arsenal,Brighton,1,2,A,1.65,3.76,6.05,2021/22,0,4,0.5842633140274051,0.2563921457833027,0.15934454018929228,True,0.03730730906746382,0.5619596337777621,0.2603449739963376,0.17769539222590042,1.53342686491152,0.7370521902075111,2580,538.1749727099939,1.1442433717348575,-0.012633965658217623
2022-04-09,Aston Villa,Tottenham,0,4,A,3.35,3.52,2.2,2021/22,1,29,0.28781684382665573,0.2739165985282093,0.43826655764513484,True,0.037143826322930895,0.2877554506120991,0.24416068681730616,0.46808386257059464,1.254832875039153,1.6624198288341807,2580,538.1749727099939,1.1442433717348575,-0.012633965658217623
2022-04-09,Everton,Man United,1,0,H,4.02,3.8,1.9,2021/22,9,19,0.23959646910466587,0.25346784363177804,0.5069356872635561,True,0.03822990311599894,0.23275504192561328,0.23638798370541633,0.5308569743689704,1.0972975614440443,1.7742565988953753,2580,538.1749727099939,1.1442433717348575,-0.012633965658217623
2022-04-10,Brentford,West Ham,2,0,H,2.7,3.28,2.75,2021/22,3,32,0.35650764791905465,0.2934666613967828,0.3500256906841627,True,0.03888478278722163,0.30889386069827374,0.2462201699481487,0.44488596935357744,1.29530809226063,1.6008132557233532,2585,542.089708390648,1.1263820537388056,-0.006390344371053773
2022-04-10,Leicester,Crystal Palace,2,1,H,2.52,3.28,2.97,2021/22,15,8,0.3821494139245869,0.29360259850303627,0.3242479875723768,True,0.038403782306221323,0.5029559881351467,0.23478341266004796,0.2622605992048046,1.773136788959262,1.2198929028596925,2585,542.089708390648,1.1263820537388056,-0.006390344371053773
2022-04-10,Man City,Liverpool,2,2,D,1.99,3.74,3.74,2021/22,18,16,0.4844559585492228,0.2577720207253886,0.2577720207253886,True,0.03727192110284028,0.4673462804524448,0.2525134547202211,0.28014026482733423,1.5639583350093742,1.1537452123891727,2585,542.089708390648,1.1263820537388056,-0.006390344371053773
2022-04-10,Norwich,Burnley,2,0,H,3.13,3.37,2.36,2021/22,22,5,0.30721451168683683,0.2853357334064686,0.40744975490669466,True,0.039953536495206166,0.20848489022383296,0.29059955015913846,0.5009155596170283,0.7286670519086661,1.299122199899933,2585,542.089708390648,1.1263820537388056,-0.006390344371053773
2022-04-16,Man United,Norwich,3,2,H,1.28,6.27,10.17,2021/22,19,22,0.7518756831519259,0.15349296242973928,0.09463135441833483,True,0.03906805008633141,0.7885180978572954,0.14352686906892792,0.06795503307377623,2.4947781778449247,0.595281964599419,2589,539.5757935458196,1.133826467259148,-0.006017964956746234
2022-04-16,Southampton,Arsenal,1,0,H,4.0,3.7,1.93,2021/22,25,0,0.24075385185934392,0.26027443444253395,0.4989717136981222,True,0.038404985296176974,0.2441328841612751,0.23611400304624372,0.5197531127924813,1.134146003440761,1.7605991910339973,2589,539.5757935458196,1.133826467259148,-0.006017964956746234
2022-04-16,Tottenham,Brighton,0,1,A,1.52,4.46,6.48,2021/22,29,4,0.6347694686533596,0.21633398931684003,0.14889654202980038,True,0.0364309711331976,0.6097217091656939,0.23097446740860217,0.15930382342570426,1.7650998206124624,0.7728425827223282,2589,539.5757935458196,1.133826467259148,-0.006017964956746234
2022-04-16,Watford,Brentford,1,2,A,2.98,3.32,2.49,2021/22,30,3,0.32316677482154443,0.2900713822193381,0.38676184295911736,True,0.038381714778577436,0.2745223258918313,0.25362726622969683,0.4718504078784715,1.1263819134343835,1.5566668383627065,2589,539.5757935458196,1.133826467259148,-0.006017964956746234
2022-04-17,Newcastle,Leicester,2,1,H,2.05,3.52,3.76,2021/22,21,15,0.470013352652064,0.2737293673115714,0.25625728003636467,True,0.03785323394820028,0.27812798874954664,0.2319412183395456,0.4899307929109079,1.2806597340843435,1.7703784559921514,2593,542.4897283859096,1.1310975710958875,0.005252879172252757
2022-04-17,West Ham,Burnley,1,1,D,1.81,3.72,4.64,2021/22,32,5,0.5328657339375903,0.25927069312554796,0.20786357293686172,True,0.03682063352568954,0.5526023750228926,0.24492228172974045,0.2024753432473674,1.6373188752097472,0.8818871716232808,2593,542.4897283859096,1.1310975710958875,0.005252879172252757
2022-04-19,Liverpool,Man United,4,0,H,1.35,5.61,8.56,2021/22,16,19,0.7151275258335306,0.17208951156421862,0.11278296260225075,True,0.035816290076872814,0.6166304003783601,0.20485139602207686,0.1785182035995633,2.079401121235989,1.024434352686544,2595,542.3161195881058,1.132331581410644,0.0017494476073946423
2022-04-20,Newcastle,Crystal Palace,1,0,H,2.3,3.2,3.44,2021/22,21,8,0.4188736681887367,0.30106544901065446,0.28006088280060887,True,0.03798028311425683,0.35731665975230986,0.263152498010633,0.37953084223705696,1.2784904943236628,1.3259392374527152,2596,542.2305732571094,1.1367265729180673,0.0016395441392624175
2022-04-20,Man City,Brighton,3,0,H,1.23,6.48,14.46,2021/22,18,4,0.7843893618624275,0.14888872146462742,0.06672191667294507,True,0.03648541095830504,0.7621095840376082,0.16479868326252006,0.07309173269987132,2.207837677512301,0.5218982349669401,2596,542.2305732571094,1.1367265729180673,0.0016395441392624175
2022-04-20,Chelsea,Arsenal,2,4,A,1.92,3.5,4.35,2021/22,7,0,0.5025250024754927,0.27567085850084166,0.22180413902366575,True,0.03643267651888338,0.5246259676724522,0.24357830667325067,0.23179572565429743,1.6614282192557823,1.017211168376252,2596,542.2305732571094,1.1367265729180673,0.0016395441392624175
2022-04-20,Everton,Leicester,1,1,D,2.59,3.3,2.87,2021/22,9,15,0.37212244561181546,0.2920597376165461,0.3358178167716383,True,0.037562744879818144,0.3013127862472781,0.24122151000339973,0.45746570374932205,1.2936568554685657,1.6472920222149727,2596,542.2305732571094,1.1367265729180673,0.0016395441392624175
2022-04-21,Burnley,Southampton,2,0,H,2.65,3.34,2.75,2021/22,5,25,0.36270657689497904,0.2877761762789504,0.34951724682607066,True,0.040396051807191746,0.3697969386065345,0.2775156442672303,0.352687417126235,1.2064130309703855,1.1712823185554397,2600,545.1392038437984,1.1366031374645926,0.0022305381286420786
2022-04-23,Arsenal,Man United,3,1,H,2.05,3.65,3.65,2021/22,0,19,0.4709677419354839,0.2645161290322581,0.2645161290322581,True,0.0357500835282325,0.41907780711103415,0.24633313569992396,0.33458905718904175,1.5411016082866327,1.351825399300284,2601,543.9590103223899,1.1396404969710339,0.0023406779722063755
2022-04-23,Brentford,Tottenham,0,0,D,4.76,3.97,1.73,2021/22,3,29,0.20200234705192044,0.242199287649154,0.5557983652989257,True,0.040007884460113274,0.2563670389552265,0.23398127002237692,0.5096516910223965,1.1832697878973455,1.7620079153248118,2601,543.9590103223899,1.1396404969710339,0.0023406779722063755
2022-04-23,Leicester,Aston Villa,0,0,D,2.98,3.35,2.47,2021/22,15,1,0.32299428919396833,0.2873202930740375,0.38968541773199417,True,0.03893623208036656,0.4896676370499781,0.23186809810304043,0.2784642648469816,1.778815117081649,1.2892784389611984,2601,543.9590103223899,1.1396404969710339,0.0023406779722063755
2022-04-23,Man City,Watford,5,1,H,1.11,10.03,24.75,2021/22,18,30,0.8654138790433828,0.0957736197146715,0.038812501241945664,True,0.04100583861301699,0.8856062491222416,0.08196534769592363,0.032428403181834646,3.2643995322360535,0.5330865485596006,2601,543.9590103223899,1.1396404969710339,0.0023406779722063755
2022-04-23,Norwich,Newcastle,0,3,A,3.47,3.3,2.23,2021/22,22,21,0.27719497817169586,0.29147471947144993,0.43133030235685416,True,0.03964523434419154,0.2248188847890386,0.2574693083332137,0.5177118068777479,0.9103293694830337,1.528635378455594,2601,543.9590103223899,1.1396404969710339,0.0023406779722063755
2022-04-24,Chelsea,West Ham,1,0,H,1.43,4.79,7.9,2021/22,7,32,0.6758805952021606,0.2017764616156763,0.12234294318216321,True,0.03465124500509398,0.5768862628650999,0.2208463442030787,0.20226739293182147,1.9429396470841995,1.0643861902390575,2606,547.8621894881862,1.140997620222789,-0.012318338062534332
2022-04-24,Brighton,Southampton,2,2,D,2.08,3.37,3.83,2021/22,4,25,0.4629004665908741,0.28570711291068784,0.25139242049843813,True,0.03860174155786633,0.40423142075993945,0.2886984478161958,0.30707013142386436,1.224027825400768,1.0287338042567293,2606,547.8621894881862,1.140997620222789,-0.012318338062534332
2022-04-24,Burnley,Wolves,1,0,H,2.57,3.11,3.06,2021/22,5,33,0.3750605947149585,0.30993753325319723,0.31500187203184427,True,0.03744585234680242,0.28266685804862385,0.32987001980151526,0.3874631221498607,0.804111078371641,0.99621486223643,2606,547.8621894881862,1.140997620222789,-0.012318338062534332
2022-04-24,Liverpool,Everton,2,0,H,1.2,7.29,15.26,2021/22,16,9,0.8043460342112455,0.1324026393763367,0.06325132641241772,True,0.036038344057372385,0.7734651281697009,0.14829754732653888,0.07823732450376004,2.524419433408137,0.6809527667880718,2606,547.8621894881862,1.140997620222789,-0.012318338062534332
2022-04-25,Crystal Palace,Leeds,0,0,D,2.42,3.44,3.0,2021/22,8,14,0.39838176708563666,0.2802569407986165,0.3213612921157469,True,0.03725414824780571,0.4705676691529527,0.23675439670358378,0.2926779341434634,1.7299378047310254,1.3198383357952352,2610,550.7595680981403,1.1430897033972571,-0.006366513042449355
2022-04-28,Man United,Chelsea,1,1,D,3.54,3.61,2.09,2021/22,19,7,0.27215406757590294,0.2668768418888356,0.46096909053526147,True,0.037963085477053404,0.3163136425252215,0.24637171884257308,0.43731463863220543,1.3319317439847853,1.6052605822295805,2611,548.458922528192,1.142895877840272,-0.012911267593642571
2022-04-30,Wolves,Brighton,0,3,A,2.76,2.99,2.93,2021/22,33,4,0.34903326308072946,0.3221845505360579,0.32878218638321266,True,0.03806392944247228,0.42116560391737484,0.3330857805981736,0.2457486154844517,1.031243487070053,0.7126339642950471,2612,547.2654766544206,1.1434416890962193,-0.016064540182784366
2022-04-30,Watford,Burnley,1,2,A,2.63,3.22,2.88,2021/22,30,5,0.36630511206086125,0.2991870946335605,0.3345077933055781,True,0.038009365315531785,0.3175206260514646,0.28819812824887153,0.39428124569966383,1.0632673254702312,1.2182876543989323,2612,547.2654766544206,1.1434416890962193,-0.016064540182784366
2022-04-30,Southampton,Crystal Palace,1,2,A,2.46,3.17,3.15,2021/22,25,8,0.3910867240832344,0.30349316758509676,0.30542010833166877,True,0.039421795750179234,0.3643903403224539,0.2631680790726341,0.3724415806049119,1.3319285144320556,1.3493447274794146,2612,547.2654766544206,1.1434416890962193,-0.016064540182784366
2022-04-30,Newcastle,Liverpool,0,1,A,6.44,4.34,1.54,2021/22,21,16,0.15002199736031677,0.22261328640563136,0.627364716234052,True,0.03504489900001806,0.11223928748607549,0.17778570075169106,0.7099750117622333,0.7954259422806129,2.294168970785523,2612,547.2654766544206,1.1434416890962193,-0.016064540182784366
2022-04-30,Aston Villa,Norwich,2,0,H,1.42,4.86,7.86,2021/22,1,22,0.6789591553801856,0.19837901247733813,0.12266183214247627,True,0.03721313208942978,0.6760592097750525,0.20415752133789755,0.11978326888704961,1.9872232181230722,0.6975607996591945,2612,547.2654766544206,1.1434416890962193,-0.016064540182784366
2022-04-30,Leeds,Man City,0,4,A,9.49,5.74,1.32,2021/22,14,18,0.10159809698000168,0.16797316033801668,0.7304287426819817,True,0.03716586342713968,0.07918941569949926,0.1312958334991434,0.7895147508013575,0.8386439831240874,2.8795082927605518,2612,547.2654766544206,1.1434416890962193,-0.016064540182784366
2022-05-01,Everton,Chelsea,1,0,H,5.11,3.86,1.72,2021/22,9,7,0.18886581515091172,0.25002702472050753,0.5611071601285809,True,0.03615742259282406,0.1812603162533388,0.2304791345757411,0.5882605491709204,0.8992254991292046,1.8156850825787842,2618,552.1600514947463,1.1346377575894957,-0.014622325990864164
2022-05-01,Tottenham,Leicester,3,1,H,1.36,5.27,8.81,2021/22,29,15,0.7079974076474401,0.18270900842514584,0.10929358392741413,True,0.03855481630973934,0.52582750562092,0.22507927226711844,0.2490932221119617,1.9198417346659828,1.2631657450237632,2618,552.1600514947463,1.1346377575894957,-0.014622325990864164
2022-05-01,West Ham,Arsenal,1,2,A,4.4,3.89,1.81,2021/22,32,0,0.21919996015055618,0.24793825826798127,0.5328617815814626,True,0.03682832385839108,0.34837025615939765,0.2543257753566465,0.3973039684839559,1.360461338472479,1.4689052986628024,2618,552.1600514947463,1.1346377575894957,-0.014622325990864164
2022-05-02,Man United,Brentford,3,0,H,1.76,3.98,4.56,2021/22,19,3,0.5469932970053527,0.24188648309784438,0.2111202198968028,True,0.0387363452028886,0.5409251406375255,0.2321773384089556,0.226897520953519,1.8119591744552197,1.0935504400348257,2621,554.0508409720165,1.138071428748062,-0.008779431697864697
2022-05-07,Brentford,Southampton,3,0,H,2.11,3.54,3.54,2021/22,3,25,0.4561855670103092,0.27190721649484534,0.27190721649484534,True,0.038905400701529036,0.45865509615322453,0.2508361867849473,0.2905087170618282,1.577295572824798,1.20547270288054,2622,549.5279928266808,1.141267394064171,-0.008882027222101201
2022-05-07,Brighton,Man United,4,0,H,3.02,3.34,2.46,2021/22,4,19,0.31930173633240583,0.2887099532107382,0.39198831045685595,True,0.03703109046001041,0.26148469849617234,0.26897460529342127,0.4695406962104064,0.9965463966537549,1.4311788264329508,2622,549.5279928266808,1.141267394064171,-0.008882027222101201
2022-05-07,Burnley,Aston Villa,1,3,A,3.09,3.17,2.49,2021/22,5,1,0.31097164604238325,0.30312378115803285,0.38590457279958396,True,0.04068843442127812,0.31939599534786745,0.2890122782427493,0.3915917264093833,1.0512319507259709,1.1960819607369229,2622,549.5279928266808,1.141267394064171,-0.008882027222101201
2022-05-07,Chelsea,Wolves,2,2,D,1.37,4.9,9.29,2021/22,7,33,0.7007402869092829,0.19592126389096276,0.10333844919975434,True,0.041651266432417344,0.5716185653476402,0.25721348640718067,0.1711679482451788,1.5489072414498422,0.7174386778617685,2622,549.5279928266808,1.141267394064171,-0.008882027222101201
2022-05-07,Crystal Palace,Watford,1,0,H,1.69,3.84,5.33,2021/22,8,30,0.569094523766492,0.2504608711368155,0.18044460509669258,True,0.03974990378602006,0.5600921714923606,0.23777299032961838,0.20213483817802083,1.740810949280981,0.9452247410506628,2622,549.5279928266808,1.141267394064171,-0.008882027222101201
2022-05-07,Liverpool,Tottenham,1,1,D,1.43,5.12,7.05,2021/22,16,29,0.6747029389279446,0.18844242239589076,0.13685463867616465,True,0.036457170931905036,0.5935664142950996,0.21697507761299892,0.18945850809190143,1.9672437664496523,1.0177989838530785,2622,549.5279928266808,1.141267394064171,-0.008882027222101201
2022-05-08,Man City,Newcastle,5,0,H,1.18,7.9,16.78,2021/22,18,21,0.8198812006600512,0.12246326794669117,0.05765553139325747,True,0.03363466126115866,0.8228047853388293,0.12036879861550989,0.05682641604566066,2.808801040737972,0.6269047929276443,2628,554.4180471566793,1.1468407946095753,-0.008984109429915928
2022-05-08,Norwich,West Ham,0,4,A,4.88,4.03,1.7,2021/22,22,32,0.19679203984672572,0.23829904576973235,0.5649089143835421,True,0.0412922847209094,0.13418709360778416,0.20701729491344964,0.6587956114787669,0.7610901548717843,1.9781106539010485,2628,554.4180471566793,1.1468407946095753,-0.008984109429915928
2022-05-08,Arsenal,Leeds,2,1,H,1.53,4.51,6.21,2021/22,0,14,0.6306669639057211,0.213951320349391,0.1553817157448878,True,0.03635485707720765,0.6423126773730865,0.19253101932078767,0.1651563033061256,2.257889996680428,1.0620650150315403,2628,554.4180471566793,1.1468407946095753,-0.008984109429915928
2022-05-08,Leicester,Everton,1,2,A,2.68,3.26,2.78,2021/22,15,9,0.3589227722772277,0.2950653465346535,0.3460118811881189,True,0.03959502483170496,0.5271923254620182,0.23613062998243298,0.23667704455554892,1.7682052858227768,1.108564124182854,2628,554.4180471566793,1.1468407946095753,-0.008984109429915928
2022-05-10,Aston Villa,Liverpool,1,2,A,6.37,4.55,1.52,2021/22,1,16,0.15172689159512875,0.21241764823318027,0.6358554601716909,True,0.03466082789391067,0.1525148224209015,0.20747778292127886,0.6400073946578196,0.8694350021383433,2.017315848901325,2632,556.1888363619224,1.1438144040848943,-0.008713161042829981
2022-05-11,Leeds,Chelsea,0,3,A,4.86,4.12,1.69,2021/22,14,7,0.19781018994641952,0.23333920464553373,0.5688506054080468,True,0.04019573980573066,0.1745491815806258,0.1987184148910115,0.6267324035283627,1.0712103267210058,2.188378957168833,2633,556.0755723243241,1.1440309600648013,-0.008687198912766139
2022-05-11,Leicester,Norwich,3,0,H,1.34,5.57,9.13,2021/22,15,22,0.720802073928345,0.17340660306355163,0.10579132300810323,True,0.035330895552617925,0.763096245603091,0.15376871607276843,0.08313503832414045,2.4624812934837625,0.6869904634013114,2633,556.0755723243241,1.1440309600648013,-0.008687198912766139
2022-05-11,Watford,Everton,0,0,D,5.69,3.77,1.67,2021/22,30,9,0.16901971838548166,0.2550987261573981,0.5758815554571203,True,0.039801309028323795,0.28226153100081813,0.26455548639955706,0.4531829825996248,1.0872468537595918,1.4502320059253977,2633,556.0755723243241,1.1440309600648013,-0.008687198912766139
2022-05-11,Wolves,Man City,1,5,A,12.0,6.22,1.26,2021/22,33,18,0.0803014840589689,0.1549224772841844,0.7647760386568467,True,0.037755831164191234,0.1199223659680112,0.21525218624700904,0.6648254477849795,0.6374505723714939,1.8546566271716824,2633,556.0755723243241,1.1440309600648013,-0.008687198912766139
2022-05-12,Tottenham,Arsenal,3,0,H,2.28,3.47,3.22,2021/22,29,0,0.4228088365510509,0.277810993468702,0.2993801699802472,True,0.03733993547959602,0.45755389153476633,0.24865805086086323,0.29378805760437043,1.6085348896108993,1.2425789655334747,2637,558.956540584426,1.1395810430462323,-0.01356307647794738
2022-05-15,Wolves,Norwich,1,1,D,1.54,4.44,6.04,2021/22,33,22,0.6242923122765197,0.2165338200238379,0.15917386769964245,True,0.040138788483159216,0.6510493620236659,0.23390645530698642,0.11504418266934767,1.6875713978977684,0.549469837688878,2638,556.6068604304158,1.1434782884610242,-0.013458662781527046
2022-05-15,West Ham,Man City,2,2,D,7.97,5.2,1.39,2021/22,32,18,0.12097010391579624,0.18540994773247998,0.6936199483517238,True,0.037202667168456216,0.13709948891510132,0.1865616575233052,0.6763388535615928,0.919152899652918,2.266295899732314,2638,556.6068604304158,1.1434782884610242,-0.013458662781527046
2022-05-15,Watford,Leicester,1,5,A,5.12,3.95,1.7,2021/22,30,15,0.1883960384928317,0.2441994220464046,0.5674045394607637,True,0.0367123510796723,0.20240383078602434,0.22121435024089287,0.576381818973083,1.0646999466094822,1.9415069199997599,2638,556.6068604304158,1.1434782884610242,-0.013458662781527046
2022-05-15,Aston Villa,Crystal Palace,1,1,D,1.88,3.55,4.46,2021/22,1,8,0.5125308334250512,0.2714247793912948,0.2160443871836539,True,0.03782028109886304,0.4359385592902169,0.268950633070614,0.295110807639169,1.405618862483867,1.1083029514530083,2638,556.6068604304158,1.1434782884610242,-0.013458662781527046
2022-05-15,Leeds,Brighton,1,1,D,2.67,3.45,2.68,2021/22,14,4,0.3609871511062699,0.27937266476920014,0.35964018412453,True,0.03752123602796953,0.347592137652027,0.27030302749471075,0.3821048348532622,1.237070070265825,1.3100865828222699,2638,556.6068604304158,1.1434782884610242,-0.013458662781527046
2022-05-15,Everton,Brentford,2,3,A,1.91,3.61,4.21,2021/22,9,3,0.5043455464371165,0.26684210351659077,0.22881235004629277,True,0.038098210884792705,0.3687196681812114,0.2787128025729442,0.35256752924584484,1.2267993343080967,1.1933812214869808,2638,556.6068604304158,1.1434782884610242,-0.013458662781527046
2022-05-15,Tottenham,Burnley,1,0,H,1.32,5.56,10.15,2021/22,29,5,0.7312831729971804,0.17361399071156083,0.09510283629125892,True,0.03595404017135584,0.6508543850985624,0.21294201816159844,0.1362035967398391,1.927818777240624,0.7493492523979404,2638,556.6068604304158,1.1434782884610242,-0.013458662781527046
2022-05-16,Newcastle,Arsenal,2,0,H,4.29,3.82,1.84,2021/22,21,0,0.22448914411278112,0.25210953618948456,0.5234013196977343,True,0.03835859868184022,0.2449926425880439,0.249171970857653,0.5058353865543029,1.077820864715335,1.6546353872105093,2645,562.4807731721756,1.1370625335011906,-0.021012519796044054
2022-05-17,Southampton,Liverpool,1,2,A,6.64,4.91,1.47,2021/22,25,16,0.14557420296928858,0.19686613191773442,0.6575596651129769,True,0.03454050626213245,0.09688122324454491,0.16056282999365012,0.742555946761805,0.7929451415888067,2.488413044935375,2646,562.3549378364454,1.1408307061830876,-0.021332373492199932
2022-05-19,Everton,Crystal Palace,3,2,H,1.86,3.51,4.62,2021/22,9,8,0.517461229178633,0.27421022400919015,0.2083285468121769,True,0.0389849099526518,0.369867878304167,0.285560980098827,0.3445711415970061,1.2012211782480011,1.1495293858490987,2647,561.1060189214872,1.1418455626651602,-0.02143260989686398
2022-05-19,Aston Villa,Burnley,1,1,D,2.04,3.45,3.88,2021/22,1,5,0.4723492547425474,0.27930216802168023,0.2483485772357724,True,0.037783109658027225,0.48358015132873006,0.277385836346455,0.23903401232481503,1.4034419986922602,0.9022089592465317,2647,561.1060189214872,1.1418455626651602,-0.02143260989686398
2022-05-19,Chelsea,Leicester,1,1,D,1.42,4.94,7.48,2021/22,7,15,0.6769156365181838,0.19457898863478154,0.12850537484703484,True,0.04034434148243937,0.572995379279477,0.21894033626308299,0.20806428445744,1.9976261705955074,1.1279883298121574,2647,561.1060189214872,1.1418455626651602,-0.02143260989686398
2022-05-22,Arsenal,Everton,5,1,H,1.34,5.54,8.95,2021/22,0,9,0.7185983686861953,0.17381260181218444,0.10758902950162032,True,0.03850591545429172,0.5514505505056634,0.24299101659256797,0.2055584329017689,1.7341122269945277,0.9650701917782986,2650,560.7315164389076,1.1412082015281022,-0.02813856008374893
2022-05-22,Brentford,Leeds,1,2,A,2.33,3.8,2.88,2021/22,3,14,0.4128502663306726,0.2531424001448598,0.33400733352446776,True,0.03956466631528732,0.5092004050068768,0.23358713683750307,0.2572124581556205,1.8453358173892147,1.2560582206473574,2650,560.7315164389076,1.1412082015281022,-0.02813856008374893
2022-05-22,Brighton,West Ham,3,1,H,2.66,3.47,2.68,2021/22,4,32,0.36243598637493857,0.27783277341709994,0.35973124020796143,True,0.03725861602261493,0.31674818616791894,0.2854153934274615,0.3978364204046194,1.097688343336084,1.2638983371783792,2650,560.7315164389076,1.1412082015281022,-0.02813856008374893
2022-05-22,Burnley,Newcastle,1,2,A,2.48,3.28,3.03,2021/22,5,21,0.3884129564782392,0.2936780890445223,0.31790895447723866,True,0.03813685853243065,0.36336905534511266,0.29639765755117253,0.3402332871037152,1.1380426926977045,1.0918173272798202,2650,560.7315164389076,1.1412082015281022,-0.02813856008374893
2022-05-22,Chelsea,Watford,2,1,H,1.19,7.51,16.11,2021/22,7,30,0.8114758551490034,0.12858272538313104,0.05994141946786556,True,0.03556517316153385,0.7864829817498823,0.14303066180608526,0.07048635644403231,2.591355461428433,0.6603981312527993,2650,560.7315164389076,1.1412082015281022,-0.02813856008374893
2022-05-22,Crystal Palace,Man United,1,0,H,2.81,3.49,2.53,2021/22,8,19,0.3429555773929053,0.2761332872418521,0.3809111353652427,True,0.03766175440644215,0.29447208246634665,0.2556750802655456,0.44985283726810754,1.223571823435339,1.5673247398976287,2650,560.7315164389076,1.1412082015281022,-0.02813856008374893
2022-05-22,Leicester,Southampton,4,1,H,1.71,4.29,4.52,2021/22,15,25,0.5627715427546516,0.2243215240350709,0.2129069332102775,True,0.039134492790757314,0.5907450081712585,0.2099311550657825,0.19932383676295917,2.1283121981788318,1.1680410896435531,2650,560.7315164389076,1.1412082015281022,-0.02813856008374893
2022-05-22,Liverpool,Wolves,3,1,H,1.14,9.22,19.12,2021/22,16,33,0.8451173092227006,0.10449389723577858,0.05038879354152084,True,0.03795410753442208,0.6967613432623797,0.20193672258823434,0.10130193414938614,1.979014324625774,0.6063892138064709,2650,560.7315164389076,1.1412082015281022,-0.02813856008374893
2022-05-22,Man City,Aston Villa,3,2,H,1.17,8.27,15.87,2021/22,18,1,0.8229103378483867,0.11642141418169437,0.060668247969918876,True,0.03863181125611903,0.7809609561121259,0.143450620047422,0.07558842384045167,2.633319397180162,0.7137928633109069,2650,560.7315164389076,1.1412082015281022,-0.02813856008374893
2022-05-22,Norwich,Tottenham,0,5,A,9.99,5.59,1.31,2021/22,22,29,0.09603312092889675,0.17162269733089064,0.7323441817402127,True,0.042349755291349434,0.07046537874864912,0.15307943639235216,0.7764551848589984,0.5981708711921532,2.427318839090657,2650,560.7315164389076,1.1412082015281022,-0.02813856008374893
2022-08-05,Crystal Palace,Arsenal,0,2,A,4.56,3.57,1.85,2022/23,8,0,0.21087366737229288,0.2693512389965421,0.519775093631165,True,0.03995083097250274,0.2855324606646733,0.2653221546343354,0.44914538470099136,1.1156091552176874,1.465503334686998,2660,491.23316859613675,1.1427520444590205,-0.02066302628009009
2022-08-06,Fulham,Liverpool,2,2,D,10.33,6.2,1.28,2022/23,10,16,0.09314072982146461,0.1551844740412467,0.7516747961372886,True,0.03934574368422705,0.07846853141252341,0.17658204039543743,0.7449494281920397,0.5420274214377501,2.1461177769514395,2661,491.24968606929883,1.1401286618375586,-0.020583131177871025
2022-08-06,Tottenham,Southampton,4,1,H,1.37,5.24,8.59,2022/23,29,25,0.7037603953801438,0.1839984239829765,0.11224118063687974,True,0.037181137345746906,0.7031568547605295,0.1748879761426128,0.1219551690968579,2.4004620778312016,0.9041236420224139,2661,491.24968606929883,1.1401286618375586,-0.020583131177871025
2022-08-06,Newcastle,Nott'm Forest,2,0,H,1.59,4.07,6.15,2022/23,21,23,0.6063546049810685,0.23688054592626506,0.1567648490926665,True,0.037232689326568646,0.3780765021400517,0.27165662400258306,0.35026687385736527,1.307299610833807,1.2483835020099798,2661,491.24968606929883,1.1401286618375586,-0.020583131177871025
2022-08-06,Everton,Chelsea,0,1,A,6.44,4.04,1.57,2022/23,9,7,0.14934355516208633,0.23806249882273167,0.6125939460151821,True,0.03974693074007307,0.1907579723256991,0.23506469642153818,0.574177331252763,0.9295296576571845,1.789984226806444,2661,491.24968606929883,1.1401286618375586,-0.020583131177871025
2022-08-06,Bournemouth,Aston Villa,2,0,H,3.99,3.49,2.0,2022/23,2,1,0.2416470775590183,0.2762670027107401,0.4820859197302415,True,0.03715951770543846,0.32092551356574595,0.25249201115855147,0.4265824752757026,1.3131179055877273,1.548876731198806,2661,491.24968606929883,1.1401286618375586,-0.020583131177871025
2022-08-06,Leeds,Wolves,2,1,H,2.43,3.36,3.02,2022/23,14,33,0.39559308554185857,0.28609857079366563,0.3183083436644757,True,0.040267509178473215,0.3471330907974906,0.27443834297159947,0.37842856623090987,1.2225970680448441,1.288394297705025,2661,491.24968606929883,1.1401286618375586,-0.020583131177871025
2022-08-07,Leicester,Brentford,2,2,D,1.92,3.66,4.08,2022/23,15,3,0.5012083131947801,0.2629289511841469,0.23586273562107296,True,0.03915541626486663,0.5206306600482077,0.23092266747325454,0.24844667247853758,1.852027230009978,1.2170939788078512,2667,496.25618053386404,1.1521004155092658,-0.017421604052986442
2022-08-07,Man United,Brighton,1,2,A,1.78,3.77,4.73,2022/23,19,4,0.5409879831685481,0.25542668701326676,0.20358532981818508,True,0.038466232685167245,0.505542379612783,0.2610490036143409,0.23340861677287617,1.536077202039755,0.9573958402791611,2667,496.25618053386404,1.1521004155092658,-0.017421604052986442
2022-08-07,West Ham,Man City,0,2,A,7.9,5.27,1.39,2022/23,32,18,0.12221197111077373,0.18320200602943312,0.6945860228597933,True,0.035760059595779214,0.1453128804672565,0.18817215611655191,0.6665149634161917,0.9747657698710602,2.2843181912329142,2667,496.25618053386404,1.1521004155092658,-0.017421604052986442
2022-08-13,Southampton,Leeds,2,2,D,2.44,3.57,2.87,2022/23,25,14,0.39468787919644066,0.2697586625320211,0.3355534582715384,True,0.03838016614082651,0.40621051770539773,0.2357852703728391,0.3580042119217628,1.6788967372423007,1.565308924138175,2670,493.30090945700033,1.1473627348298299,-0.01805770260593181
2022-08-13,Arsenal,Leicester,4,2,H,1.57,4.4,5.89,2022/23,0,15,0.6160018825184865,0.2198006717168236,0.16419744576468998,True,0.033994689358957775,0.47763348277741946,0.23595573094364336,0.2864107862789374,1.7750631097181329,1.3301728721183126,2670,493.30090945700033,1.1473627348298299,-0.01805770260593181
2022-08-13,Aston Villa,Everton,2,1,H,1.78,3.62,4.95,2022/23,1,9,0.5401584392408422,0.26560276846649145,0.19423879229266647,True,0.04006104875184269,0.46407942575061834,0.26256909183532007,0.27335148241406165,1.497857429281758,1.088814258463917,2670,493.30090945700033,1.1473627348298299,-0.01805770260593181
2022-08-13,Brentford,Man United,4,0,H,4.35,3.86,1.83,2022/23,3,19,0.22202525200139558,0.25020980471659865,0.5277649432820058,True,0.03540050241591164,0.32167878772820385,0.24815699416099066,0.4301642181108055,1.3449757575773278,1.589800793870407,2670,493.30090945700033,1.1473627348298299,-0.01805770260593181
2022-08-13,Brighton,Newcastle,0,0,D,2.44,3.28,3.1,2022/23,4,21,0.395100873511766,0.2939165034660698,0.3109826230221642,True,0.037294759515548614,0.43144749715013087,0.28733601265223857,0.2812164901976304,1.2801129383252368,0.9771461910873124,2670,493.30090945700033,1.1473627348298299,-0.01805770260593181
2022-08-13,Man City,Bournemouth,4,0,H,1.08,12.66,32.0,2022/23,18,2,0.893608686215239,0.0762320206249967,0.03015929315976432,True,0.036164867474109075,0.8378279472571576,0.10866714173804949,0.05350491100479312,3.059364685924315,0.6950813087683554,2670,493.30090945700033,1.1473627348298299,-0.01805770260593181
2022-08-13,Wolves,Fulham,0,0,D,2.22,3.41,3.41,2022/23,33,10,0.4343949044585988,0.2828025477707007,0.2828025477707007,True,0.03696071438006898,0.46653801621141033,0.30768281009302867,0.22577917369556086,1.1970246688858621,0.7386964506765016,2670,493.30090945700033,1.1473627348298299,-0.01805770260593181
2022-08-14,Chelsea,Tottenham,2,2,D,2.16,3.49,3.48,2022/23,7,29,0.4465081395861825,0.2763488772223938,0.27714298319142366,True,0.036852236091441615,0.4299111804566225,0.2598030036815808,0.31028581586179677,1.4998368960334985,1.237943908219989,2677,499.30130757317073,1.1590708076016447,-0.025861640928704827
2022-08-14,Nott'm Forest,West Ham,1,0,H,4.01,3.62,1.95,2022/23,23,32,0.24014533232181315,0.266017343262561,0.49383732441562606,True,0.03844016534665595,0.2066276795992323,0.24713549692064044,0.5462368234801276,0.9418687816104616,1.6874863593800742,2677,499.30130757317073,1.1590708076016447,-0.025861640928704827
2022-08-15,Liverpool,Crystal Palace,1,1,D,1.27,6.1,11.72,2022/23,16,8,0.7595560721350908,0.15813708387074843,0.08230684399416087,True,0.036660233114568896,0.7328267758328685,0.17257249198853403,0.09460073217859755,2.2892024999996896,0.692900507046644,2679,500.2997068925719,1.161387219183093,-0.021077902626792152
2022-08-20,Bournemouth,Arsenal,0,3,A,7.54,4.72,1.44,2022/23,2,0,0.12765573819755388,0.20392463262914326,0.6684196291733029,True,0.03893484591906571,0.23444199588993275,0.23344889727553236,0.5321091068345347,1.1508819187256167,1.8392615882038057,2680,496.31169146749744,1.1589128447887656,-0.0246914648359549
2022-08-20,Crystal Palace,Aston Villa,3,1,H,2.5,3.22,3.06,2022/23,8,1,0.38559554184994443,0.29937542069095063,0.31502903745910493,True,0.03735639183209516,0.38215973139809456,0.27912384132469403,0.3387164272772116,1.2716558796666513,1.1812237978049989,2680,496.31169146749744,1.1589128447887656,-0.0246914648359549
2022-08-20,Everton,Nott'm Forest,1,1,D,1.91,3.52,4.33,2022/23,9,23,0.504102847352911,0.27353307910342617,0.2223640735436628,True,0.03859800073208297,0.3957976166903031,0.31289628858126073,0.2913060947284365,1.1004087205294457,0.9004844278993915,2680,496.31169146749744,1.1589128447887656,-0.0246914648359549
2022-08-20,Fulham,Brentford,3,2,H,2.67,3.38,2.73,2022/23,10,3,0.3612765307680562,0.2853870819972515,0.3533363872346923,True,0.0366901896720393,0.261854736542363,0.2872127805290592,0.4509324829285777,0.9330863921916766,1.3146628931207647,2680,496.31169146749744,1.1589128447887656,-0.0246914648359549
2022-08-20,Leicester,Southampton,1,2,A,1.77,4.1,4.38,2022/23,15,25,0.544716630873949,0.23515815527972922,0.22012521384632186,True,0.03718469271992464,0.6133224224885098,0.19812268843372885,0.18855488907776163,2.2762420585436574,1.2010471145646497,2680,496.31169146749744,1.1589128447887656,-0.0246914648359549
2022-08-20,Tottenham,Wolves,1,0,H,1.45,4.8,7.17,2022/23,29,33,0.6647544545849631,0.20081124148920756,0.13443430392582933,True,0.037458519694127945,0.6016314360336653,0.2381642541141224,0.16020430985221204,1.7384363704227175,0.7723864485095167,2680,496.31169146749744,1.1589128447887656,-0.0246914648359549
2022-08-21,Leeds,Chelsea,3,0,H,6.03,4.58,1.53,2022/23,14,7,0.15980132586252901,0.21039344867926854,0.6298052254582026,True,0.03777286186585682,0.17964607004827868,0.2086931848430938,0.6116607451086276,1.0608656519995034,2.1101541836883144,2686,501.30807203853124,1.156990386683903,-0.027400287285227268
2022-08-21,Newcastle,Man City,3,3,D,6.94,4.92,1.45,2022/23,21,18,0.13895110806399463,0.19600014023661033,0.665048751699395,True,0.03699942395429123,0.09076595717577794,0.16211684871694762,0.7471171941072744,0.7353228901742956,2.4386765480571526,2686,501.30807203853124,1.156990386683903,-0.027400287285227268
2022-08-21,West Ham,Brighton,0,2,A,2.52,3.37,2.91,2022/23,32,4,0.38259149588604996,0.2860921571610819,0.33131634695286805,True,0.037203913553756074,0.44946888685488007,0.2810638330062559,0.26946728013886384,1.3600651984844503,0.9900573631702577,2686,501.30807203853124,1.156990386683903,-0.027400287285227268
2022-08-22,Man United,Liverpool,2,1,H,4.59,4.37,1.7,2022/23,19,16,0.21051110361770797,0.22110891661448043,0.5683799797678115,True,0.03493316981000394,0.2063015285111977,0.22287818108374938,0.5708202904050529,1.0994777003150058,1.959570950195996,2689,503.3004638385236,1.1622598496488925,-0.02675293819046344
2022-08-27,Man City,Crystal Palace,4,2,H,1.2,7.51,15.24,2022/23,18,8,0.8074106681791632,0.1290136886571233,0.06357564316371363,True,0.03210592351055985,0.7830752231237736,0.144105454888262,0.07281932198796437,2.5907950608113564,0.6762866621760095,2690,499.28259038295863,1.1652822492597656,-0.02672752728295236
2022-08-27,Liverpool,Bournemouth,9,0,H,1.15,8.99,18.65,2022/23,16,2,0.8406313377571766,0.10753348591999477,0.05183517632282858,True,0.03441922556839727,0.8133705096652595,0.1244853080191267,0.06214418231561363,2.850960446666517,0.6955833991921663,2690,499.28259038295863,1.1652822492597656,-0.02672752728295236
2022-08-27,Chelsea,Leicester,2,1,H,1.41,5.06,7.7,2022/23,7,15,0.6841007416563658,0.1906288627935723,0.12527039555006178,True,0.0367184465241821,0.5615870751678149,0.2220646316509936,0.21634829318119145,1.9782747041729702,1.1569926182759152,2690,499.28259038295863,1.1652822492597656,-0.02672752728295236
2022-08-27,Southampton,Man United,0,1,A,3.68,3.93,1.96,2022/23,25,19,0.26219620123902243,0.24551705357750703,0.4922867451834707,True,0.0363961382760869,0.26663455063296376,0.23204484292104724,0.501320606445989,1.305427034233984,1.8582197719359221,2690,499.28259038295863,1.1652822492597656,-0.02672752728295236
2022-08-27,Brentford,Everton,1,1,D,2.1,3.44,3.72,2022/23,3,9,0.45977407950331983,0.28067603690609644,0.2595498835905838,True,0.03570535491015603,0.4921232133132472,0.25053535724827547,0.2573414294384772,1.6486602471547642,1.1272135433049766,2690,499.28259038295863,1.1652822492597656,-0.02672752728295236
2022-08-27,Arsenal,Fulham,2,1,H,1.39,5.32,7.66,2022/23,0,10,0.6931254188395297,0.18109855868175678,0.12577602247871358,True,0.037942688115747414,0.6348382659695376,0.2223919251411843,0.14276980888927812,1.8726241772716559,0.7604358686449327,2690,499.28259038295863,1.1652822492597656,-0.02672752728295236
2022-08-27,Brighton,Leeds,1,0,H,1.75,3.9,4.8,2022/23,4,14,0.5514803358373841,0.24745912505523648,0.20106053910737962,True,0.036172161172161044,0.4644270657710756,0.26579686112890094,0.2697760731000236,1.489935533741784,1.0739676497897144,2690,499.28259038295863,1.1652822492597656,-0.02672752728295236
2022-08-28,Aston Villa,West Ham,0,1,A,2.12,3.45,3.66,2022/23,1,32,0.45584508415101693,0.2801135009855525,0.2640414148634306,True,0.03477722938716221,0.37820152219498215,0.2587313586771368,0.36306711912788114,1.407603980702378,1.3743284938209794,2697,505.27103709266737,1.174897790743207,-0.02095313213122107
2022-08-28,Nott'm Forest,Tottenham,0,2,A,6.89,4.77,1.46,2022/23,23,29,0.13959417826410286,0.2016360352703708,0.6587697864655264,True,0.03971299370627346,0.19788067372841042,0.2697156152797338,0.5324037109918554,0.7897885468995839,1.4776080315702753,2697,505.27103709266737,1.174897790743207,-0.02095313213122107
2022-08-28,Wolves,Newcastle,1,1,D,2.56,3.3,2.92,2022/23,33,21,0.3770071050737112,0.29246611787536386,0.33052677705092487,True,0.036121056454960554,0.40157616778355215,0.2989473717010319,0.29947646051541604,1.1756323503559891,0.9743779339682157,2697,505.27103709266737,1.174897790743207,-0.02095313213122107
2022-08-30,Leeds,Everton,1,1,D,2.12,3.6,3.47,2022/23,14,9,0.454578535974731,0.26769624896289723,0.27772521506237174,True,0.037660329025670736,0.4315437504038848,0.25003619729203735,0.3184200523040778,1.5767394777403785,1.3227680491315401,2700,506.2420136964529,1.1708710323286016,-0.01942371759779753
2022-08-30,Southampton,Chelsea,2,1,H,5.18,4.1,1.67,2022/23,25,7,0.18638595803525734,0.23548274698113003,0.5781312949836126,True,0.03575502728416424,0.1834824258321301,0.2190555023253675,0.5974620718425021,0.9915566927326888,1.9611708964276966,2700,506.2420136964529,1.1708710323286016,-0.01942371759779753
2022-08-30,Crystal Palace,Brentford,1,1,D,2.09,3.47,3.69,2022/23,8,3,0.4611054892738947,0.2777263609747665,0.26116814975133873,True,0.03765604758897734,0.398455796718172,0.26353046395074675,0.33801373933108153,1.4044260148892054,1.2736560230879361,2700,506.2420136964529,1.1708710323286016,-0.01942371759779753
2022-08-30,Fulham,Brighton,2,1,H,3.34,3.26,2.32,2022/23,10,4,0.2886673485900979,0.29575120990519227,0.4155814415047099,True,0.03718414662107983,0.29089767130217375,0.3201650306841099,0.38893729801371607,0.864673474676102,1.048814039707328,2700,506.2420136964529,1.1708710323286016,-0.01942371759779753
2022-08-31,Arsenal,Aston Villa,2,1,H,1.54,4.46,6.08,2022/23,0,1,0.6255548070978398,0.21599874505172048,0.1584464478504397,True,0.038039580197946954,0.5667866104506586,0.23224862481131342,0.20096476473802824,1.8446340055695771,1.0082125106561848,2704,509.2225494731048,1.1754479620837515,-0.02713503300754928
2022-08-31,Bournemouth,Wolves,0,0,D,3.3,3.26,2.34,2022/23,2,33,0.29218182653858527,0.2957668796249483,0.41205129383646644,True,0.03712919663839909,0.2742578614705813,0.2760785396323079,0.449663598897111,1.0303014481302732,1.395721560042682,2704,509.2225494731048,1.1754479620837515,-0.02713503300754928
2022-08-31,Liverpool,Newcastle,2,1,H,1.29,6.22,10.29,2022/23,16,21,0.7503226782115714,0.1556135458027214,0.09406377598570721,True,0.03314723246446771,0.7669477005987254,0.15064744367436755,0.08240485572690735,2.5638405091835104,0.7326326265718092,2704,509.2225494731048,1.1754479620837515,-0.02713503300754928
2022-08-31,Man City,Nott'm Forest,6,0,H,1.09,11.93,27.15,2022/23,18,23,0.8837719411934678,0.0807469753479363,0.03548108345859595,True,0.03808590191450101,0.8209688795371204,0.13155573638551007,0.04747538407736934,2.535237072756019,0.46687881629348893,2704,509.2225494731048,1.1754479620837515,-0.02713503300754928
2022-08-31,West Ham,Tottenham,1,1,D,3.31,3.56,2.2,2022/23,32,29,0.29117839509844745,0.27073047409434303,0.43809113080720957,True,0.03755913457532656,0.2779552135651219,0.24791263310007708,0.4741321533348012,1.2222846771008111,1.6641318977058888,2704,509.2225494731048,1.1754479620837515,-0.02713503300754928
2022-09-01,Leicester,Man United,0,1,A,3.24,3.75,2.16,2022/23,15,19,0.29726516052318674,0.25683709869203336,0.44589774078478006,True,0.03827160493827142,0.4129711676849002,0.2373724492992694,0.34965638301583046,1.7153548178005171,1.5653566210850653,2709,513.1951321339701,1.1814538733194235,-0.034766919295341175
2022-09-03,Nott'm Forest,Bournemouth,2,3,A,2.2,3.35,3.53,2022/23,23,2,0.4386069024349535,0.2880403538378799,0.2733527437271665,True,0.03633903621219181,0.3483337280687777,0.284780262032617,0.3668860098986051,1.1747458121812744,1.2129076732645359,2710,512.1424596872235,1.1798242651883055,-0.028183253264243324
2022-09-03,Wolves,Southampton,1,0,H,2.16,3.46,3.49,2022/23,33,25,0.4457939853954236,0.27829913539136275,0.2759068792132135,True,0.03851325529282379,0.4454178232973356,0.2869953875120263,0.26758678919063833,1.3168700891461929,0.9565345157328625,2710,512.1424596872235,1.1798242651883055,-0.028183253264243324
2022-09-03,Tottenham,Fulham,2,1,H,1.52,4.57,6.2,2022/23,29,10,0.6338078578394968,0.2108069899159814,0.15538515224452176,True,0.03800344016673307,0.6804206590888869,0.19974991370233672,0.11982942720877661,2.068128899889315,0.7396349119933898,2710,512.1424596872235,1.1798242651883055,-0.028183253264243324
2022-09-03,Newcastle,Crystal Palace,0,0,D,2.09,3.42,3.75,2022/23,21,8,0.4611600737856118,0.28182004509120717,0.25701988112318097,True,0.03753322700691131,0.3889845970334106,0.2761812391666913,0.33483416379989794,1.3111455825387113,1.1973041983111166,2710,512.1424596872235,1.1798242651883055,-0.028183253264243324
2022-09-03,Brentford,Leeds,5,2,H,2.15,3.57,3.42,2022/23,3,14,0.4482504157809522,0.2699547321930104,0.2817948520260372,True,0.03762598470640821,0.5087276194092488,0.23033694324622295,0.2609354373445286,1.885700797038127,1.2994464532749397,2710,512.1424596872235,1.1798242651883055,-0.028183253264243324
2022-09-03,Chelsea,West Ham,2,1,H,1.67,4.02,5.33,2022/23,7,32,0.5784547435146365,0.24030333872374204,0.18124191776162155,True,0.03517587490304597,0.554656966453053,0.23686992525549588,0.20847310829145094,1.8004670881616895,1.015929562238045,2710,512.1424596872235,1.1798242651883055,-0.028183253264243324
2022-09-03,Aston Villa,Man City,1,1,D,9.02,5.8,1.33,2022/23,1,18,0.10709932163950543,0.1665579105497136,0.7263427678107811,True,0.03515823736265489,0.11276120558953567,0.17209932603536507,0.7151394683750988,0.8622191690947303,2.4188206992173904,2710,512.1424596872235,1.1798242651883055,-0.028183253264243324
2022-09-03,Everton,Liverpool,0,0,D,7.63,5.19,1.4,2022/23,9,16,0.12626047609200713,0.18561992920655385,0.6881195947014389,True,0.03802554059752983,0.12278909354784369,0.19255619309897426,0.6846547133531824,0.8015176661581145,2.168937101263694,2710,512.1424596872235,1.1798242651883055,-0.028183253264243324
2022-09-04,Brighton,Leicester,5,2,H,1.91,3.58,4.26,2022/23,4,15,0.5045723436073211,0.2691992112541852,0.22622844513849372,True,0.03763160240018992,0.36506164744053726,0.2799481288385008,0.3549902237209618,1.263872912034577,1.2427178997880228,2718,519.1032143595919,1.187765140367877,-0.04035548971986139
2022-09-04,Man United,Arsenal,3,1,H,2.66,3.49,2.67,2022/23,19,0,0.3625247530530386,0.2763082645046082,0.3611669824423531,True,0.03700463611945093,0.38240305296345084,0.2558200930123836,0.3617768540241655,1.4847975021001882,1.4384369326045838,2718,519.1032143595919,1.187765140367877,-0.04035548971986139
2022-09-16,Aston Villa,Southampton,1,0,H,2.08,3.55,3.63,2022/23,1,25,0.46319493618107255,0.27139308936806505,0.2654119744508625,True,0.03794146527821285,0.5066747910920945,0.2492668298121829,0.24405837909572273,1.701530722119126,1.1129715354657634,2720,508.74562148818205,1.195013074460617,-0.041155170370013275
2022-09-16,Nott'm Forest,Fulham,2,3,A,2.8,3.39,2.58,2022/23,23,10,0.34349741970450315,0.2837146829417725,0.3727878973537243,True,0.0397250071051265,0.26323221002402586,0.28737631087677407,0.44939147909920024,0.9629031817822746,1.3426003729815594,2720,508.74562148818205,1.195013074460617,-0.041155170370013275
2022-09-17,Newcastle,Bournemouth,1,1,D,1.42,4.82,7.89,2022/23,21,2,0.6781589928314135,0.1997895788009558,0.1220514283676308,True,0.03843694407476894,0.5644908051846561,0.2282039067689638,0.20730528804638046,1.921835514209384,1.0864387500572648,2722,509.72515105579487,1.1945345526015163,-0.03712699988931111
2022-09-17,Tottenham,Leicester,6,2,H,1.52,4.57,6.26,2022/23,29,15,0.6347532050286444,0.21112141611456006,0.15412537885679542,True,0.03645752653177481,0.6039534335338558,0.20595885447926468,0.1900877119868796,2.1951363347634185,1.1662026663082927,2722,509.72515105579487,1.1945345526015163,-0.03712699988931111
2022-09-17,Wolves,Man City,0,3,A,9.09,5.53,1.34,2022/23,33,18,0.10607442186705986,0.17436102979594467,0.7195645483369955,True,0.0371114842179745,0.11810551730411428,0.2152420314770788,0.6666524512188071,0.6667827346914088,1.9127328079445602,2722,509.72515105579487,1.1945345526015163,-0.03712699988931111
2022-09-18,Brentford,Arsenal,0,3,A,4.48,3.89,1.8,2022/23,3,0,0.21549124124432187,0.24817500276981028,0.5363337559858679,True,0.03583925001020116,0.3350875885792238,0.24894859135409947,0.4159638200666769,1.4267790291935072,1.6119677823391392,2725,511.7007255206936,1.194555084563014,-0.04004277959935858
2022-09-18,Everton,West Ham,1,0,H,2.92,3.3,2.54,2022/23,9,32,0.3295484926164153,0.2916004843757372,0.3788510230078475,True,0.039196843856535324,0.322523978990878,0.27826686826995695,0.3992091527391646,1.176474657807075,1.3379494282323299,2725,511.7007255206936,1.194555084563014,-0.04004277959935858
2022-10-01,West Ham,Wolves,2,0,H,2.05,3.37,3.95,2022/23,32,33,0.47008033901297785,0.28595391542332477,0.24396574556369732,True,0.03770534005531623,0.45896640616058276,0.2963252783021021,0.2447083155373149,1.2835365523374762,0.8590146149219966,2727,500.5166424322845,1.1921616756582152,-0.035653264019107914
2022-10-01,Southampton,Everton,1,2,A,2.33,3.3,3.24,2022/23,25,9,0.41233773746442376,0.2911354328157901,0.29652682971978617,True,0.040856827695168185,0.38236158085389993,0.27660799756335674,0.34103042158274316,1.3111681866341989,1.223898306144813,2727,500.5166424322845,1.1921616756582152,-0.035653264019107914
2022-10-01,Liverpool,Brighton,3,3,D,1.47,4.77,6.72,2022/23,16,4,0.6549105418972841,0.20182777706268507,0.1432616810400309,True,0.03872523852308207,0.6851485646413866,0.2032641429666743,0.11158729239193917,2.0176873761362017,0.6786172460106462,2727,500.5166424322845,1.1921616756582152,-0.035653264019107914
2022-10-01,Bournemouth,Brentford,0,0,D,3.18,3.49,2.27,2022/23,2,3,0.3019272764690862,0.27510852125263435,0.4229642022782793,True,0.041526994455663324,0.27186344121654327,0.23114280368004825,0.4969937551034084,1.3546947312790467,1.8906594200631106,2727,500.5166424322845,1.1921616756582152,-0.035653264019107914
2022-10-01,Crystal Palace,Chelsea,1,2,A,4.82,3.74,1.77,2022/23,8,7,0.19952378081861472,0.257140273675327,0.5433359455060582,True,0.03982031022486421,0.2511836254329674,0.26776946931597456,0.48104690525105787,1.0163730153922064,1.5055043621523685,2727,500.5166424322845,1.1921616756582152,-0.035653264019107914
2022-10-01,Arsenal,Tottenham,3,1,H,1.99,3.71,3.75,2022/23,0,29,0.4837801091178424,0.2594939129769559,0.25672597790520174,True,0.03872100845647819,0.3691693113242634,0.25384605795968784,0.37698463071604876,1.4622751078637115,1.4798906074758449,2727,500.5166424322845,1.1921616756582152,-0.035653264019107914
2022-10-01,Fulham,Newcastle,1,4,A,2.91,3.42,2.48,2022/23,10,21,0.33065893195480806,0.28135014385628404,0.38799092418890785,True,0.03926607895417522,0.38223021230991244,0.28453072729463075,0.3332390603954568,1.25747466952268,1.1561903908490767,2727,500.5166424322845,1.1921616756582152,-0.035653264019107914
2022-10-02,Leeds,Aston Villa,0,0,D,2.41,3.42,3.02,2022/23,14,1,0.39956980594843855,0.28156819658939675,0.3188619974621646,True,0.03846124796938266,0.36670391296353577,0.25408295331040803,0.3792131337260559,1.471170566789739,1.4994881360738086,2734,506.5026235043542,1.1884010392511455,-0.04307034141392191
2022-10-02,Man City,Man United,6,3,H,1.44,5.31,6.61,2022/23,18,19,0.6715744519639752,0.18212188527836617,0.14630366275765871,True,0.03405429199039278,0.7303354770472167,0.16346559588699702,0.1061989270657864,2.5671927283019778,0.8984676690600039,2734,506.5026235043542,1.1884010392511455,-0.04307034141392191
2022-10-03,Leicester,Nott'm Forest,4,0,H,1.72,4.07,4.74,2022/23,15,23,0.5600754826535057,0.23669037596167805,0.20323414138481638,True,0.03806605867247592,0.7336400784490076,0.1564994437123037,0.10986047783868866,2.7412299896959267,1.008905727899953,2736,507.4866345849279,1.1901469097996054,-0.04978174778914784
2022-10-08,Newcastle,Brentford,5,1,H,1.68,4.0,5.11,2022/23,21,3,0.5718314272285759,0.2401691994360019,0.18799937333542222,True,0.04093281148075656,0.3918966895568818,0.2672832916349298,0.34082001880818813,1.4274071915428297,1.315748348560595,2737,503.4271080344818,1.1937642888518158,-0.04931359149538491
2022-10-08,Bournemouth,Leicester,2,1,H,3.29,3.53,2.21,2022/23,2,15,0.2923379012886955,0.2724622366118437,0.43519986209946077,True,0.03972617454413041,0.23887201987472303,0.22097462407597718,0.5401533560492998,1.3268040458472332,2.0651427499704837,2737,503.4271080344818,1.1937642888518158,-0.04931359149538491
2022-10-08,Brighton,Tottenham,0,1,A,2.58,3.32,2.86,2022/23,4,29,0.37324486234060283,0.2900517303731191,0.3367034072862781,True,0.03845206815226421,0.2694429579202509,0.2735722277241318,0.4569848143556173,1.0691495644514375,1.4678676875323933,2737,503.4271080344818,1.1937642888518158,-0.04931359149538491
2022-10-08,Chelsea,Wolves,3,0,H,1.51,4.32,6.88,2022/23,7,33,0.6373430316338434,0.22277499485349617,0.1398819735126604,True,0.039081974319922885,0.5900390716980325,0.2598583915836217,0.15010253671834586,1.5900246408214291,0.6710324201611162,2737,503.4271080344818,1.1937642888518158,-0.04931359149538491
2022-10-08,Man City,Southampton,4,0,H,1.12,10.26,20.84,2022/23,18,25,0.8599157692889294,0.09386994752471746,0.04621428318635322,True,0.038307674710341466,0.8737146589762275,0.08770797717684116,0.038577363846931424,3.4412797309897414,0.6910755646802433,2737,503.4271080344818,1.1937642888518158,-0.04931359149538491
2022-10-09,West Ham,Fulham,3,1,H,1.64,4.03,5.54,2022/23,32,10,0.5872070697772283,0.23896267851976535,0.17383025170300623,True,0.038400470539807774,0.5636746918913133,0.24295382440428115,0.19337148370440568,1.7718044542295721,0.943200692849551,2742,507.4112699950649,1.2069837494679518,-0.04674258025759255
2022-10-09,Everton,Man United,1,2,A,3.59,3.59,2.08,2022/23,9,19,0.26838709677419353,0.26838709677419353,0.4632258064516128,True,0.03787229483608323,0.29527175713196535,0.2657963325554799,0.43893191031255513,1.1936814814080994,1.5066825467611455,2742,507.4112699950649,1.2069837494679518,-0.04674258025759255
2022-10-09,Crystal Palace,Leeds,2,1,H,2.07,3.58,3.61,2022/23,8,14,0.4647661928068731,0.2687335248911249,0.266500282302002,True,0.039429706627468475,0.4866391771183657,0.25271580387000686,0.2606450190116277,1.6709772116510069,1.1646805428865048,2742,507.4112699950649,1.2069837494679518,-0.04674258025759255
2022-10-09,Arsenal,Liverpool,3,2,H,2.53,3.75,2.67,2022/23,0,16,0.38135447970108666,0.2572871556383331,0.3613583646605802,True,0.036455418868706735,0.27715256379349934,0.24908251332375417,0.4737649228827463,1.2516037045872708,1.6988170882879934,2742,507.4112699950649,1.2069837494679518,-0.04674258025759255
2022-10-10,Nott'm Forest,Aston Villa,1,1,D,3.77,3.6,2.02,2022/23,23,1,0.2555219013752925,0.26758821338468136,0.4768898852400261,True,0.038079272118193286,0.18216997034326182,0.23814288890555305,0.5796871407511849,0.9161998429969527,1.8117081145689105,2746,510.38946959607387,1.2104508174040924,-0.04637319427672244
2022-10-14,Brentford,Brighton,2,0,H,3.23,3.46,2.27,2022/23,3,4,0.2979352934705506,0.2781303462167279,0.4239343603127217,True,0.03914349862151001,0.3779386725844595,0.28200193906408516,0.34005938835145544,1.2947614132767378,1.2151302110387838,2747,507.314674750902,1.2120423907564193,-0.05021237203957998
2022-10-15,Fulham,Bournemouth,2,2,D,1.96,3.6,3.94,2022/23,10,2,0.48973841946799995,0.2666353617103555,0.24362621882164462,True,0.04178896600941551,0.46243751664142324,0.2602825255329222,0.27727995782565446,1.5877013402118845,1.1788271852988133,2748,507.29906135333545,1.2153455483352988,-0.04992463342488745
2022-10-15,Leicester,Crystal Palace,0,0,D,2.4,3.47,2.99,2022/23,15,8,0.40091115292917506,0.2772872527464035,0.32180159432442146,True,0.039299265242129566,0.48290771423099194,0.24644855354079298,0.2706437322282151,1.7407543429358852,1.2540453877779771,2748,507.29906135333545,1.2153455483352988,-0.04992463342488745
2022-10-15,Tottenham,Everton,2,0,H,1.47,4.68,6.9,2022/23,29,9,0.6548162207540972,0.2056794539548126,0.13950432529109028,True,0.03887485875063512,0.661489284839183,0.20755649233061138,0.13095422283020555,2.065500035532909,0.8057628002540738,2748,507.29906135333545,1.2153455483352988,-0.04992463342488745
2022-10-15,Wolves,Nott'm Forest,1,0,H,1.73,3.81,5.02,2022/23,33,23,0.5559602466128521,0.2524438915066231,0.19159586188052474,True,0.03970506093297077,0.5920215323103909,0.2572886042145071,0.15068986347510177,1.6124115499975054,0.6839822276515617,2748,507.29906135333545,1.2153455483352988,-0.04992463342488745
2022-10-16,Southampton,West Ham,1,1,D,2.97,3.36,2.47,2022/23,25,32,0.3240065119874445,0.28639861327461613,0.38959487473793936,True,0.03917768391452592,0.2902112955067577,0.26168922737910166,0.44809947711414083,1.2224287988213862,1.5719792101726668,2752,510.27748514736015,1.2162160118009646,-0.05513042841090477
2022-10-16,Man United,Newcastle,0,0,D,2.08,3.68,3.52,2022/23,19,21,0.4637946837763519,0.2621448212648946,0.27406049495875345,True,0.03659927029492249,0.5403170335955662,0.23635200945049326,0.22333095695394078,1.8790263185165084,1.1407857031442892,2752,510.27748514736015,1.2162160118009646,-0.05513042841090477
2022-10-16,Aston Villa,Chelsea,0,2,A,3.98,3.48,2.0,2022/23,1,7,0.24191530183800017,0.2766732475043795,0.48141145065762037,True,0.038612603246115595,0.24842205835286593,0.2706315410555309,0.48094640059160304,1.0256888858621178,1.522891733491819,2752,510.27748514736015,1.2162160118009646,-0.05513042841090477
2022-10-16,Leeds,Arsenal,0,1,A,5.11,4.27,1.64,2022/23,14,0,0.18823263777823768,0.2252620091444484,0.5865053530773138,True,0.03964285127436318,0.23012849416409095,0.2263588920329646,0.5435126138029447,1.2497223834214424,2.004495945323403,2752,510.27748514736015,1.2162160118009646,-0.05513042841090477
2022-10-16,Liverpool,Man City,1,0,H,3.8,4.11,1.88,2022/23,16,18,0.2534307680197318,0.23431555194038464,0.5122536800398835,True,0.038381790786953474,0.3533964343230959,0.24693391272935478,0.39966965294754914,1.5294616084810788,1.6373063288476017,2752,510.27748514736015,1.2162160118009646,-0.05513042841090477
2022-10-18,Brighton,Nott'm Forest,0,0,D,1.39,4.99,8.28,2022/23,4,23,0.6913566199539846,0.19258230495712192,0.11606107508889354,True,0.04059820889476451,0.6794089593560654,0.21305511845244557,0.10753592219148918,1.9440896039059117,0.6363584311053694,2757,513.2204919358506,1.2158755276903168,-0.055096357305951
2022-10-18,Crystal Palace,Wolves,2,1,H,2.11,3.3,3.81,2022/23,8,33,0.4559548288129508,0.29153475418040187,0.2525104170066473,True,0.03943114392045244,0.42484824876653055,0.32414019776135133,0.2510115534721181,1.1268667639246701,0.7983400234669757,2757,513.2204919358506,1.2158755276903168,-0.055096357305951
2022-10-19,Man United,Tottenham,2,0,H,2.37,3.5,3.02,2022/23,19,29,0.40618851451057547,0.27504765125430397,0.31876383423512056,True,0.03878104179889741,0.32924942643115834,0.2534848894119508,0.4172656841568906,1.4131963284273918,1.614452897953381,2759,514.1910807063455,1.2153699589092215,-0.0591039365154579
2022-10-19,Newcastle,Everton,1,0,H,1.67,3.93,5.37,2022/23,21,9,0.5760623009081455,0.24478983270142565,0.17914786639042882,True,0.039475060710597365,0.4600036777018528,0.28065827643837465,0.25933804585977277,1.4356896299387352,1.0150280562250311,2759,514.1910807063455,1.2153699589092215,-0.0591039365154579
2022-10-19,Liverpool,West Ham,1,0,H,1.43,5.02,7.22,2022/23,16,32,0.6743445288719868,0.19209415862289664,0.1335613125051165,True,0.03700804167634919,0.6919761112825665,0.18822635557173972,0.11979753314569402,2.299496345585292,0.8612478667715441,2759,514.1910807063455,1.2153699589092215,-0.0591039365154579
2022-10-19,Bournemouth,Southampton,0,1,A,2.68,3.24,2.79,2022/23,2,25,0.35871428571428565,0.2967142857142857,0.34457142857142853,True,0.040199242734951346,0.3978491559070373,0.2585689149842842,0.34358192910867863,1.533405474143451,1.4109767613116493,2759,514.1910807063455,1.2153699589092215,-0.0591039365154579
2022-10-19,Brentford,Chelsea,0,0,D,4.39,3.71,1.84,2022/23,3,7,0.21885870558400047,0.2589729696802593,0.5221683247357402,True,0.04081047264712878,0.24390513501943178,0.24692438020677537,0.5091704847737928,1.1636982739052106,1.7694840972800803,2759,514.1910807063455,1.2153699589092215,-0.0591039365154579
2022-10-20,Fulham,Aston Villa,3,0,H,2.97,3.42,2.44,2022/23,10,1,0.32408248864033556,0.28144005592450194,0.39447745543516255,True,0.03893406309282055,0.33143269301190154,0.2792586888153056,0.3893086181727929,1.2173996014969048,1.3401119553697787,2764,518.1537362351854,1.2198612029055935,-0.05297128748554334
2022-10-20,Leicester,Leeds,2,0,H,2.3,3.56,3.08,2022/23,15,14,0.4179168191242835,0.27000243932186857,0.312080741553848,True,0.04035680977547118,0.5787782332176329,0.20662031852261564,0.2146014482597516,2.266066790727783,1.3392128579387943,2764,518.1537362351854,1.2198612029055935,-0.05297128748554334
2022-10-22,Chelsea,Man United,1,1,D,2.14,3.57,3.45,2022/23,7,19,0.4505053165223689,0.2700508059825965,0.27944387749503463,True,0.03725683690786341,0.5323038684823876,0.24357309634580623,0.22412303517180582,1.793123608272385,1.0909846249654143,2766,518.077276977372,1.226985757413568,-0.05326903044354821
2022-10-22,Everton,Crystal Palace,3,0,H,2.52,3.15,3.05,2022/23,9,8,0.3807740324594257,0.30461922596754054,0.3146067415730337,True,0.042154566744730726,0.3603007256235534,0.3009693318917407,0.3387299424847061,1.1504079360757866,1.1070846920350144,2766,518.077276977372,1.226985757413568,-0.05326903044354821
2022-10-22,Man City,Brighton,3,1,H,1.23,6.72,13.0,2022/23,18,4,0.7826862911636007,0.1432595443647662,0.074054164471633,True,0.038740730813901614,0.770807595548031,0.15622514254253894,0.07296726190942977,2.4689853514244575,0.6428964764218772,2766,518.077276977372,1.226985757413568,-0.05326903044354821
2022-10-22,Nott'm Forest,Liverpool,1,0,H,8.89,5.44,1.35,2022/23,23,16,0.10846720654111607,0.17725615186590477,0.7142766415929792,True,0.03705020941009818,0.04899131241359534,0.1242548810133041,0.8267538065731004,0.5630747804603897,2.7562125123966563,2766,518.077276977372,1.226985757413568,-0.05326903044354821
2022-10-23,Tottenham,Newcastle,1,2,A,2.23,3.46,3.32,2022/23,29,21,0.4317424999812076,0.2782617846699691,0.28999571534882324,True,0.038652653591113584,0.6297836544258839,0.2142000920517088,0.15601625352240725,2.0448492229121737,0.9192401078854215,2770,521.034165882216,1.2369749235821443,-0.04777628947133311
2022-10-23,Aston Villa,Brentford,4,0,H,2.07,3.5,3.68,2022/23,1,3,0.4642679489305257,0.2745813297960537,0.26115072127342065,True,0.040545203588681744,0.4079387593122789,0.27015277415867467,0.32190846652904676,1.42913476048974,1.2430465998676987,2770,521.034165882216,1.2369749235821443,-0.04777628947133311
2022-10-23,Leeds,Fulham,2,3,A,2.09,3.74,3.43,2022/23,14,10,0.4612220684200119,0.2577417441170654,0.28103618746292264,True,0.03739376817028939,0.44347365709406406,0.24934449753869004,0.3071818453672462,1.6671273763309415,1.3550491717306348,2770,521.034165882216,1.2369749235821443,-0.04777628947133311
2022-10-23,Southampton,Arsenal,1,1,D,6.83,4.65,1.48,2022/23,25,0,0.14116952034773406,0.20735222020968247,0.6514782594425835,True,0.03714232345035717,0.2144033420250477,0.2360138060716055,0.5495828519033469,1.0870986740547541,1.861296347127347,2770,521.034165882216,1.2369749235821443,-0.04777628947133311
2022-10-23,Wolves,Leicester,0,4,A,2.36,3.35,3.15,2022/23,33,15,0.40755044897171,0.2871101670367867,0.30533938399150334,True,0.039696593706206595,0.3336625221794176,0.28509006313945884,0.3812474146811235,1.176393609425002,1.2754356774081756,2770,521.034165882216,1.2369749235821443,-0.04777628947133311
2022-10-24,West Ham,Bournemouth,2,0,H,1.61,4.02,5.89,2022/23,32,2,0.5974278945017901,0.23926838560892594,0.1633037198892839,True,0.03965351825482788,0.6330231669393286,0.21380852681753312,0.15316830624313826,2.0542242306322342,0.9121424606225298,2775,524.983148917755,1.2315523391422072,-0.05205499274607732
2022-10-29,Leicester,Man City,0,1,A,7.54,5.09,1.41,2022/23,15,18,0.12773262094901128,0.18921492376336835,0.6830524552876205,True,0.03830950707495706,0.14723575672374006,0.17525189425301416,0.6775123490232456,1.1754090349562993,2.609032471322396,2776,520.7495291408871,1.23322004813517,-0.05205914918762864
2022-10-29,Liverpool,Leeds,1,2,A,1.23,7.06,11.72,2022/23,16,14,0.7817570619013516,0.13619846829159526,0.08204446980705311,True,0.03997542165329704,0.8197787293752987,0.11967390937709518,0.06054736124760609,3.0185351000523917,0.7592213182024444,2776,520.7495291408871,1.23322004813517,-0.05205914918762864
2022-10-29,Newcastle,Aston Villa,4,0,H,1.77,3.83,4.67,2022/23,21,1,0.5431370345964757,0.2510058880511128,0.20585707735241157,True,0.04020111946918847,0.43794685230800406,0.27769288940061243,0.28436025829138356,1.421419209541303,1.0966937372390915,2776,520.7495291408871,1.23322004813517,-0.05205914918762864
2022-10-29,Fulham,Everton,0,0,D,2.29,3.44,3.22,2022/23,10,9,0.42071998845344544,0.2800723178948808,0.2992076936516739,True,0.037937903337208256,0.40707713790408945,0.27458280860176826,0.31834005349414224,1.4025010893016532,1.2123571360677405,2776,520.7495291408871,1.23322004813517,-0.05205914918762864
2022-10-29,Bournemouth,Tottenham,2,3,A,5.03,3.75,1.75,2022/23,2,29,0.19173179460959752,0.2571762471696735,0.5510919582207289,True,0.036902395152892176,0.14772194713100503,0.20449382912429287,0.6477842237447019,0.93817847566403,2.1581675674777516,2776,520.7495291408871,1.23322004813517,-0.05205914918762864
2022-10-29,Brighton,Chelsea,4,1,H,3.09,3.37,2.39,2022/23,4,7,0.3115457959903608,0.28566068534427735,0.40279351866536184,True,0.03877054235477018,0.256316136733314,0.2933306576246234,0.4503532056420626,0.9315912600656444,1.3238913388251115,2776,520.7495291408871,1.23322004813517,-0.05205914918762864
2022-10-29,Brentford,Wolves,1,1,D,2.17,3.46,3.41,2022/23,3,33,0.4417875798026698,0.27707486941381315,0.2811375507835171,True,0.04310196609282935,0.4566294751820784,0.28963081188788936,0.253739712930032,1.3544530943914657,0.9408959531814681,2776,520.7495291408871,1.23322004813517,-0.05205914918762864
2022-10-29,Crystal Palace,Southampton,1,0,H,2.09,3.42,3.76,2022/23,8,25,0.4614755216146189,0.2820128187644893,0.2565116596208919,True,0.03682400714875511,0.49563818002634086,0.26591495809592114,0.23844686187773773,1.564392292907068,1.0106011602028455,2776,520.7495291408871,1.23322004813517,-0.05205914918762864
2022-10-30,Arsenal,Nott'm Forest,5,0,H,1.22,6.73,13.37,2022/23,0,23,0.7858379889975816,0.14245502920907127,0.07170698179334702,True,0.04305485688356492,0.7623247682364883,0.1639042859306701,0.07377094583284173,2.361494973917295,0.6075871807833401,2784,527.6930868770168,1.2407971626730732,-0.05311610617258144
2022-10-30,Man United,West Ham,1,0,H,1.72,3.91,5.0,2022/23,19,32,0.5605702619626554,0.24659356792219111,0.19283617011515347,True,0.03714982454053417,0.48758489327732824,0.2530277171481408,0.25938738957453117,1.6833081039726772,1.1705095511764971,2784,527.6930868770168,1.2407971626730732,-0.05311610617258144
2022-11-05,Everton,Leicester,0,2,A,2.52,3.34,2.91,2022/23,9,15,0.38161087422554124,0.287921976960588,0.3304671488138708,True,0.03986920611403599,0.3424655857972711,0.26440805579479904,0.3931263584079294,1.3385333604615628,1.4500894197237153,2786,523.3747556416973,1.2468967895413745,-0.047980296198102984
2022-11-05,Leeds,Bournemouth,4,3,H,1.64,4.13,5.32,2022/23,14,2,0.5863846958601105,0.2328500971454192,0.18076520699447018,True,0.039856772978332566,0.5415643714964468,0.22868043257033183,0.229755195933221,1.9563204499207272,1.214376604322811,2786,523.3747556416973,1.2468967895413745,-0.047980296198102984
2022-11-05,Man City,Fulham,2,1,H,1.18,8.14,15.13,2022/23,18,10,0.8176923158638346,0.11853524971981877,0.06377243441634664,True,0.03640160324041264,0.8689665667378492,0.09152439868659573,0.03950903457555528,3.341832924796395,0.6665697778652495,2786,523.3747556416973,1.2468967895413745,-0.047980296198102984
2022-11-05,Nott'm Forest,Brentford,2,2,D,2.64,3.21,2.87,2022/23,23,3,0.3646586631517699,0.29990619025566123,0.33543514659256884,True,0.03874641428778647,0.21639860847849504,0.2575878104300109,0.5260135810914937,0.9639802027954609,1.6378091411011195,2786,523.3747556416973,1.2468967895413745,-0.047980296198102984
2022-11-05,Wolves,Brighton,2,3,A,3.6,3.3,2.18,2022/23,33,4,0.26721640294183197,0.29150880320927125,0.4412747938488968,True,0.03952367713835603,0.31104096526775704,0.3350322538671329,0.3539267808651101,0.8896572631378554,0.9691587755355484,2786,523.3747556416973,1.2468967895413745,-0.047980296198102984
2022-11-06,West Ham,Crystal Palace,1,2,A,1.88,3.54,4.41,2022/23,32,8,0.5108877064148127,0.27131889493216044,0.21779339865302674,True,0.041158138937748445,0.48164796746462535,0.27589948497612116,0.2424525475592536,1.467817169193638,0.9661969501257825,2791,527.3190621757776,1.2395296055111416,-0.04894174305746465
2022-11-06,Tottenham,Liverpool,1,2,A,3.52,3.77,2.04,2022/23,29,16,0.27328548077606424,0.2551631014142563,0.47155141780967946,True,0.039538976912202095,0.3371785912730974,0.25700593292785484,0.40581547579904786,1.3846270734406387,1.5390419752617919,2791,527.3190621757776,1.2395296055111416,-0.04894174305746465
2022-11-06,Southampton,Newcastle,1,4,A,4.38,3.73,1.84,2022/23,25,21,0.21955354800734492,0.25781354967082326,0.5226329023218318,True,0.03988527789797858,0.32006422326057604,0.2722065927257242,0.4077291840136998,1.226533515450669,1.4152170968465099,2791,527.3190621757776,1.2395296055111416,-0.04894174305746465
2022-11-06,Aston Villa,Man United,3,1,H,3.18,3.5,2.28,2022/23,1,19,0.30272681749897573,0.2750489370419265,0.42222424545909776,True,0.03877618574738739,0.3099021325919415,0.26674404810759883,0.42335381930045946,1.2352726855070497,1.4827878389265465,2791,527.3190621757776,1.2395296055111416,-0.04894174305746465
2022-11-06,Chelsea,Arsenal,0,1,A,2.74,3.39,2.64,2022/23,7,0,0.35135326125362165,0.2839846418392104,0.3646620969071679,True,0.038736633174977,0.4512049788778416,0.2596925024935281,0.2891025186286303,1.5795436497364965,1.2202581589435353,2791,527.3190621757776,1.2395296055111416,-0.04894174305746465
2022-11-12,Bournemouth,Everton,3,0,H,2.82,3.21,2.66,2022/23,2,9,0.34029172644667627,0.2989478718316595,0.3607604017216643,True,0.04207625845285312,0.3420119419087805,0.27229476576426864,0.38569329232695115,1.2704220153702168,1.3642216739676583,2796,525.9694075530771,1.2314789798032806,-0.04322942781870396
2022-11-12,Liverpool,Southampton,3,1,H,1.27,6.48,10.39,2022/23,16,25,0.7585983880944788,0.14867591865431914,0.09272569325120193,True,0.037968953217817125,0.8086172485823677,0.1292629264713203,0.062119824946312525,2.8033251142617477,0.6849335090049676,2796,525.9694075530771,1.2314789798032806,-0.04322942781870396
2022-11-12,Man City,Brentford,1,2,A,1.15,8.6,18.54,2022/23,18,3,0.8362959271983424,0.11183026933466207,0.051873803466995355,True,0.039781719736955656,0.8457191296536233,0.10339903115532895,0.050881839191047946,3.2373621020894037,0.7488149652529631,2796,525.9694075530771,1.2314789798032806,-0.04322942781870396
2022-11-12,Newcastle,Chelsea,1,0,H,2.18,3.38,3.52,2022/23,21,7,0.44163981647834416,0.2848446153617723,0.27351556815988365,True,0.038664493586864745,0.30227424530556046,0.26909719661719067,0.42862855807724926,1.1859250833276316,1.4584418848938356,2796,525.9694075530771,1.2314789798032806,-0.04322942781870396
2022-11-12,Nott'm Forest,Crystal Palace,1,0,H,3.34,3.18,2.34,2022/23,23,8,0.2875492696498957,0.3020171574310224,0.41043357291908183,True,0.04121703376024932,0.21735929229245501,0.27390593937076385,0.5087347683367813,0.8776029640009091,1.4840399374857085,2796,525.9694075530771,1.2314789798032806,-0.04322942781870396
2022-11-12,Tottenham,Leeds,4,3,H,1.63,4.29,5.21,2022/23,29,14,0.5907326110915823,0.22445085223293218,0.18481653667548542,True,0.03853574527008119,0.7114631034251298,0.16735347126727462,0.1211834253075956,2.592077237312456,1.004813694289901,2796,525.9694075530771,1.2314789798032806,-0.04322942781870396
2022-11-12,West Ham,Leicester,0,2,A,2.08,3.51,3.65,2022/23,32,15,0.4624372389845619,0.2740368823612219,0.2635258786542161,True,0.0396421184092417,0.42727778434324526,0.25107513938149933,0.32164707627525535,1.6166996617900466,1.3762447204756088,2796,525.9694075530771,1.2314789798032806,-0.04322942781870396
2022-11-12,Wolves,Arsenal,0,2,A,6.34,4.15,1.55,2022/23,33,0,0.15110228914389073,0.23084060558367883,0.6180571052724305,True,0.04385385236887296,0.21389561504913943,0.27709528599913835,0.5090090989517221,0.8506353423687811,1.459263519556772,2796,525.9694075530771,1.2314789798032806,-0.04322942781870396
2022-11-13,Fulham,Man United,1,2,A,4.13,3.78,1.88,2022/23,10,19,0.2331327791301153,0.25471914756808894,0.5121480733017958,True,0.03859590877261265,0.2933991503709218,0.25163694884981225,0.4549639007792661,1.259278934162214,1.6219590271061939,2804,532.9025359651827,1.2286666994166868,-0.03263303234348009
2022-11-13,Brighton,Aston Villa,1,2,A,1.75,3.75,4.94,2022/23,4,1,0.5491736455940118,0.25628103461053886,0.19454531979544953,True,0.040524387892808766,0.4566695098211635,0.27987929579734466,0.2634511943814919,1.3858131554790512,0.9866376385964702,2804,532.9025359651827,1.2286666994166868,-0.03263303234348009
2022-12-26,Leicester,Newcastle,0,3,A,3.44,3.49,2.16,2022/23,15,21,0.27946497419775795,0.27546117800581293,0.4450738477964292,True,0.040193588670965674,0.4739957299992132,0.24185433198221679,0.28414993801857,1.7416634317306643,1.3038755935545756,2806,490.8234812666809,1.225274315212851,-0.032578706663786705
2022-12-26,Brentford,Tottenham,2,2,D,3.46,3.66,2.1,2022/23,3,29,0.2783209490288098,0.2631121539999131,0.4585668969712771,True,0.03843186094678552,0.26721921786181857,0.23430868003414426,0.4984721021040371,1.3012273045275136,1.844333393239182,2806,490.8234812666809,1.225274315212851,-0.032578706663786705
2022-12-26,Southampton,Brighton,1,3,A,3.6,3.48,2.11,2022/23,25,4,0.2673336537201276,0.2765520555725457,0.4561142907073266,True,0.03906774890595788,0.3071318869452944,0.2788165440087303,0.41405156904597523,1.1188198590338418,1.3421085663435042,2806,490.8234812666809,1.225274315212851,-0.032578706663786705
2022-12-26,Everton,Wolves,1,2,A,2.52,3.21,3.01,2022/23,9,33,0.3813510153336096,0.299378367177787,0.3192706174886034,True,0.04057779019743801,0.40579111745916535,0.3189800067784357,0.27522887576239885,1.0964503703183746,0.8492241665401243,2806,490.8234812666809,1.225274315212851,-0.032578706663786705
2022-12-26,Arsenal,West Ham,3,1,H,1.55,4.29,6.27,2022/23,0,32,0.6216917092517733,0.22462054763175957,0.1536877431164671,True,0.03775115659665751,0.5693873590199484,0.23544462608218691,0.19516801489786492,1.818401491217656,0.970345210237272,2806,490.8234812666809,1.225274315212851,-0.032578706663786705
2022-12-26,Aston Villa,Liverpool,1,3,A,4.79,4.05,1.72,2022/23,1,16,0.20130446216221684,0.23808601821160955,0.5606095196261737,True,0.037077196307504945,0.17977596648653318,0.226012223407952,0.5942118101055145,0.9511591609417763,1.9077549918799304,2806,490.8234812666809,1.225274315212851,-0.032578706663786705
2022-12-26,Crystal Palace,Fulham,0,3,A,2.22,3.51,3.31,2022/23,8,10,0.4341835304669544,0.274611805594484,0.2912046639385616,True,0.03746553897611293,0.462790433965329,0.2716795450522607,0.26553002098240996,1.4532336023737211,1.0369406283339233,2806,490.8234812666809,1.225274315212851,-0.032578706663786705
2022-12-27,Chelsea,Bournemouth,2,0,H,1.35,5.32,8.99,2022/23,7,2,0.7122881273894077,0.1807498067623497,0.10696206584824254,True,0.03994537078080196,0.7183279199437849,0.17122000168124057,0.11045207837497444,2.4330220760547077,0.8571188162792025,2813,496.8288292876772,1.2082675651062529,-0.03265633903671583
2022-12-27,Man United,Nott'm Forest,3,0,H,1.34,5.49,8.91,2022/23,19,23,0.717116808064282,0.17503397501022547,0.10784921692549247,True,0.040651464760428135,0.7286792826858751,0.17455130249943088,0.09676941481469384,2.305153755254627,0.7180431884263704,2813,496.8288292876772,1.2082675651062529,-0.03265633903671583
2022-12-28,Leeds,Man City,1,3,A,10.09,6.29,1.28,2022/23,14,18,0.09535664584135256,0.15296479436236046,0.751678559796287,True,0.03934053967393614,0.0913850172259126,0.13635483583077837,0.772260146943309,0.9720551335182652,2.952713372111726,2815,497.83216862198776,1.2117516455253436,-0.03212629347795803
2022-12-30,Liverpool,Leicester,2,1,H,1.25,6.45,11.81,2022/23,16,15,0.7694432800165658,0.1491169147318926,0.08143980525154168,True,0.039712764770362785,0.6946073013871522,0.17492950106020014,0.13046319755264793,2.4768331325912274,0.9974857180522877,2816,496.84082528928894,1.2117078696436443,-0.03210989606231823
2022-12-30,West Ham,Brentford,0,2,A,2.06,3.6,3.58,2022/23,32,3,0.46562712256311695,0.2664421868000058,0.2679306906368773,True,0.042544279920208705,0.4682647862751708,0.2524552298353711,0.279279983889458,1.625724245236106,1.2040612154458437,2816,496.84082528928894,1.2117078696436443,-0.03210989606231823
2022-12-31,Bournemouth,Crystal Palace,0,2,A,2.93,3.16,2.61,2022/23,2,8,0.32788814369257807,0.30402286741115625,0.36808898889626585,True,0.04089438698228376,0.3401943231125034,0.26718470515667475,0.39262097173082205,1.2792711082576094,1.3925628855106538,2818,497.8441406555723,1.2071253536696918,-0.03213830771527373
2022-12-31,Brighton,Arsenal,2,4,A,4.29,3.67,1.88,2022/23,4,0,0.2246760732160825,0.2626322490727504,0.512691677711167,True,0.03749469074995204,0.28840889326310276,0.2712927412580809,0.4402983654788163,1.1096525222942206,1.432065520729859,2818,497.8441406555723,1.2071253536696918,-0.03213830771527373
2022-12-31,Fulham,Southampton,2,1,H,1.83,3.8,4.36,2022/23,10,25,0.525954896383584,0.2532888053636733,0.22075629825274282,True,0.03896378033367354,0.5115804929197176,0.24473347876347565,0.24368602831680658,1.728714820941885,1.1243095327683028,2818,497.8441406555723,1.2071253536696918,-0.03213830771527373
2022-12-31,Man City,Everton,1,1,D,1.15,8.52,18.7,2022/23,18,9,0.8357892638503464,0.11281193115350918,0.05139880499614429,True,0.040412045238960914,0.8262313772728167,0.12060982534183132,0.053158797385352126,2.824664907300229,0.6124901860416565,2818,497.8441406555723,1.2071253536696918,-0.03213830771527373
2022-12-31,Newcastle,Leeds,0,0,D,1.46,4.74,6.98,2022/23,21,14,0.6591149962945551,0.20301854316245788,0.13786646054298715,True,0.03916844662903518,0.5640894668644156,0.22065042081938396,0.2152601123162001,2.010323872557383,1.1741040065226018,2818,497.8441406555723,1.2071253536696918,-0.03213830771527373
2022-12-31,Wolves,Man United,0,1,A,4.07,3.63,1.93,2022/23,33,19,0.23640547863850633,0.26506068817044653,0.49853383319104716,True,0.03931705439006428,0.2589389382525576,0.28098381666650174,0.46007724508094017,0.9662337660640318,1.3800421830240668,2818,497.8441406555723,1.2071253536696918,-0.03213830771527373
2023-01-01,Tottenham,Aston Villa,0,2,A,1.66,4.16,5.09,2022/23,29,1,0.5796536488417549,0.23130410025896947,0.18904225089927568,True,0.039257908162800836,0.6186424442492328,0.2116218777957486,0.16973567795501843,2.084235055048457,1.0034114828757095,2824,502.837459391086,1.19656932808271,-0.03940636040724159
2023-01-01,Nott'm Forest,Chelsea,1,1,D,5.77,4.08,1.61,2022/23,23,7,0.1667203890345456,0.23577858939444316,0.5975010215710113,True,0.03952627694133937,0.11172298455080969,0.20709196036995517,0.6811850550792349,0.6670754822130839,1.9848270557403787,2824,502.837459391086,1.19656932808271,-0.03940636040724159
2023-01-02,Brentford,Liverpool,3,1,H,6.1,4.55,1.53,2022/23,3,16,0.15803811621017266,0.21187527667737432,0.630086607112453,True,0.03730941725155801,0.18090078583238697,0.21498210478933621,0.6041171093782769,1.0530319911016397,2.0722716073626812,2826,503.8287934744424,1.1937632363001072,-0.04355802113074309
2023-01-03,Arsenal,Newcastle,0,0,D,1.77,3.88,4.73,2022/23,0,21,0.5463308337376943,0.2492282411638451,0.20444092509846062,True,0.03412020066157395,0.5560919193672339,0.23791303546890202,0.20599504516386405,1.8254472103722295,1.027007238902021,2827,503.8201448723118,1.1988976498216457,-0.043603598009456845
2023-01-03,Everton,Brighton,1,4,A,3.19,3.34,2.36,2022/23,9,4,0.3024085569375494,0.2888273343205936,0.4087641087418571,True,0.036609634988563844,0.32704630765349185,0.2985852404260618,0.3743684519204465,1.0777595255760322,1.1727082455668556,2827,503.8201448723118,1.1988976498216457,-0.043603598009456845
2023-01-03,Leicester,Fulham,0,1,A,2.37,3.59,2.97,2022/23,15,10,0.40681050764035936,0.2685629256567275,0.324626566702913,True,0.03719279700380507,0.5285435950774512,0.22971312784749034,0.24174327707505874,1.934766687941258,1.2529087907885854,2827,503.8201448723118,1.1988976498216457,-0.043603598009456845
2023-01-03,Man United,Bournemouth,3,0,H,1.27,6.14,11.57,2022/23,19,2,0.759528073429807,0.15710108359215882,0.08337084297803414,True,0.03669844782362541,0.6935398680513389,0.179700648880266,0.1267594830683949,2.4145398140686836,0.9496472551733061,2827,503.8201448723118,1.1988976498216457,-0.043603598009456845
2023-01-04,Aston Villa,Wolves,1,1,D,1.96,3.49,4.17,2022/23,1,33,0.49221595770946563,0.2764307384270924,0.23135330386344188,True,0.036545186399269625,0.46688985252573717,0.2951082895537497,0.2380018579205132,1.3089709304061008,0.8531578146281059,2831,506.8055195461019,1.1927838999450262,-0.04222858587365264
2023-01-04,Crystal Palace,Tottenham,0,4,A,3.33,3.42,2.24,2022/23,8,29,0.2889930060433218,0.2813879269369186,0.4296190670197596,True,0.039126532547585136,0.2558059744513838,0.2576732046243445,0.4865208209242713,1.1051721424688317,1.612596949585038,2831,506.8055195461019,1.1927838999450262,-0.04222858587365264
2023-01-04,Leeds,West Ham,2,2,D,2.87,3.39,2.53,2022/23,14,32,0.335458460286853,0.2840017053165983,0.38053983439654876,True,0.03867422348263938,0.3538218946482532,0.2544126680792508,0.3917654372724959,1.4350463447866946,1.5207706167631432,2831,506.8055195461019,1.1927838999450262,-0.04222858587365264
2023-01-04,Southampton,Nott'm Forest,0,1,A,2.36,3.29,3.17,2022/23,25,23,0.40620606117258495,0.29138185543079037,0.30241208339662473,True,0.043137594589688355,0.5235208112172057,0.26025584617612196,0.21622334260667245,1.600389574759112,0.9389361120107769,2831,506.8055195461019,1.1927838999450262,-0.04222858587365264
2023-01-05,Chelsea,Man City,0,1,A,5.23,4.12,1.66,2022/23,7,18,0.1845011681045413,0.2342090070841629,0.5812898248112959,True,0.03633267406629237,0.24141981777491495,0.24569835054471664,0.5128818316803686,1.1262805759149745,1.7402843360484925,2835,509.7849294373151,1.1834466430824706,-0.04109703393099102
2023-01-12,Fulham,Chelsea,2,1,H,4.0,3.41,2.02,2022/23,10,7,0.24077711984675723,0.28243650421907,0.4767863759341727,True,0.03830463691530439,0.2567177066961154,0.2660993469230691,0.4771829463808155,1.0482040914278856,1.520752019479374,2836,503.6837645646157,1.1829051956682206,-0.03744886479296594
2023-01-13,Aston Villa,Leeds,2,1,H,2.03,3.6,3.75,2022/23,1,14,0.4750092362907057,0.26785243046392565,0.2571383332453686,True,0.03705528188286822,0.49215235132316015,0.24030652458060062,0.2675411240962392,1.783890342713854,1.2641757948949952,2837,503.67540573044016,1.1852537953715208,-0.03768152263277962
2023-01-14,Man United,Man City,2,1,H,3.98,3.92,1.89,2022/23,19,18,0.24265211609885828,0.24636617910037142,0.5109817048007704,True,0.035458851323890705,0.1982833952924784,0.2184113167202546,0.583305287987267,1.1132214507753366,2.0372418166076276,2838,503.66706359722656,1.186043464620906,-0.037708648534065616
2023-01-14,Wolves,West Ham,1,0,H,2.51,3.18,3.05,2022/23,33,32,0.3828104340412768,0.30215540548541026,0.31503416047331306,True,0.04074063576603981,0.312929788875391,0.3075410424027434,0.37952916872186565,0.9925131675326484,1.1227556829782903,2838,503.66706359722656,1.186043464620906,-0.037708648534065616
2023-01-14,Nott'm Forest,Leicester,2,0,H,2.72,3.15,2.8,2022/23,23,15,0.35274356103023513,0.30459126539753634,0.3426651735722284,True,0.04225023342670409,0.19599331069967227,0.23939596890312476,0.5646107203972034,0.9599072487653648,1.7891386774748086,2838,503.66706359722656,1.186043464620906,-0.037708648534065616
2023-01-14,Everton,Southampton,1,2,A,2.38,3.23,3.24,2022/23,9,25,0.4046273169449191,0.2981464440646773,0.2972262389904035,True,0.038407565755347095,0.45483440164999517,0.27362090531007643,0.2715446930399285,1.441242393796523,1.0544636425154508,2838,503.66706359722656,1.186043464620906,-0.037708648534065616
2023-01-14,Brentford,Bournemouth,2,0,H,1.63,4.01,5.74,2022/23,3,2,0.5915563905330007,0.24045808393236687,0.16798552553463258,True,0.03708951899339308,0.6293174474399674,0.20133310601345514,0.16934944654657733,2.219594498254255,1.07546889522085,2838,503.66706359722656,1.186043464620906,-0.037708648534065616
2023-01-14,Brighton,Liverpool,3,0,H,2.92,3.73,2.34,2022/23,4,16,0.3299562235848272,0.25830353159991837,0.41174024481525445,True,0.037912695520393225,0.2136191989936674,0.2414390661327237,0.5449417348736085,1.028390778315518,1.7762009872526632,2838,503.66706359722656,1.186043464620906,-0.037708648534065616
2023-01-15,Chelsea,Crystal Palace,1,0,H,1.88,3.44,4.63,2022/23,7,8,0.5121483787155774,0.2798950441817691,0.20795657710265347,True,0.038595289417915346,0.5938125992283402,0.2416896843112395,0.16449771646042036,1.7312572888468556,0.7918732171648247,2844,508.64874812494287,1.2013718223220522,-0.03443539316042471
2023-01-15,Newcastle,Fulham,1,0,H,1.49,4.6,6.78,2022/23,21,10,0.6478038891496795,0.20983212931152662,0.14236398153879387,True,0.036024869313873165,0.47540391180478625,0.26391518778885537,0.26068090040635844,1.531612533926656,1.0691142497291661,2844,508.64874812494287,1.2013718223220522,-0.03443539316042471
2023-01-15,Tottenham,Arsenal,0,2,A,3.38,3.49,2.2,2022/23,29,0,0.2853193212982438,0.27632644870718165,0.4383542299945745,True,0.03693639400053339,0.4271206526411925,0.24586253761758958,0.3270168097412182,1.6477261262584437,1.4174538098537464,2844,508.64874812494287,1.2013718223220522,-0.03443539316042471
2023-01-18,Crystal Palace,Man United,1,1,D,5.28,3.95,1.68,2022/23,8,19,0.18249620487096563,0.24394429410599958,0.5735595010230348,True,0.0377965915940599,0.27376189187579175,0.2655105230153756,0.46072758510883277,1.0893733434981376,1.4897195344890601,2847,508.5880469219004,1.1994182520395225,-0.027092608575164094
2023-01-19,Man City,Tottenham,4,2,H,1.5,4.74,6.35,2022/23,18,29,0.6440493002952883,0.2038130697136988,0.152137629991013,True,0.03511744576231757,0.6543460110599374,0.18897946427267157,0.15667452466739104,2.349766844731077,1.0773742889858755,2848,508.5698893250393,1.2002059880679805,-0.03054159868039933
2023-01-21,Bournemouth,Nott'm Forest,1,1,D,2.86,3.18,2.66,2022/23,2,23,0.3361842837384545,0.3023544187081697,0.3614612975533758,True,0.040055608079441196,0.4214112909156541,0.27635054135070175,0.3022381677336441,1.3649011712631771,1.115057490470049,2849,507.5356808968727,1.2009103692511502,-0.029891108082383377
2023-01-21,Crystal Palace,Newcastle,0,0,D,4.55,3.61,1.84,2022/23,8,21,0.21127293661875518,0.26628583424247537,0.5224412291387696,True,0.04026679089909235,0.32096602727527973,0.2921054913370631,0.3869284813876574,1.074517341754729,1.2077086826338281,2849,507.5356808968727,1.2009103692511502,-0.029891108082383377
2023-01-21,Leicester,Brighton,2,2,D,4.14,3.88,1.85,2022/23,15,4,0.23229623109235542,0.24786247338204934,0.5198412955255952,True,0.03981839302323387,0.4168060447976822,0.2537853875550583,0.32940856764725945,1.5433762479413642,1.347622254149605,2849,507.5356808968727,1.2009103692511502,-0.029891108082383377
2023-01-21,Liverpool,Chelsea,0,0,D,2.05,3.59,3.71,2022/23,16,7,0.4709004062381779,0.2688985606652548,0.2602010330965673,True,0.03589818905794795,0.523802547497391,0.24669090541763533,0.22950654708497387,1.7042454474880728,1.0487453773202988,2849,507.5356808968727,1.2009103692511502,-0.029891108082383377
2023-01-21,Southampton,Aston Villa,0,1,A,2.69,3.21,2.82,2022/23,25,1,0.3581781275595599,0.3001555025343352,0.341666369906105,True,0.03788362072470375,0.31475967438764535,0.26452802437044814,0.4207123012419066,1.2258581980708028,1.4555602535305716,2849,507.5356808968727,1.2009103692511502,-0.029891108082383377
2023-01-21,West Ham,Everton,2,0,H,1.84,3.57,4.62,2022/23,32,9,0.5225548902195608,0.26932801064537587,0.20811709913506318,True,0.04004052213770892,0.5000665043492636,0.267624682428817,0.23230881322191987,1.5047609750406863,0.9404883293529287,2849,507.5356808968727,1.2009103692511502,-0.029891108082383377
2023-01-22,Man City,Wolves,3,0,H,1.25,6.36,11.77,2022/23,18,33,0.7676110570479606,0.15086695303615577,0.08152198991588366,True,0.04219447160727352,0.7932864356698183,0.14548715993586891,0.061226404394312796,2.49315393747793,0.5627405480471488,2855,512.5096359220687,1.2013635410843557,-0.03957745360959631
2023-01-22,Arsenal,Man United,3,2,H,1.87,3.79,4.19,2022/23,0,19,0.5155424686796937,0.25437055842507317,0.23008697289523322,True,0.03727508551970682,0.5062024853714646,0.24335191311696883,0.25044560151156686,1.760395774217755,1.1765941576503984,2855,512.5096359220687,1.2013635410843557,-0.03957745360959631
2023-01-22,Leeds,Brentford,0,0,D,2.38,3.55,2.96,2022/23,14,3,0.404125868209124,0.27093508910921554,0.32493904268166046,True,0.03969604590979903,0.3481225534227098,0.237739162480106,0.4141382840971841,1.5684449877377578,1.7251311917294354,2855,512.5096359220687,1.2013635410843557,-0.03957745360959631
2023-01-23,Fulham,Tottenham,0,1,A,3.28,3.79,2.12,2022/23,10,29,0.2930312623087135,0.25359961487403176,0.45336912281725483,True,0.04042840473209819,0.27420781563228847,0.24628709054064837,0.479505093827063,1.2612677699079324,1.7315795405310412,2858,514.4796469824937,1.2042986595153626,-0.04637709883586302
2023-02-03,Chelsea,Fulham,0,0,D,1.6,4.12,5.86,2022/23,7,10,0.6019066993757355,0.23375017451484872,0.16434312610941582,True,0.03836691076576426,0.5779288781801626,0.24679522642777044,0.17527589539206703,1.709716838843686,0.8303476241734926,2859,504.26293102826946,1.203676630429281,-0.041916119495322396
2023-02-04,Aston Villa,Leicester,2,4,A,2.11,3.5,3.59,2022/23,1,15,0.4564957547529691,0.2752017264367899,0.26830251881024086,True,0.03819946703681154,0.39923483913855723,0.25584132189199504,0.34492383896944795,1.531999131755879,1.409524661508306,2860,504.2534150187278,1.20256275398343,-0.04649112042355762
2023-02-04,Brentford,Southampton,3,0,H,1.76,3.72,5.03,2022/23,3,25,0.5485406723812428,0.25952461919112557,0.19193470842763163,True,0.035806179540547545,0.5825822098159535,0.22780428105541947,0.18961350912862684,1.9338812899774398,1.0172624471520983,2860,504.2534150187278,1.20256275398343,-0.04649112042355762
2023-02-04,Brighton,Bournemouth,1,0,H,1.38,5.17,8.17,2022/23,4,2,0.6964587513871004,0.18590194911299776,0.11763929949990189,True,0.040460299646170705,0.6518464542188851,0.20563453772211374,0.1425190080590008,2.1140135776442293,0.8865422495890294,2860,504.2534150187278,1.20256275398343,-0.04649112042355762
2023-02-04,Everton,Arsenal,1,0,H,7.82,4.31,1.47,2022/23,9,0,0.12293903402134074,0.2230587577834999,0.6540022081951595,True,0.040167908180118506,0.1860835300449655,0.24115759462949563,0.572758875325539,0.9184571506836062,1.7842902284827413,2860,504.2534150187278,1.20256275398343,-0.04649112042355762
2023-02-04,Man United,Crystal Palace,2,1,H,1.37,5.03,8.92,2022/23,19,8,0.7012852634688516,0.1910061254378383,0.10770861109331016,True,0.04084178767530977,0.5713798488769372,0.24254804034616168,0.1860721107769016,1.7701333183653085,0.9107058611835143,2860,504.2534150187278,1.20256275398343,-0.04649112042355762
2023-02-04,Newcastle,West Ham,1,1,D,1.67,3.87,5.52,2022/23,21,32,0.5766810550781915,0.2488520315195296,0.17446691340227893,True,0.03835974831597344,0.44822491619878596,0.2796444075383575,0.27213067626285625,1.4067569893060579,1.0386210642219087,2860,504.2534150187278,1.20256275398343,-0.04649112042355762
2023-02-04,Wolves,Liverpool,3,0,H,3.97,3.76,1.92,2022/23,33,16,0.24250893552981645,0.256053317567386,0.5014377469027976,True,0.03867994890758708,0.1530871070294492,0.24557298023422075,0.6013399127363303,0.7374678890559381,1.7083847981847067,2860,504.2534150187278,1.20256275398343,-0.04649112042355762
2023-02-05,Tottenham,Man City,1,0,H,3.98,3.84,1.9,2022/23,29,18,0.2420607009674465,0.250885830690218,0.5070534683423353,True,0.03798873754738619,0.24717590765717462,0.22357911684963186,0.5292449754931932,1.3214052276287467,2.0047766233689583,2867,510.23193001418986,1.211881349422079,-0.039125772936083235
2023-02-05,Nott'm Forest,Leeds,1,0,H,2.79,3.4,2.59,2022/23,23,14,0.34508838824207133,0.28317547152805267,0.37173614022987606,True,0.03864097222731,0.32382964905219813,0.27019224051984214,0.4059781104279596,1.2305422131257746,1.4072024965738732,2867,510.23193001418986,1.211881349422079,-0.039125772936083235
2023-02-08,Man United,Leeds,2,2,D,1.52,4.53,6.31,2022/23,19,14,0.6343453666244278,0.21284877643910158,0.15280585693647072,True,0.03712389410675754,0.6466509975274131,0.19198203295679353,0.16136696951579332,2.3098768148097966,1.0794365733061762,2869,509.1677401961229,1.2175382880329473,-0.027834123789771358
2023-02-11,Leicester,Tottenham,4,1,H,3.51,3.71,2.07,2022/23,15,29,0.27459372485921163,0.25979082864038616,0.4656154465004023,True,0.03753385131563958,0.3225297114218512,0.23035781212519235,0.447112476452956,1.535980095094861,1.8355307444890712,2870,507.115898435747,1.2153572389630187,-0.027749554542302973
2023-02-11,Southampton,Wolves,1,2,A,3.13,3.16,2.47,2022/23,25,33,0.3069638299294847,0.30404961635420474,0.3889865537163106,True,0.040802813689047035,0.34300768617910277,0.2997639028198928,0.35722841100100455,1.079399807117161,1.1075794278530025,2870,507.115898435747,1.2153572389630187,-0.027749554542302973
2023-02-11,Fulham,Nott'm Forest,2,0,H,1.94,3.51,4.24,2022/23,10,23,0.49744964468837527,0.2749436782608114,0.22760667705081317,True,0.03621325902983186,0.5364523595089158,0.2716702542162419,0.19187738627484208,1.4752457216192907,0.768920714990961,2870,507.115898435747,1.2153572389630187,-0.027749554542302973
2023-02-11,West Ham,Chelsea,1,1,D,3.46,3.32,2.23,2022/23,32,7,0.2782617846699691,0.28999571534882324,0.4317424999812076,True,0.038652653591113584,0.29275436463785853,0.2820232182396454,0.42522241712249603,1.0527660893819377,1.3256919175864177,2870,507.115898435747,1.2153572389630187,-0.027749554542302973
2023-02-11,Bournemouth,Newcastle,1,1,D,5.81,4.0,1.62,2022/23,2,21,0.16559252993698284,0.24052314973346756,0.5938843203295495,True,0.03940099020420318,0.22695490161595275,0.2544784808283531,0.518566617555694,0.9875573444291198,1.621569334246994,2870,507.115898435747,1.2153572389630187,-0.027749554542302973
2023-02-11,Crystal Palace,Brighton,1,1,D,4.78,3.7,1.79,2022/23,8,4,0.20152014897216508,0.2603422465099862,0.5381376045178486,True,0.038134509067867306,0.32694294115882805,0.2896660921583152,0.38339096668285666,1.0979312897988482,1.2124834384506535,2870,507.115898435747,1.2153572389630187,-0.027749554542302973
2023-02-11,Arsenal,Brentford,1,1,D,1.54,4.27,6.59,2022/23,0,3,0.6272175500460282,0.22620960821332167,0.14657284174065,True,0.03528775510665616,0.5839650890870631,0.22089378961431486,0.195141121298622,1.9754380984493434,1.057748226078995,2870,507.115898435747,1.2153572389630187,-0.027749554542302973
2023-02-12,Leeds,Man United,0,2,A,3.73,3.79,1.97,2022/23,14,19,0.2578934824583522,0.2538107360342094,0.48829578150743835,True,0.03956297068734127,0.2726611458298482,0.2323954235069858,0.4949434306631658,1.3552181327998143,1.8837872822307178,2877,513.0886941855271,1.2218375994303776,-0.03949155438646258
2023-02-12,Man City,Aston Villa,3,1,H,1.32,5.56,9.78,2022/23,18,1,0.7286614780986685,0.172991573937094,0.09834694796423747,True,0.03968136143622747,0.7919664569726104,0.1357300564847393,0.07230348654265036,2.782241163010063,0.755272503213599,2877,513.0886941855271,1.2218375994303776,-0.03949155438646258
2023-02-13,Liverpool,Everton,2,0,H,1.6,4.2,5.75,2022/23,16,9,0.602695283254305,0.22959820314449714,0.1677065136011979,True,0.03700828157349889,0.7296079702224797,0.1749956662246351,0.09539636355288518,2.3093115311475927,0.7148273560746359,2879,514.0595462881028,1.219368940966665,-0.039346187111015896
2023-02-15,Arsenal,Man City,1,3,A,3.23,3.43,2.29,2022/23,0,18,0.2983141095999666,0.2809197008769364,0.42076618952309697,True,0.037823935431611,0.26996951359302274,0.2402472596577273,0.48978322674924973,1.2780601773001259,1.7877824852607207,2880,513.0034230908418,1.2202449732039922,-0.039504960415009255
2023-02-18,Wolves,Bournemouth,0,1,A,1.82,3.6,4.71,2022/23,33,2,0.5285503207585988,0.2672115510501805,0.20423812819122078,True,0.039542552281405685,0.5132854811612388,0.2753344325804564,0.21138008625830443,1.4664611388381885,0.8433330760316632,2881,510.92863613751206,1.2175157137493324,-0.03936699232936977
2023-02-18,Nott'm Forest,Man City,1,1,D,10.83,5.46,1.31,2022/23,23,18,0.088883421128173,0.17630173091906845,0.7348148479527585,True,0.038845065192573136,0.06510019526894353,0.1461744324786212,0.7887253722524354,0.5997644160438916,2.5188951548093512,2881,510.92863613751206,1.2175157137493324,-0.03936699232936977
2023-02-18,Newcastle,Liverpool,0,2,A,2.53,3.48,2.82,2022/23,21,16,0.3810722024183966,0.277043871298432,0.34188392628317144,True,0.03722316791314206,0.25531797926950434,0.2610966770464681,0.48358534368402756,1.0766199179453482,1.5729354730588674,2881,510.92863613751206,1.2175157137493324,-0.03936699232936977
2023-02-18,Everton,Leeds,1,0,H,2.74,3.2,2.77,2022/23,9,14,0.35144200651817076,0.30092221808118375,0.3476357754006455,True,0.038474333974544805,0.4135664823420446,0.2685431945392093,0.31789032311874615,1.4327727862293438,1.2261990024918308,2881,510.92863613751206,1.2175157137493324,-0.03936699232936977
2023-02-18,Brighton,Fulham,0,1,A,1.54,4.36,6.2,2022/23,4,10,0.6243763627628516,0.22053660519605306,0.15508703204109536,True,0.03999877009643216,0.46570968333809665,0.27581808394748575,0.25847223271441716,1.437516455084721,1.0035899709871945,2881,510.92863613751206,1.2175157137493324,-0.03936699232936977
2023-02-18,Brentford,Crystal Palace,1,1,D,1.81,3.55,4.76,2022/23,3,8,0.5290693851736586,0.2697508696237527,0.2011797452025887,True,0.04426036230381958,0.5047240866098948,0.26333122841067974,0.23194468497942547,1.5630955296196398,0.9781533904580322,2881,510.92863613751206,1.2175157137493324,-0.03936699232936977
2023-02-18,Aston Villa,Arsenal,2,4,A,4.36,3.66,1.87,2022/23,1,0,0.22110159909546115,0.2633887901792925,0.5155096107252463,True,0.03734120016975462,0.2656775959712558,0.252291966586667,0.4820304374420773,1.1714326590880415,1.6550009244754387,2881,510.92863613751206,1.2175157137493324,-0.03936699232936977
2023-02-18,Chelsea,Southampton,0,1,A,1.43,4.64,7.91,2022/23,7,25,0.6716036370356951,0.20698129331056983,0.121415069653735,True,0.04124019099606535,0.6949756542165197,0.19519402407512806,0.10983032170835234,2.1144244789056246,0.7129046801519433,2881,510.92863613751206,1.2175157137493324,-0.03936699232936977
2023-02-19,Man United,Leicester,3,0,H,1.56,4.49,5.7,2022/23,19,15,0.6168563536710581,0.21431980216633642,0.16882384416260537,True,0.03918138673735916,0.5160995833548045,0.221261004465768,0.26263941217942705,1.996638061972733,1.3803672480144937,2889,517.8918160309503,1.207540951857004,-0.02364947355810474
2023-02-19,Tottenham,West Ham,2,0,H,1.87,3.51,4.5,2022/23,29,32,0.5132629485567222,0.27344778170970674,0.21328926973357124,True,0.04188186541127692,0.5725330440650325,0.22435071491216477,0.2031162410228027,1.9302500298651337,1.0660915452438144,2889,517.8918160309503,1.207540951857004,-0.02364947355810474
2023-02-24,Fulham,Wolves,1,1,D,2.62,3.18,2.92,2022/23,10,33,0.36749038294099956,0.3027750953790625,0.32973452167993794,True,0.038610551542666016,0.45685462652751235,0.3018402992564109,0.24130507421607666,1.2306709869583465,0.8119995410184161,2891,514.7188060289955,1.2137022443764267,-0.024549201788397444
2023-02-25,Leicester,Arsenal,0,1,A,5.84,4.29,1.58,2022/23,15,0,0.16508439075476752,0.22473026620229425,0.6101853430429381,True,0.0372445022176251,0.3169148004245222,0.2310701320351275,0.45201506754034987,1.5098109458970943,1.833599632614883,2892,514.688399167268,1.2130302458214592,-0.027980356346636686
2023-02-25,West Ham,Nott'm Forest,4,0,H,1.7,3.76,5.42,2022/23,32,23,0.5663217100363482,0.2560497093249447,0.177628580638707,True,0.03869458594460795,0.5551193049796342,0.26456117161413506,0.18031952340623045,1.529781379123742,0.7524413234693362,2892,514.688399167268,1.2130302458214592,-0.027980356346636686
2023-02-25,Leeds,Southampton,1,0,H,1.95,3.66,3.95,2022/23,14,25,0.49347191644053046,0.26291536531667603,0.24361271824279346,True,0.039209113498385184,0.488971687836584,0.24205899704297892,0.26896931512043715,1.7385269384585609,1.2353141628926354,2892,514.688399167268,1.2130302458214592,-0.027980356346636686
2023-02-25,Bournemouth,Man City,1,4,A,10.02,5.21,1.34,2022/23,2,18,0.09614611278514415,0.1849105662393751,0.7189433209754807,True,0.03800763557252518,0.06512976536582588,0.12341709104681621,0.8114531435873582,0.7478888605984912,2.9192242495912573,2892,514.688399167268,1.2130302458214592,-0.027980356346636686
2023-02-25,Crystal Palace,Liverpool,0,0,D,4.94,4.04,1.7,2022/23,8,16,0.19498290918588673,0.238419695885713,0.5665973949284002,True,0.038189196390465474,0.1837191855894134,0.23845225764199637,0.5778285567685901,0.8898663133654704,1.7666667818349113,2892,514.688399167268,1.2130302458214592,-0.027980356346636686
2023-02-25,Everton,Aston Villa,0,2,A,2.61,3.14,2.98,2022/23,9,1,0.36940593121308785,0.30705397467075135,0.3235400941161608,True,0.037183569830382845,0.3525374857308029,0.2815522642975995,0.36591024997159743,1.2032449180243505,1.2309812487053133,2892,514.688399167268,1.2130302458214592,-0.027980356346636686
2023-02-26,Tottenham,Chelsea,2,0,H,2.93,3.29,2.53,2022/23,29,7,0.32801078171364617,0.29211902444406784,0.37987019384228593,True,0.04050521310484756,0.4380659806769379,0.2618108574134515,0.30012316190961047,1.4828961354424028,1.1840892012277278,2898,519.6480630518275,1.2156478849219325,-0.02118583337508531
2023-03-01,Arsenal,Everton,4,0,H,1.32,5.2,11.22,2022/23,0,9,0.7291322995710987,0.18508742989112503,0.08578027053777632,True,0.039010009598244855,0.6820934142323225,0.19771664035983366,0.12018994540784333,2.0772558460954786,0.742504163849983,2899,517.5335276234026,1.2185958127646366,-0.021638837068260832
2023-03-01,Liverpool,Wolves,2,0,H,1.52,4.41,6.47,2022/23,16,33,0.6330710024117878,0.2182013432349019,0.14872765435331026,True,0.03921161186620048,0.6890122904074845,0.20307491125702937,0.10791279833548598,1.9746975309353114,0.6352435934748185,2899,517.5335276234026,1.2185958127646366,-0.021638837068260832
2023-03-04,Arsenal,Bournemouth,3,2,H,1.22,6.78,13.69,2022/23,0,2,0.7879865796881951,0.1417910954601177,0.07022232485168722,True,0.040210775508237484,0.7842989834178151,0.13845917747570693,0.07724183910647796,2.7237616216165574,0.7598426040858863,2901,516.4256593859735,1.2243590715748738,-0.021409747102218105
2023-03-04,Aston Villa,Crystal Palace,1,0,H,2.15,3.31,3.67,2022/23,1,8,0.44735165551451495,0.29057584874809883,0.26207249573738617,True,0.03971064672784275,0.45236114103932473,0.2737934927593363,0.2738453662013389,1.4039629014537156,1.0313672205586375,2901,516.4256593859735,1.2243590715748738,-0.021409747102218105
2023-03-04,Brighton,West Ham,4,0,H,1.68,3.94,5.22,2022/23,4,32,0.5720054734172145,0.24390081100023359,0.1840937155825518,True,0.04061608306313369,0.44027008039051063,0.27050984985094245,0.28922006975854664,1.415579954483696,1.0965937681017857,2901,516.4256593859735,1.2243590715748738,-0.021409747102218105
2023-03-04,Chelsea,Leeds,1,0,H,1.58,4.14,6.03,2022/23,7,14,0.6083962098613792,0.23218985786980176,0.1594139322688191,True,0.04029476539518506,0.6409197716032238,0.21129700920452915,0.14778321919224727,1.993229225771514,0.8403772962876752,2901,516.4256593859735,1.2243590715748738,-0.021409747102218105
2023-03-04,Man City,Newcastle,2,0,H,1.5,4.44,6.67,2022/23,18,21,0.6399076919087809,0.21618503105026382,0.14390727704095524,True,0.04181692937315118,0.7357048186465421,0.16577824797946625,0.09851693337399174,2.414785795529137,0.770694884238318,2901,516.4256593859735,1.2243590715748738,-0.021409747102218105
2023-03-04,Southampton,Leicester,1,0,H,2.79,3.32,2.62,2022/23,25,15,0.3442048197538681,0.28925645997388316,0.3665387202722488,True,0.04130714765818588,0.2730285469083193,0.23520977322997144,0.4917616798617093,1.2924660240273658,1.8017473633134757,2901,516.4256593859735,1.2243590715748738,-0.021409747102218105
2023-03-04,Wolves,Tottenham,1,0,H,3.26,3.25,2.35,2022/23,33,29,0.29495819414138685,0.29586575781566804,0.40917604804294516,True,0.039972688843593396,0.2271203495386181,0.2654525318334732,0.5074271186279088,0.9183900913719241,1.5079268452806125,2901,516.4256593859735,1.2243590715748738,-0.021409747102218105
2023-03-05,Nott'm Forest,Everton,2,2,D,3.04,3.03,2.62,2022/23,23,9,0.31609502042636556,0.3171382383155615,0.36676674125807296,True,0.040659761034359754,0.33220259666784935,0.3074416415999948,0.36035576173215583,0.9833862866084044,1.0373731339893089,2908,522.3798542209684,1.2363957718307814,-0.003723649799895785
2023-03-05,Liverpool,Man United,7,0,H,2.46,3.58,2.85,2022/23,16,19,0.39210938941154766,0.2694382955174322,0.3384523150710201,True,0.03671086696165404,0.578877535841465,0.21732495739285462,0.2037975067656803,1.9662496254218724,1.0812103249637823,2908,522.3798542209684,1.2363957718307814,-0.003723649799895785
2023-03-06,Brentford,Fulham,3,2,H,2.04,3.54,3.74,2022/23,3,10,0.4713144517066085,0.2716049382716049,0.25708061002178645,True,0.04006163328197232,0.46948821749864117,0.25979406498576846,0.27071771751559043,1.4935685203243505,1.0687737727628426,2910,523.3321425734111,1.2457954761158718,-0.0031933519418220835
2023-03-11,Bournemouth,Liverpool,1,0,H,7.17,5.05,1.41,2022/23,2,16,0.13324613061320728,0.1891831200983557,0.6775707492884371,True,0.04670967408322779,0.10856766117116293,0.16326408689639116,0.728168251932446,0.8488950662646306,2.468288982049052,2911,519.1149505841507,1.2462052088393283,-0.004322588698517457
2023-03-11,Crystal Palace,Man City,0,1,A,9.92,5.05,1.34,2022/23,8,18,0.09645674341964601,0.18947542469760165,0.7140678318827524,True,0.045094910309519065,0.1268082960083369,0.19561300097684628,0.6775787030148172,0.7700062594266367,2.080758493554597,2911,519.1149505841507,1.2462052088393283,-0.004322588698517457
2023-03-11,Everton,Brentford,1,0,H,2.68,3.07,2.91,2022/23,9,3,0.3579192391056125,0.3124506712713491,0.32963008962303836,True,0.042509839064859056,0.2983724712840353,0.26463478694702713,0.4369927417689376,1.126966799823601,1.4213229821666606,2911,519.1149505841507,1.2462052088393283,-0.004322588698517457
2023-03-11,Leeds,Brighton,2,2,D,4.29,3.75,1.84,2022/23,14,4,0.22343763661268543,0.25561265628491214,0.5209497071024024,True,0.043245160636464997,0.30891507517433947,0.25450382447782,0.43658110034784037,1.2270618795395405,1.5064772164015012,2911,519.1149505841507,1.2462052088393283,-0.004322588698517457
2023-03-11,Leicester,Chelsea,1,3,A,4.02,3.63,1.93,2022/23,15,7,0.23864414400604964,0.26428359749430286,0.4970722584996474,True,0.04237302759529138,0.34234734619442514,0.2593189197149318,0.39833373409064304,1.2836444120700816,1.4049711296537322,2911,519.1149505841507,1.2462052088393283,-0.004322588698517457
2023-03-11,Tottenham,Nott'm Forest,3,1,H,1.44,4.55,7.62,2022/23,29,23,0.6642488476084283,0.21022381111123883,0.1255273412803329,True,0.04545826002518916,0.755568154703982,0.1584336798451095,0.08599816545090888,2.3967905024039635,0.6765890908833313,2911,519.1149505841507,1.2462052088393283,-0.004322588698517457
2023-03-12,Fulham,Arsenal,0,3,A,7.64,4.69,1.43,2022/23,10,0,0.1254444621096636,0.2043487613044413,0.670206776585895,True,0.04341036786141128,0.27590647888663616,0.24629906924836303,0.4777944518650005,1.1453616191979978,1.5894924933089627,2917,524.0657702130803,1.2515581817423265,0.011654204354285155
2023-03-12,Man United,Southampton,0,0,D,1.27,6.12,10.83,2022/23,19,25,0.7548404951364428,0.15664173673583046,0.0885177681277269,True,0.04313637103004275,0.677903423399829,0.18316053608770178,0.13893604051246927,2.2508169487560084,0.9094600445228899,2917,524.0657702130803,1.2515581817423265,0.011654204354285155
2023-03-12,Newcastle,Wolves,2,1,H,1.64,3.83,5.88,2022/23,21,33,0.5857853337772598,0.2508323622440486,0.16338230397869152,True,0.040920730515985326,0.48828303520137556,0.29012788347480634,0.221589081323818,1.265991821884946,0.7485739568795116,2917,524.0657702130803,1.2515581817423265,0.011654204354285155
2023-03-12,West Ham,Aston Villa,1,1,D,2.32,3.25,3.26,2022/23,32,1,0.41228568537874244,0.29430855079344076,0.2934057638278167,True,0.0454752567085972,0.45807605516606736,0.2502038044106751,0.29172014042325733,1.534026708072436,1.1708031413244342,2917,524.0657702130803,1.2515581817423265,0.011654204354285155
2023-03-15,Brighton,Crystal Palace,1,0,H,1.37,4.98,9.06,2022/23,4,8,0.7011076303423585,0.19287499067651226,0.10601737898112926,True,0.04110549608886549,0.5114750375033846,0.2675989475255177,0.22092601497109776,1.4476667922090343,0.8501261624984967,2921,524.9068617937794,1.2459464190521405,0.0008629129667668541
2023-03-15,Southampton,Brentford,0,2,A,3.24,3.22,2.38,2022/23,25,3,0.2969512856677878,0.2987957035911902,0.40425301074102205,True,0.039369048746712876,0.2890287081138119,0.25385048315760084,0.45712080872858685,1.158981384262662,1.5247737743170038,2921,524.9068617937794,1.2459464190521405,0.0008629129667668541
2023-03-17,Nott'm Forest,Newcastle,1,2,A,5.45,3.75,1.69,2022/23,23,21,0.17611260090869932,0.255950313320643,0.5679370857706576,True,0.04186888153013779,0.23364384099157545,0.2718888220108808,0.4944673369975437,0.8689453497001759,1.4008090070240038,2923,524.8034439867746,1.244008442878293,0.004380040113084605
2023-03-18,Wolves,Leeds,2,4,A,2.34,3.23,3.25,2022/23,33,14,0.40908860631237653,0.2963675971427124,0.2945437965449111,True,0.04464025826254936,0.4379885020685064,0.27592390571071457,0.28608759222077906,1.3212191582457695,1.0105776447446546,2924,524.7528880049681,1.2430939471748734,0.004416781498143615
2023-03-18,Southampton,Tottenham,3,3,D,4.54,3.64,1.83,2022/23,25,29,0.21150023813303698,0.2637942530560406,0.5247055088109223,True,0.041437679337585465,0.18961796041140638,0.2163663345250508,0.5940157050635424,0.996389087280323,1.9393788179107752,2924,524.7528880049681,1.2430939471748734,0.004416781498143615
2023-03-18,Aston Villa,Bournemouth,3,0,H,1.72,3.85,5.0,2022/23,1,2,0.5584242283592481,0.24947783708517055,0.19209793455558136,True,0.04113560857746901,0.5814852528937774,0.22073466453149304,0.19778008257472968,1.8952590064980168,1.0082811470062591,2924,524.7528880049681,1.2430939471748734,0.004416781498143615
2023-03-18,Brentford,Leicester,1,1,D,1.87,3.85,4.06,2022/23,3,15,0.5137939762085547,0.2495570741584409,0.23664894963300434,True,0.04080503674824154,0.4753582558549413,0.22875060059300356,0.2958911435520554,1.8018174355826022,1.3800323748769354,2924,524.7528880049681,1.2430939471748734,0.004416781498143615
2023-03-18,Chelsea,Everton,2,2,D,1.49,4.14,7.95,2022/23,7,9,0.6462767367472327,0.23259718303221663,0.12112608022055055,True,0.038472996839134854,0.634474792794143,0.22825057432834908,0.13727463287750838,1.7377235683819459,0.6591829058663667,2924,524.7528880049681,1.2430939471748734,0.004416781498143615
2023-03-19,Arsenal,Crystal Palace,4,1,H,1.26,5.86,12.05,2022/23,0,8,0.757816088500058,0.16294339104267458,0.07924052045726748,True,0.04728680968183596,0.6508160764602968,0.21057379795845713,0.13861012558124616,1.919964366720951,0.749373651963724,2929,528.69444102875,1.240331417111803,0.0028682141776070033
2023-04-01,Arsenal,Leeds,4,1,H,1.27,6.3,10.67,2022/23,0,14,0.7572243331016559,0.15264681000620683,0.09012885689213714,True,0.03985244581072167,0.729278686649387,0.15606349456103238,0.11465781878958056,2.6200658588352503,0.9573560990817515,2930,516.0998806650035,1.243132864299344,0.00242530628241275
2023-04-01,Bournemouth,Fulham,2,1,H,2.56,3.28,2.9,2022/23,2,10,0.375481589086086,0.2930588012379208,0.3314596096759932,True,0.04033063498738443,0.31032255422367744,0.2623290599315379,0.4273483858447847,1.1628441093614528,1.4122118678899758,2930,516.0998806650035,1.243132864299344,0.00242530628241275
2023-04-01,Brighton,Brentford,3,3,D,1.62,4.14,5.56,2022/23,4,3,0.5942931499209964,0.2325494934473464,0.17315735663165724,True,0.038685959445004414,0.45148236530976477,0.2574011081693267,0.29111652652090864,1.483707847044072,1.1384497958205646,2930,516.0998806650035,1.243132864299344,0.00242530628241275
2023-04-01,Chelsea,Aston Villa,0,2,A,1.62,3.95,5.93,2022/23,7,1,0.5940663114298831,0.24364238595352164,0.1622913026165954,True,0.03908257166025342,0.5558060548398881,0.2428923516900621,0.2013015934700499,1.6627383205049162,0.8925362569451314,2930,516.0998806650035,1.243132864299344,0.00242530628241275
2023-04-01,Crystal Palace,Leicester,2,1,H,2.38,3.31,3.16,2022/23,8,15,0.4044983796242585,0.2908477774941798,0.3046538428815617,True,0.038738567054799944,0.3546900067310811,0.26314282544580386,0.3821671678231148,1.2709042400521406,1.329558430175716,2930,516.0998806650035,1.243132864299344,0.00242530628241275
2023-04-01,Man City,Liverpool,4,1,H,1.68,4.15,4.97,2022/23,18,16,0.5737736841080365,0.23227464802445813,0.1939516678675053,True,0.03740919412054655,0.5508707686846972,0.22177317559351736,0.22735605572178522,1.9105770039649626,1.1516493755801218,2930,516.0998806650035,1.243132864299344,0.00242530628241275
2023-04-01,Nott'm Forest,Wolves,1,1,D,3.32,3.12,2.39,2022/23,23,33,0.2895844660194175,0.30814757281553395,0.40226796116504854,True,0.040127681630933054,0.30879102907087697,0.3063146761379759,0.3848942947911469,0.9293827844380348,1.074960531224505,2930,516.0998806650035,1.243132864299344,0.00242530628241275
2023-04-02,Newcastle,Man United,2,0,H,2.33,3.49,3.08,2022/23,21,19,0.4125216350120696,0.2754084268132155,0.312069938174715,True,0.04039282532094601,0.3910283827572359,0.26292508514261,0.34604653210015424,1.3604685823064717,1.2640370213842989,2937,522.054726406317,1.2467686607476824,-0.0032612962865564317
2023-04-02,West Ham,Southampton,1,0,H,1.76,3.71,4.96,2022/23,32,25,0.5466774408213709,0.2593402414678201,0.193982317710809,True,0.03933650038336589,0.5653386912213989,0.2364892044436897,0.19817210433491142,1.738607515544618,0.9244987698513457,2937,522.054726406317,1.2467686607476824,-0.0032612962865564317
2023-04-03,Everton,Tottenham,1,1,D,3.81,3.34,2.08,2022/23,9,29,0.2517338589867162,0.2871574858501164,0.46110865516316757,True,0.04263761997507087,0.22434686539711401,0.2371515226314861,0.5385016119714001,1.031743092543883,1.734808152004192,2939,523.0076643645667,1.2508194424241394,-0.0006547065914156235
2023-04-04,Leicester,Aston Villa,1,2,A,2.71,3.4,2.67,2022/23,15,1,0.3556137058959483,0.2834450420523588,0.3609412520516929,True,0.03765317230171639,0.46435036563175525,0.23627460653644147,0.29937502783180325,1.7243236449690096,1.343342688711951,2940,522.9606963528386,1.2522432767183242,-0.004324641990315956
2023-04-04,Leeds,Nott'm Forest,2,1,H,1.7,3.88,5.17,2022/23,14,23,0.5659423438267042,0.24796442899623636,0.1860932271770594,True,0.039390850559450685,0.5597006792001101,0.23191859145556726,0.20838072934432278,1.7960033922901657,1.0016013879159684,2940,522.9606963528386,1.2522432767183242,-0.004324641990315956
2023-04-04,Bournemouth,Brighton,0,2,A,5.83,4.34,1.57,2022/23,2,4,0.16510658095281944,0.2217906375472206,0.6131027814999601,True,0.038884008323940566,0.25832295770872005,0.24762216071497284,0.4940548815763072,1.1056043340909762,1.6254335825032329,2940,522.9606963528386,1.2522432767183242,-0.004324641990315956
2023-04-04,Chelsea,Liverpool,0,0,D,2.16,3.53,3.43,2022/23,7,16,0.4461028314573623,0.2729694379455815,0.2809277305970561,True,0.037794271447506134,0.32266212088733315,0.2678884406900827,0.40944943842258397,1.1733920059807996,1.3566908733925183,2940,522.9606963528386,1.2522432767183242,-0.004324641990315956
2023-04-05,Man United,Brentford,1,0,H,1.62,4.24,5.32,2022/23,19,3,0.5929134686152876,0.22653769319735043,0.180548838187362,True,0.04110293203308757,0.49344851328479183,0.2356308412002348,0.27092064551497314,1.7662688413788863,1.253626705789299,2944,525.9078281792625,1.2486917259592731,-0.00918556793403309
2023-04-05,West Ham,Newcastle,1,5,A,3.46,3.24,2.26,2022/23,32,21,0.2778646347201773,0.2967319864604362,0.4254033788193865,True,0.04013719245529912,0.3863970616852226,0.2800712364879866,0.33353170182679076,1.2429215534584346,1.1343312429201895,2944,525.9078281792625,1.2486917259592731,-0.00918556793403309
2023-04-08,Aston Villa,Nott'm Forest,2,0,H,1.58,4.16,5.98,2022/23,1,23,0.6082644628099174,0.23102352193261289,0.16071201525746984,True,0.04052008805723695,0.6305861927366547,0.21870637188964887,0.15070743537369632,1.8744183494028501,0.7874582824157108,2946,524.7498645748852,1.2421983964823045,-0.004669557002690024
2023-04-08,Brentford,Newcastle,1,2,A,4.1,3.5,1.96,2022/23,3,21,0.23456199138343709,0.27477261847774054,0.49066539013882243,True,0.03982080637132901,0.4077691982924361,0.26451264218424203,0.32771815952332206,1.3805076457982115,1.2097327849705029,2946,524.7498645748852,1.2421983964823045,-0.004669557002690024
2023-04-08,Fulham,West Ham,0,1,A,2.95,3.24,2.55,2022/23,10,32,0.32601361349511687,0.296833382657591,0.37715300384729217,True,0.039781888901197604,0.4118309431477538,0.2682871031975139,0.3198819536547324,1.3581849518767761,1.164206686280817,2946,524.7498645748852,1.2421983964823045,-0.004669557002690024
2023-04-08,Leicester,Bournemouth,0,1,A,2.09,3.48,3.64,2022/23,15,2,0.45982285465369543,0.27615797880063886,0.2640191665456657,True,0.040550496085886234,0.6419631952780036,0.19306413933608255,0.16497266538591376,2.2364255420180887,1.0471892658304507,2946,524.7498645748852,1.2421983964823045,-0.004669557002690024
2023-04-08,Man United,Everton,2,0,H,1.57,4.22,5.98,2022/23,19,9,0.6117780536053683,0.22760463131763703,0.1606173150769947,True,0.041133580071343934,0.6052979434145598,0.22427298522324307,0.17042907136219707,1.8454394653166861,0.8622153258374526,2946,524.7498645748852,1.2421983964823045,-0.004669557002690024
2023-04-08,Southampton,Man City,1,4,A,12.15,6.27,1.25,2022/23,25,18,0.07900267626290881,0.15309131046161756,0.7679060132754737,True,0.04179415992281488,0.07974346890799049,0.14122475581990215,0.7790317752721073,0.7359121989477062,2.6418694576877018,2946,524.7498645748852,1.2421983964823045,-0.004669557002690024
2023-04-08,Tottenham,Brighton,2,1,H,2.76,3.44,2.59,2022/23,29,4,0.3486795760867864,0.2797545436045146,0.37156588030869897,True,0.03911690109870092,0.5351007559942872,0.22998292060496583,0.2349163234007468,1.8292574646155773,1.1373111158488227,2946,524.7498645748852,1.2421983964823045,-0.004669557002690024
2023-04-08,Wolves,Chelsea,1,0,H,5.01,3.62,1.78,2022/23,33,7,0.19236004967520062,0.2662220576996561,0.5414178926251434,True,0.037641645134834256,0.2482487248871479,0.30268532743737003,0.44906594767548186,0.8022930007996187,1.18771139818519,2946,524.7498645748852,1.2421983964823045,-0.004669557002690024
2023-04-09,Leeds,Crystal Palace,1,5,A,2.07,3.45,3.73,2022/23,14,8,0.4640457825329684,0.27842746951978103,0.25752674794725056,True,0.04104337464869001,0.4164419668401027,0.2614680208684773,0.32209001229141976,1.385952949252849,1.1852204331555272,2954,531.6854296354865,1.2393123182844534,0.010218508505637658
2023-04-09,Liverpool,Arsenal,2,2,D,2.72,3.6,2.55,2022/23,16,0,0.35433070866141736,0.2677165354330709,0.3779527559055119,True,0.037581699346405095,0.5076277417944504,0.22886536805423738,0.2635068901513126,1.8023809957079462,1.237149723204391,2954,531.6854296354865,1.2393123182844534,0.010218508505637658
2023-04-15,Wolves,Brentford,2,0,H,2.81,3.17,2.71,2022/23,33,3,0.34207497959264943,0.3032273478408028,0.3546976725665479,True,0.040332989407108055,0.330427909803068,0.2836632200355446,0.38590887016138703,1.0743528208504691,1.185893906148449,2956,527.3194765893904,1.2304730883295085,0.009067347731104075
2023-04-15,Tottenham,Bournemouth,2,3,A,1.51,4.47,6.49,2022/23,29,2,0.6367507391368286,0.21509924297463337,0.1481500178885379,True,0.04004850709224028,0.740731156311033,0.15542596350306384,0.10384288018590355,2.533280302048798,0.8434536210598247,2956,527.3194765893904,1.2304730883295085,0.009067347731104075
2023-04-15,Southampton,Crystal Palace,0,2,A,2.93,3.12,2.65,2022/23,25,8,0.3284327940224278,0.3084320790018313,0.363135126975741,True,0.03916823940650316,0.3278773707051968,0.2802771032416712,0.39184552605313183,1.0868947994085216,1.2165631152295298,2956,527.3194765893904,1.2304730883295085,0.009067347731104075
2023-04-15,Chelsea,Brighton,1,2,A,2.94,3.37,2.48,2022/23,7,4,0.3270231564449105,0.28529616615668746,0.387680677398402,True,0.04009776591789205,0.4763729592372647,0.269125199704865,0.2545018410578705,1.399412238912439,0.9425344031784018,2956,527.3194765893904,1.2304730883295085,0.009067347731104075
2023-04-15,Everton,Fulham,1,3,A,2.22,3.29,3.49,2022/23,9,10,0.43273648228479245,0.29199847740797547,0.2752650403072319,True,0.04093476952100383,0.363790067288172,0.2868650923759547,0.34934484033587326,1.127085880895686,1.0982507556064822,2956,527.3194765893904,1.2304730883295085,0.009067347731104075
2023-04-15,Aston Villa,Newcastle,3,0,H,3.64,3.45,2.11,2022/23,1,21,0.2645369014350659,0.2791056003546783,0.45635749821025595,True,0.03851399647814224,0.3858401847471416,0.2661721755523954,0.34798763970046265,1.3001822412388768,1.220459524884586,2956,527.3194765893904,1.2304730883295085,0.009067347731104075
2023-04-15,Man City,Leicester,3,1,H,1.14,9.4,19.22,2022/23,18,15,0.8470342455606044,0.10272542978075414,0.050240324658641464,True,0.03560509749588192,0.8112513372102798,0.11585157976785537,0.07289708302186441,3.0940048656605676,0.8704181942875806,2956,527.3194765893904,1.2304730883295085,0.009067347731104075
2023-04-16,Nott'm Forest,Man United,0,2,A,4.96,4.01,1.7,2022/23,23,19,0.19400317599449038,0.23996402816276116,0.5660327958427483,True,0.03922475594694497,0.18822634692070386,0.2321629282175682,0.5796107248617279,0.8806708493222892,1.7467138374702087,2963,533.251905563095,1.2243536458711872,0.009347969417706605
2023-04-16,West Ham,Arsenal,2,2,D,5.58,4.2,1.61,2022/23,32,0,0.17258012648729767,0.2292850251902669,0.5981348483224354,True,0.03842472005164854,0.25240053729270484,0.23311874556231482,0.5144807171449803,1.1584943188461656,1.754983721738167,2963,533.251905563095,1.2243536458711872,0.009347969417706605
2023-04-17,Leeds,Liverpool,1,6,A,4.57,4.32,1.7,2022/23,14,16,0.2106990595431411,0.2228922921555914,0.5664086483012676,True,0.03853515634311089,0.15429744566581194,0.18100127696190113,0.6647012773722868,1.047049689188852,2.3511191663444286,2965,534.1824715424674,1.2233484798614338,0.009799364448338036
2023-04-21,Arsenal,Southampton,3,3,D,1.21,7.08,13.9,2022/23,0,25,0.7949414286845162,0.13585863399834244,0.06919993731714133,True,0.0396316648880084,0.7676486823986505,0.14500245987831875,0.0873488577230307,2.596269308411518,0.7630570672853658,2966,530.9180920315047,1.2169202072311802,0.009066395263907399
2023-04-22,Liverpool,Nott'm Forest,3,2,H,1.17,8.07,16.57,2022/23,16,23,0.8226451518837123,0.11926825622105865,0.058086591895228926,True,0.03896662217450686,0.8376328803483475,0.11329754930111824,0.04906957035053383,2.786563908721513,0.5437889016986722,2967,530.8553189747561,1.2134510700423493,0.009817766732457564
2023-04-22,Brentford,Aston Villa,1,1,D,2.64,3.28,2.82,2022/23,3,1,0.3648239303294207,0.29363877319197274,0.3415372964786066,True,0.03827585664638078,0.4186017984413025,0.2523387989028042,0.3290594026558935,1.4666928740627478,1.2709099069419674,2967,530.8553189747561,1.2134510700423493,0.009817766732457564
2023-04-22,Crystal Palace,Everton,0,0,D,1.97,3.36,4.27,2022/23,8,9,0.48836045652743687,0.2863303867140032,0.2253091567585599,True,0.039425298287743216,0.4824159330152705,0.27910658667094823,0.238477480313781,1.3329495704133656,0.8450002054908747,2967,530.8553189747561,1.2134510700423493,0.009817766732457564
2023-04-22,Fulham,Leeds,2,1,H,2.38,3.44,3.03,2022/23,10,14,0.40365892385503727,0.27927565080668276,0.3170654253382801,True,0.04089874494582535,0.5195739163745652,0.22870746593836008,0.2517186176870749,1.8075453772172798,1.1896809783092772,2967,530.8553189747561,1.2134510700423493,0.009817766732457564
2023-04-22,Leicester,Wolves,2,1,H,2.43,3.3,3.09,2022/23,15,33,0.3963894622677815,0.29188678585173006,0.31172375188048845,True,0.03817753224441467,0.4883895666115814,0.2580562045365325,0.25355422885188594,1.4941931989873314,0.9969238651245981,2967,530.8553189747561,1.2134510700423493,0.009817766732457564
2023-04-23,Newcastle,Tottenham,6,1,H,1.92,3.72,4.03,2022/23,21,29,0.50186799501868,0.2590286425902864,0.2391033623910336,True,0.037789495450785804,0.36371383055735457,0.2508489467687074,0.3854372226739376,1.3868836586359512,1.434950512176685,2972,534.7846793333279,1.211905899170884,0.0031483543337676666
2023-04-23,Bournemouth,West Ham,0,4,A,2.97,3.3,2.51,2022/23,2,32,0.32433130895464524,0.2918981780591808,0.38377051298617393,True,0.03813701423263183,0.31749485390787513,0.2562305607751809,0.42627458531694395,1.223793183298652,1.459734147219376,2972,534.7846793333279,1.211905899170884,0.0031483543337676666
2023-04-25,Aston Villa,Fulham,1,0,H,1.75,3.83,4.88,2022/23,1,10,0.5508046762876148,0.25167315496170384,0.19752216875068151,True,0.037443209959581836,0.48445710693210847,0.2562765853717049,0.25926630769618686,1.5203346550665364,1.038305403470954,2974,534.641829173447,1.21324252957348,0.0036943207560237094
2023-04-25,Leeds,Leicester,1,1,D,2.37,3.57,2.96,2022/23,14,15,0.4057550310444529,0.26936678531522507,0.32487818364032206,True,0.03989081092580715,0.3343936141764287,0.22162261340175263,0.44398377242181847,1.5967301083342011,1.8631656147923883,2974,534.641829173447,1.21324252957348,0.0036943207560237094
2023-04-25,Wolves,Crystal Palace,2,0,H,2.32,3.03,3.56,2022/23,33,8,0.4136740861188237,0.3167405543880102,0.26958535949316603,True,0.041966362463445206,0.3643681332493775,0.3169520371677196,0.31867982958290286,0.992124244632994,0.9066925617053956,2974,534.641829173447,1.21324252957348,0.0036943207560237094
2023-04-26,Chelsea,Brentford,0,2,A,1.79,3.67,4.84,2022/23,7,3,0.5383368135848003,0.262567546680325,0.19909563973487454,True,0.037750352157726486,0.5089944224662328,0.2572559778278376,0.23374959970592982,1.525265674265399,0.9424218230420783,2977,536.567620082261,1.2180181064874054,0.0034768449078011504
2023-04-26,Man City,Arsenal,4,1,H,1.66,4.16,5.16,2022/23,18,0,0.5811440081436401,0.23189881094193326,0.1869571809144268,True,0.03659270355123523,0.6451157891247934,0.1856297571851461,0.16925445369006017,2.345521985615923,1.1278309590140672,2977,536.567620082261,1.2180181064874054,0.0034768449078011504
2023-04-26,Nott'm Forest,Brighton,3,1,H,5.51,4.26,1.6,2022/23,23,4,0.17430174455179187,0.22544662264797494,0.6002516328002333,True,0.04122998730434624,0.20551123048024106,0.24962919549617177,0.5448595740235872,0.8731995985747163,1.598077148778173,2977,536.567620082261,1.2180181064874054,0.0034768449078011504
2023-04-26,West Ham,Liverpool,1,2,A,3.6,3.8,1.99,2022/23,32,16,0.26621136379638105,0.2522002393860452,0.4815883968175737,True,0.04344823532869024,0.2249659552931146,0.22736226717620958,0.5476717775306756,1.0945864558605451,1.8366821767901824,2977,536.567620082261,1.2180181064874054,0.0034768449078011504
2023-04-27,Everton,Newcastle,1,4,A,4.51,3.66,1.82,2022/23,9,21,0.21230239673635903,0.2616075981642019,0.526090005099439,True,0.044404083188569254,0.2580291318277881,0.2718198164732023,0.4701510516990095,0.9500025873335256,1.3859661193534452,2981,539.4875652569401,1.2203825907738717,0.0032330598392100334
2023-04-27,Southampton,Bournemouth,0,1,A,2.53,3.29,2.95,2022/23,25,2,0.3807168326618993,0.29277008712298025,0.3265130802151204,True,0.03819133562466015,0.4473010623516999,0.2543209014107985,0.2983780362375017,1.5040948994601844,1.1803715567152975,2981,539.4875652569401,1.2203825907738717,0.0032330598392100334
2023-04-27,Tottenham,Man United,2,2,D,2.86,3.75,2.36,2022/23,29,19,0.33618744444360027,0.2563989576289858,0.4074135979274139,True,0.040045829876338424,0.47323669060218615,0.2288793876855674,0.2978839217122465,1.8015916596938955,1.3890847370616084,2981,539.4875652569401,1.2203825907738717,0.0032330598392100334
2023-04-29,Brentford,Nott'm Forest,2,1,H,1.74,3.77,5.04,2022/23,3,23,0.5534718702483526,0.2554485554992397,0.19107957425240749,True,0.03837733148077982,0.6220590869762335,0.21594687271707647,0.16199404030668985,1.895411650652606,0.844221596226876,2984,540.3219491156823,1.2133395221080614,0.0072167879754610025
2023-04-29,Brighton,Wolves,6,0,H,1.57,4.28,5.97,2022/23,4,33,0.6135707098964799,0.22507149872370877,0.16135779137981132,True,0.03809172257700988,0.4989016718469165,0.2727383042207319,0.22836002393235183,1.3919176281702013,0.8432921871874633,2984,540.3219491156823,1.2133395221080614,0.0072167879754610025
2023-04-29,Crystal Palace,West Ham,4,3,H,2.57,3.17,2.97,2022/23,8,32,0.3736857354919884,0.3029565742001294,0.3233576903078822,True,0.04126280831530682,0.37443263840953595,0.2814405530206296,0.3441268085698344,1.181841084534481,1.1204585405813234,2984,540.3219491156823,1.2133395221080614,0.0072167879754610025
2023-04-30,Newcastle,Southampton,3,1,H,1.26,6.22,12.09,2022/23,21,25,0.7652334782396327,0.15501514189420212,0.0797513798661652,True,0.03713548376965026,0.6534713612303896,0.2035855945268978,0.14294304424271223,1.9999414252379473,0.8066003864976302,2987,542.236391137282,1.222698688988332,0.00714086674275285
2023-04-30,Man United,Aston Villa,1,0,H,1.75,4.11,4.47,2022/23,19,1,0.5502700177016596,0.23429988588270179,0.2154300964156386,True,0.03845122039409987,0.4888763098775591,0.2452562477609218,0.2658674423615192,1.618508959637647,1.126230774328667,2987,542.236391137282,1.222698688988332,0.00714086674275285
2023-04-30,Bournemouth,Leeds,4,1,H,2.47,3.4,2.94,2022/23,2,14,0.3896195012433835,0.28304710825622276,0.3273333905003937,True,0.03911200107573398,0.4055827271581122,0.2395055121292797,0.3549117607126081,1.57410181555102,1.4582789507776717,2987,542.236391137282,1.222698688988332,0.00714086674275285
2023-04-30,Fulham,Man City,1,2,A,11.21,6.12,1.27,2022/23,10,18,0.08577454110443937,0.15711317087921003,0.7571122880163507,True,0.04000633362609585,0.12629292523273475,0.1827278008142021,0.6909792739530635,0.8277692452677619,2.219834808719332,2987,542.236391137282,1.222698688988332,0.00714086674275285
2023-04-30,Liverpool,Tottenham,4,3,H,1.55,4.84,5.38,2022/23,16,29,0.6217544328823644,0.19911557251398035,0.1791299946036552,True,0.03764646651846992,0.6058656521216241,0.1971079914171692,0.1970263564612067,2.217194135858769,1.1946955768313527,2987,542.236391137282,1.222698688988332,0.00714086674275285
2023-05-01,Leicester,Everton,2,2,D,2.02,3.44,3.92,2022/23,15,9,0.47562076749435667,0.27928893905191876,0.2450902934537246,True,0.04084922018542625,0.5645937353751176,0.2297479423384851,0.20565832228639724,1.7824599113396622,0.9751256126157504,2992,546.1430120985057,1.2291896690776336,0.010078478595860923
2023-05-02,Arsenal,Chelsea,3,1,H,1.61,4.23,5.54,2022/23,0,7,0.5983622672920724,0.22774544925301102,0.1738922834549164,True,0.038030046970157994,0.5075864818132745,0.24473162335855936,0.24768189482816627,1.6258816060378622,1.0559501866407008,2993,546.0498196311735,1.227661090855307,0.01005070024623215
2023-05-03,Liverpool,Fulham,1,0,H,1.29,6.13,9.73,2022/23,16,10,0.7445904901484689,0.15669196285342984,0.09871754699810123,True,0.04110085839941524,0.6987245620357482,0.18009362423418876,0.12118181373006283,2.2284035942091336,0.8026532425670111,2994,545.9568133625153,1.2298145511069052,0.009839389010889177
2023-05-03,Man City,West Ham,3,0,H,1.18,7.87,15.92,2022/23,18,32,0.8169553724310882,0.1224914027279141,0.06055322484099773,True,0.03733650051995818,0.7951276291485688,0.1283317461290145,0.07654062472241699,2.827178287359897,0.7836890087815954,2994,545.9568133625153,1.2298145511069052,0.009839389010889177
2023-05-04,Brighton,Man United,1,0,H,2.17,3.83,3.16,2022/23,4,19,0.4437958131501847,0.25144566959161896,0.3047585172581964,True,0.03838179503421446,0.4173248855539931,0.2514524915455149,0.331222622900492,1.467000870620455,1.278521995401163,2996,546.8619949191732,1.2310299919369243,0.01218616958569982
2023-05-06,Tottenham,Crystal Palace,1,0,H,1.84,3.83,4.31,2022/23,29,8,0.5242925974038348,0.251879472381999,0.22382793021416617,True,0.036593428098609326,0.5846294480445112,0.2163441477156106,0.1990264042398783,1.9181999902421445,1.0215128149975754,2997,545.6749239974336,1.232501851633235,0.016561672363909954
2023-05-06,Bournemouth,Chelsea,1,3,A,3.55,3.62,2.08,2022/23,2,7,0.2711942545543606,0.26595016675911054,0.4628555786865288,True,0.03870246553695322,0.24572590636721872,0.25527696543391076,0.49899712819887015,0.9730443585925209,1.5095114017734865,2997,545.6749239974336,1.232501851633235,0.016561672363909954
2023-05-06,Liverpool,Brentford,1,0,H,1.43,5.16,6.91,2022/23,16,3,0.6738189233063154,0.1867366395984556,0.1394444370952288,True,0.0378169492025382,0.6627599051312683,0.1875933058654219,0.1496467890033099,2.2081296987243224,0.9419899533190558,2997,545.6749239974336,1.232501851633235,0.016561672363909954
2023-05-06,Man City,Leeds,2,1,H,1.16,8.48,16.93,2022/23,18,14,0.8296621629431006,0.11349152228938637,0.05684631476751309,True,0.03906023924145541,0.9002494433433416,0.06678686400676953,0.03296369264988877,3.8254613205417267,0.7246589337955412,2997,545.6749239974336,1.232501851633235,0.016561672363909954
2023-05-06,Wolves,Aston Villa,1,0,H,3.12,3.33,2.39,2022/23,33,1,0.30841577827638716,0.2889661346012997,0.402618087122313,True,0.039223162654125066,0.31900601165130626,0.2886430063052458,0.3923509820434479,1.0102031571340007,1.1550727264834546,2997,545.6749239974336,1.232501851633235,0.016561672363909954
2023-05-07,West Ham,Man United,1,0,H,3.57,3.68,2.05,2022/23,32,19,0.26942760918711006,0.261374066521191,0.469198324291699,True,0.039656053301490246,0.3549492262531174,0.24816622399628827,0.39688454975059434,1.3320401345032418,1.423887801908713,3002,549.5746747654204,1.229024690378073,0.02761770480889389
2023-05-07,Newcastle,Arsenal,0,2,A,2.31,3.74,2.97,2022/23,21,0,0.417462482946794,0.2578444747612551,0.32469304229195084,True,0.036980448745154604,0.36381254061780516,0.23684405517220028,0.39934340420999426,1.4569063266256235,1.5376454541252558,3002,549.5746747654204,1.229024690378073,0.02761770480889389
2023-05-08,Nott'm Forest,Southampton,4,3,H,2.01,3.49,3.9,2022/23,23,25,0.4781678488243416,0.27539179832003624,0.2464403528556222,True,0.04045564551059999,0.4062264312462366,0.2634159677430476,0.330357601010716,1.3081098181006314,1.1499202118003942,3004,550.4726278301738,1.2279254431953532,0.0321485668456722
2023-05-08,Fulham,Leicester,5,3,H,2.68,3.35,2.71,2022/23,10,15,0.35856046573167505,0.2868483725853401,0.354591161682985,True,0.040645481081676316,0.40915087523012766,0.24887354466050524,0.3419755801093673,1.4292684973142755,1.2830906606483503,3004,550.4726278301738,1.2279254431953532,0.0321485668456722
2023-05-08,Brighton,Everton,1,5,A,1.35,5.54,8.45,2022/23,4,9,0.7125320588436745,0.1736314583824839,0.11383648277384151,True,0.039589351169467824,0.6085536432723915,0.22122232570259054,0.17022403102501768,1.788701899414754,0.814404547130101,3004,550.4726278301738,1.2279254431953532,0.0321485668456722
2023-05-13,Aston Villa,Tottenham,2,1,H,2.29,3.64,3.04,2022/23,1,29,0.4197429711563263,0.26406906701867777,0.3161879618249958,True,0.040353865853751,0.37132357977764946,0.23749246919223582,0.3911839510301145,1.4565249241838698,1.501399497098949,3007,547.9654831679787,1.2222268596697747,0.032617019001932715
2023-05-13,Chelsea,Nott'm Forest,2,2,D,1.56,4.3,6.06,2022/23,7,23,0.6172014893556547,0.22391495892902824,0.15888355171531707,True,0.038600282210689674,0.658422502854659,0.2033936010644019,0.13818389608093928,1.92639609892739,0.7363829045434421,3007,547.9654831679787,1.2222268596697747,0.032617019001932715
2023-05-13,Crystal Palace,Bournemouth,2,0,H,1.77,3.78,4.81,2022/23,8,2,0.5445919110048792,0.2550073234070467,0.2004007655880741,True,0.03742222386290184,0.5195932921430042,0.24681852993016162,0.23358817792683417,1.5575147986189062,0.9471804520174837,3007,547.9654831679787,1.2222268596697747,0.032617019001932715
2023-05-13,Leeds,Newcastle,2,2,D,5.04,4.39,1.63,2022/23,14,21,0.19083647807128665,0.2190924486285387,0.5900710733001747,True,0.039700063729858126,0.2653866897247691,0.22433617319242705,0.5102771370828039,1.2327751412324464,1.799196190634967,3007,547.9654831679787,1.2222268596697747,0.032617019001932715
2023-05-13,Man United,Wolves,2,0,H,1.38,5.24,8.06,2022/23,19,33,0.6970707264096758,0.18357969512315886,0.1193495784671653,True,0.03954685472409758,0.5610590266100914,0.24698469912652923,0.1919562742633794,1.5582955303757602,0.7846588103383043,3007,547.9654831679787,1.2222268596697747,0.032617019001932715
2023-05-13,Southampton,Fulham,0,2,A,2.73,3.44,2.6,2022/23,25,10,0.3516663259047229,0.27908403189531794,0.36924964219995904,True,0.041613425334355636,0.3099992546967103,0.2542953508166217,0.43570539448666806,1.154476311311637,1.4225401820885462,3007,547.9654831679787,1.2222268596697747,0.032617019001932715
2023-05-14,Arsenal,Brighton,0,3,A,1.73,4.28,4.36,2022/23,0,4,0.5552487502975483,0.22443465841466317,0.2203165912877886,True,0.04103734005914661,0.5896327643345101,0.2041248909586005,0.2062423447068895,2.0492376856698122,1.1260731843519538,3013,552.8586593943577,1.2242563709834908,0.03222335464370537
2023-05-14,Brentford,West Ham,2,0,H,1.83,3.64,4.6,2022/23,3,32,0.526157017521808,0.2645239950727771,0.20931898740541496,True,0.03856466650479473,0.46399802496024195,0.2463151762808828,0.2896867987588753,1.5276001604672769,1.1485849307402822,3013,552.8586593943577,1.2242563709834908,0.03222335464370537
2023-05-14,Everton,Man City,0,3,A,8.25,5.15,1.37,2022/23,9,18,0.11595763039172988,0.18575736907413037,0.6982850005341398,True,0.04531388579294471,0.09984401521530196,0.15688804516689897,0.743267939617799,0.7500850412632624,2.40715610679602,3013,552.8586593943577,1.2242563709834908,0.03222335464370537
2023-05-15,Leicester,Liverpool,0,3,A,4.68,4.29,1.69,2022/23,15,16,0.20575539568345322,0.22446043165467622,0.5697841726618704,True,0.038491423106807865,0.2202249161765289,0.2012528773211373,0.5785222065023338,1.2327670971310056,2.112727903041009,3016,554.7480530521132,1.218684383308025,0.032553491556161766
2023-05-18,Newcastle,Brighton,4,1,H,1.8,4.06,4.13,2022/23,21,4,0.5321455547163105,0.2359266006131426,0.23192784467054695,True,0.043991724880094285,0.447481962254675,0.24675976542937586,0.3057582723159493,1.5044556147738382,1.1957172174875954,3017,552.4235482217999,1.2154246634793577,0.03247152091078964
2023-05-20,Wolves,Everton,1,1,D,3.13,3.45,2.33,2022/23,33,9,0.3076360797400679,0.27910171872069933,0.4132622015392329,True,0.03852843971136499,0.4227541076423724,0.29042756706864203,0.2868183252889852,1.1658253965781704,0.9018205207492399,3018,551.2142755200126,1.2193051145124005,0.03140071257043007
2023-05-20,Tottenham,Brentford,1,3,A,1.95,3.77,3.85,2022/23,29,3,0.4941358707678691,0.2555875193626909,0.2502766098694401,True,0.03781276195069294,0.5164139567966184,0.2214693227494933,0.26211672045388845,1.8414105179334679,1.2476565476881487,3018,551.2142755200126,1.2193051145124005,0.03140071257043007
2023-05-20,Nott'm Forest,Arsenal,1,0,H,5.26,4.18,1.64,2022/23,23,0,0.18295950721141016,0.2302313416105305,0.5868091511780593,True,0.03910461576280588,0.17110648655903282,0.18850498726661802,0.6403885261743493,1.0513360396711708,2.216637334223326,3018,551.2142755200126,1.2193051145124005,0.03140071257043007
2023-05-20,Fulham,Crystal Palace,2,2,D,2.36,3.26,3.23,2022/23,10,8,0.4074022486864607,0.29492923524541326,0.2976685160681261,True,0.040074803036804996,0.440893704904366,0.2744124367163238,0.28469385837931005,1.2836337429887,0.9688070622307179,3018,551.2142755200126,1.2193051145124005,0.03140071257043007
2023-05-20,Liverpool,Aston Villa,1,1,D,1.49,4.85,6.18,2022/23,16,1,0.6458626477933618,0.19841965880662044,0.15571769340001768,True,0.0391388043422527,0.6503558607928988,0.1964277318967692,0.1532164073103319,2.0511714639452547,0.8712098705071619,3018,551.2142755200126,1.2193051145124005,0.03140071257043007
2023-05-20,Bournemouth,Man United,0,1,A,7.26,5.24,1.41,2022/23,2,19,0.13272400004311322,0.1838885954795805,0.6833874044773064,True,0.0378005996444728,0.23087470322774778,0.2286067783731725,0.5405185183990796,1.0537446236530297,1.7505100082938256,3018,551.2142755200126,1.2193051145124005,0.03140071257043007
2023-05-21,Brighton,Southampton,3,1,H,1.21,7.38,13.35,2022/23,4,25,0.7970710230789207,0.13068508643976887,0.07224389048131043,True,0.03685400304648412,0.6487448266740568,0.1943901749107618,0.15686499841518123,2.0818508405256315,0.9042066654999394,3024,556.1009606549425,1.21582952347838,0.03367916610135976
2023-05-21,Man City,Chelsea,1,0,H,1.62,4.19,5.85,2022/23,18,7,0.6011212395435583,0.23241441719822542,0.16646434325821619,True,0.026887606044328383,0.696249006871047,0.18016947193853625,0.12358152119041692,2.169506279748412,0.7766196592217101,3024,556.1009606549425,1.21582952347838,0.03367916610135976
2023-05-21,West Ham,Leeds,3,1,H,2.6,3.51,2.72,2022/23,32,14,0.37083417491415877,0.2746919814178954,0.3544738436679459,True,0.03716272833919887,0.5586847644773543,0.21105666845315793,0.23025856706948758,1.9704287913122633,1.1884383392808247,3024,556.1009606549425,1.21582952347838,0.03367916610135976
2023-05-22,Newcastle,Leicester,0,0,D,1.31,5.96,9.36,2022/23,21,15,0.7354261035557408,0.16164567041241953,0.1029282260318398,True,0.03798162036288977,0.5536056003086086,0.21185765731003564,0.2345367423813556,1.9553835410575877,1.197363943737482,3027,557.9838761904587,1.2182184009899424,0.03590725418717275
2023-05-24,Brighton,Man City,1,1,D,3.86,4.13,1.85,2022/23,4,18,0.24868747823313256,0.23242945907503426,0.5188830626918332,True,0.04173864865882071,0.1751297712208244,0.1952485642145423,0.6296216645646332,1.023235170471371,2.1294381480455162,3028,556.7524066001695,1.217724847349097,0.029254593456345023
2023-05-25,Man United,Chelsea,4,1,H,1.56,4.39,5.84,2022/23,19,7,0.6163417988095123,0.21901895356328915,0.1646392476271985,True,0.04004895053979207,0.4228576896801797,0.2704518901303151,0.3066904201895052,1.2965365019049155,1.0583987689630123,3029,556.6380165484841,1.2197169483466166,0.026029013179645528
2023-05-28,Man United,Fulham,2,1,H,1.48,4.97,6.04,2022/23,19,10,0.648163822289781,0.1930145788710012,0.15882159883921787,True,0.042445833043724956,0.5371116572258324,0.2363300034787253,0.22655833929544247,1.679782880829233,0.9954330298761589,3030,554.3022058885987,1.2236680379515161,0.02543201062735862
2023-05-28,Southampton,Liverpool,4,4,D,5.95,4.97,1.49,2022/23,25,16,0.16153857899799964,0.19339125654690104,0.6450701644550993,True,0.0404154099488363,0.11984536376450927,0.16980857531277635,0.7103460609227145,0.8373144327360874,2.3323724619811474,3030,554.3022058885987,1.2236680379515161,0.02543201062735862
2023-05-28,Leeds,Tottenham,1,4,A,2.78,3.84,2.38,2022/23,14,29,0.3457784100367753,0.25032916143287376,0.4038924285303509,True,0.04029696410938488,0.25343156801746164,0.19941014297007334,0.5471582890124651,1.4589438241190154,2.2040336955183766,3030,554.3022058885987,1.2236680379515161,0.02543201062735862
2023-05-28,Everton,Bournemouth,1,0,H,1.62,4.22,5.41,2022/23,9,2,0.5940599727302059,0.22805145872581367,0.17788856854398036,True,0.039093658810817056,0.47539478388060064,0.25389085319060645,0.2707143629287929,1.485682663921316,1.050044797075648,3030,554.3022058885987,1.2236680379515161,0.02543201062735862
2023-05-28,Leicester,West Ham,2,1,H,2.08,3.94,3.26,2022/23,15,32,0.4616899828902532,0.24373481330246868,0.29457520380727814,True,0.0413248036258842,0.4417315602162317,0.23372886629235926,0.32453957349140927,1.6489237054532242,1.3805547267538794,3030,554.3022058885987,1.2236680379515161,0.02543201062735862
2023-05-28,Chelsea,Newcastle,1,1,D,2.79,3.76,2.38,2022/23,7,21,0.3431367286057194,0.2546147534069035,0.402248517987377,True,0.04454845310350186,0.4165917515956953,0.2681748745307107,0.31523337387359407,1.3043194330993295,1.0949947045820645,3030,554.3022058885987,1.2236680379515161,0.02543201062735862
2023-05-28,Arsenal,Wolves,5,0,H,1.29,6.18,9.86,2022/23,0,33,0.7465084825497634,0.15582458616330017,0.09766693128693661,True,0.038425974480386094,0.6580372975435911,0.20194176345168646,0.14002093900472226,1.965277801027868,0.7669807779784689,3030,554.3022058885987,1.2236680379515161,0.02543201062735862
2023-05-28,Aston Villa,Brighton,2,1,H,1.88,4.04,3.83,2022/23,1,4,0.5111930436621207,0.2378819114071255,0.25092504493075374,True,0.04053625183639409,0.41176335116701657,0.2551292907674048,0.33310735806557856,1.3958740968963996,1.2271568942431748,3030,554.3022058885987,1.2236680379515161,0.02543201062735862
2023-05-28,Crystal Palace,Nott'm Forest,1,1,D,1.6,4.09,5.61,2022/23,8,23,0.596515264565877,0.23335560472014746,0.1701291307139756,True,0.047751896935702476,0.5203657274749243,0.25121530226722116,0.22841897025785446,1.5342264941474426,0.916672544853937,3030,554.3022058885987,1.2236680379515161,0.02543201062735862
2023-05-28,Brentford,Man City,1,0,H,3.37,3.57,2.15,2022/23,3,18,0.2847851171902538,0.2688307688882788,0.44638411392146754,True,0.04196422893220486,0.17524315537209115,0.20383074535775245,0.6209260992701562,0.9640792195960857,2.0196427333827964,3030,554.3022058885987,1.2236680379515161,0.02543201062735862
2023-08-11,Burnley,Man City,0,3,A,9.27,5.45,1.33,2023/24,5,18,0.10340361003208316,0.17588100275181848,0.7207153872160984,True,0.04324080293664889,0.10278899723559988,0.17581359319347262,0.7213974095709272,0.6590518984301263,2.153431409933845,3040,485.69940972257217,1.2330655671917354,0.02895026593060998
2023-08-12,Arsenal,Nott'm Forest,2,1,H,1.19,7.43,15.98,2023/24,0,23,0.8099595263774367,0.12972433867956257,0.060316134943000616,True,0.03750385925109723,0.7494618575540025,0.14832701149662256,0.10221113094937528,2.5909998190760857,0.8506957504168066,3041,485.72698365333827,1.2304712386911882,0.02896206214179641
2023-08-12,Bournemouth,West Ham,1,1,D,2.7,3.53,2.59,2023/24,2,32,0.35620862830048267,0.27245419161793294,0.3713371800815843,True,0.03975687545092654,0.300091878176222,0.2485959950159833,0.45131212680779464,1.172321781872677,1.5004523308605349,3041,485.72698365333827,1.2304712386911882,0.02896206214179641
2023-08-12,Everton,Fulham,0,1,A,2.32,3.28,3.27,2023/24,9,10,0.41377075489167336,0.2926671193136226,0.29356212579470403,True,0.041722929092625316,0.3448199824939164,0.2695350557053456,0.3856449618007377,1.1522022164290258,1.236211299049233,3041,485.72698365333827,1.2304712386911882,0.02896206214179641
2023-08-12,Newcastle,Aston Villa,5,1,H,1.65,4.14,5.17,2023/24,21,1,0.5821739520689345,0.23202585046225652,0.18580019746880888,True,0.04103009745932984,0.4743906331109514,0.25391574745998285,0.2716936194290662,1.476756771875632,1.0463486765941115,3041,485.72698365333827,1.2304712386911882,0.02896206214179641
2023-08-12,Sheffield United,Crystal Palace,0,1,A,3.81,3.16,2.16,2023/24,24,8,0.25191549670047386,0.3037335577306346,0.4443509455688914,True,0.0418858507665445,0.29125216897182754,0.3084285522237572,0.400319278804415,0.8464703707078652,1.050694544023015,3041,485.72698365333827,1.2304712386911882,0.02896206214179641
2023-08-12,Brighton,Luton,4,1,H,1.28,5.99,10.91,2023/24,4,17,0.7513074408878067,0.16054649821976502,0.08814606089242828,True,0.03985393659459935,0.5320162504678788,0.23198447012106604,0.23599927941105506,1.718764173458323,1.0568724831865832,3041,485.72698365333827,1.2304712386911882,0.02896206214179641
2023-08-13,Brentford,Tottenham,2,2,D,2.6,3.52,2.7,2023/24,3,29,0.3701511138806668,0.27340707275276527,0.356441813366568,True,0.03907666407666399,0.4163110358502172,0.2339496642584154,0.3497392998913674,1.5946625810463697,1.442332641571528,3047,490.7445124846905,1.2352202388623572,0.0299607725389268
2023-08-13,Chelsea,Liverpool,1,1,D,3.04,3.75,2.26,2023/24,7,16,0.31687692089106917,0.25688155720236006,0.4262415219065709,True,0.038091911193913974,0.29448243772411126,0.24980185068231436,0.45571571159357427,1.144203996154888,1.4921742766153752,3047,490.7445124846905,1.2352202388623572,0.0299607725389268
2023-08-14,Man United,Wolves,1,0,H,1.27,6.12,10.96,2023/24,19,33,0.755633863110983,0.15680637355407656,0.08755976333494055,True,0.042041143526015734,0.6016858635485485,0.23322199856449025,0.16509213788696128,1.6793286410475983,0.7403209560643096,3049,491.76000829208186,1.2356092097720195,0.02635681602679627
2023-08-18,Nott'm Forest,Sheffield United,2,1,H,1.93,3.44,4.33,2023/24,23,24,0.4983122179363226,0.2795763315747391,0.2221114504889382,True,0.03977927166160167,0.47247719953700384,0.28391263936259986,0.24361016110039616,1.2627088605038674,0.8145491077580651,3050,488.83365458111984,1.2359391616836064,0.028639736604918534
2023-08-19,Tottenham,Man United,2,0,H,3.01,3.78,2.25,2023/24,29,19,0.31907350508154103,0.2540770503427086,0.42684944457575036,True,0.04122062261597148,0.4528458704982479,0.22827861570394625,0.31887551379780593,1.7181535122227936,1.406779322227677,3051,488.8549662864816,1.2367360830022285,0.02896327059183026
2023-08-19,Wolves,Brighton,1,4,A,4.17,4.06,1.81,2023/24,33,4,0.2308956372833959,0.2371514304117638,0.5319529323048403,True,0.038599760041734044,0.2846705691783838,0.26989573506673487,0.44543369575488123,0.9957976185547868,1.3240113298716176,3051,488.8549662864816,1.2367360830022285,0.02896327059183026
2023-08-19,Liverpool,Bournemouth,3,1,H,1.2,7.69,12.7,2023/24,16,2,0.79965774455298,0.12478404336327384,0.07555821208374613,True,0.04211250251715937,0.8077729671443357,0.1226963585880928,0.06953067426757167,2.801584911746343,0.7094495819907721,3051,488.8549662864816,1.2367360830022285,0.02896327059183026
2023-08-19,Fulham,Brentford,0,3,A,2.82,3.19,2.69,2023/24,10,3,0.3410246118262349,0.30147003302507286,0.35750535514869236,True,0.03983676479837639,0.37641723096015883,0.2623114758359951,0.36127129320384616,1.2680422794406392,1.2362401843840871,3051,488.8549662864816,1.2367360830022285,0.02896327059183026
2023-08-19,Man City,Newcastle,1,0,H,1.84,3.78,4.32,2023/24,18,21,0.5228215767634855,0.25449515905947445,0.2226832641770401,True,0.039510006901311234,0.7049331647047244,0.1716544761972292,0.12341235909804624,2.309833358558246,0.8450557807435043,3051,488.8549662864816,1.2367360830022285,0.02896327059183026
2023-08-20,Aston Villa,Everton,4,0,H,1.84,3.82,4.24,2023/24,1,9,0.5220193894389439,0.2514438943894389,0.22653671617161714,True,0.04110742218538066,0.5456684841886963,0.2430111663760256,0.2113203494352783,1.5961043564765485,0.8815940084031423,3056,492.8682434056971,1.2282687586181078,0.03251991169270393
2023-08-20,West Ham,Chelsea,3,1,H,3.27,3.59,2.18,2023/24,32,7,0.29318089015924864,0.26704777460187834,0.43977133523887296,True,0.04307752591721825,0.35435089918187807,0.2673980958011049,0.3782510050170164,1.180030865118405,1.2293873573693115,3056,492.8682434056971,1.2282687586181078,0.03251991169270393
2023-08-21,Crystal Palace,Arsenal,0,1,A,4.42,3.55,1.89,2023/24,8,0,0.21816461437912746,0.2716303086072516,0.5102050770136208,True,0.03703501383700236,0.2621267435364705,0.242656094348709,0.4952171621148206,1.0778011216114174,1.5860372500998245,3058,493.879495995878,1.2372308271349475,0.03281733164648023
2023-08-25,Chelsea,Luton,3,0,H,1.26,6.12,12.06,2023/24,7,17,0.7631490787269681,0.15711892797319935,0.0797319932998325,True,0.03996822609640871,0.7058211502468027,0.16646248425378105,0.12771636549941642,2.3943837042741367,0.9079831479861119,3059,490.9362540263903,1.2365767802513221,0.03674279318303306
2023-08-26,Arsenal,Fulham,2,2,D,1.27,5.98,10.95,2023/24,0,10,0.7528100609205801,0.1598777219680831,0.0873122171113367,True,0.04594985598395018,0.6452673590248514,0.19242849495159436,0.1623041460235546,2.1150812657981417,0.94764654793503,3060,490.9533647352584,1.2379687790712723,0.03681815750181329
2023-08-26,Bournemouth,Tottenham,0,2,A,3.47,3.86,2.03,2023/24,2,29,0.27713702646591754,0.24913613519086375,0.47372683834321877,True,0.03986263299172288,0.21614169964505917,0.2049036639361098,0.5789546364188315,1.1635991912636157,2.0373764033667356,3060,490.9533647352584,1.2379687790712723,0.03681815750181329
2023-08-26,Brentford,Crystal Palace,1,1,D,2.15,3.33,3.67,2023/24,3,8,0.4481337386464059,0.2893355970239557,0.26253066432963834,True,0.03789614340276537,0.5231746200195241,0.25389855078068446,0.22292682919979154,1.488507341591319,0.863995518955955,3060,490.9533647352584,1.2379687790712723,0.03681815750181329
2023-08-26,Brighton,West Ham,1,3,A,1.51,4.78,5.91,2023/24,4,32,0.6363757188843862,0.20103082332958638,0.16259345778602757,True,0.04066141428229764,0.5181681946320629,0.22673697588905875,0.25509482947887846,1.7589614579822803,1.1596699976338272,3060,490.9533647352584,1.2379687790712723,0.03681815750181329
2023-08-26,Everton,Wolves,0,1,A,2.43,3.36,3.02,2023/24,9,33,0.39559308554185857,0.28609857079366563,0.3183083436644757,True,0.040267509178473215,0.4063150243742991,0.29043352092000335,0.3032514547056979,1.13385714635119,0.9339739872148183,3060,490.9533647352584,1.2379687790712723,0.03681815750181329
2023-08-26,Man United,Nott'm Forest,3,2,H,1.36,5.26,8.13,2023/24,19,23,0.7013425350394102,0.18133571248167263,0.11732175247891732,True,0.048409416100423375,0.6461012316782283,0.19886352819506317,0.15503524012670833,2.008987953996963,0.8557701437120621,3060,490.9533647352584,1.2379687790712723,0.03681815750181329
2023-08-27,Sheffield United,Man City,1,2,A,14.68,6.99,1.2,2023/24,24,18,0.06521678282531419,0.13696457394500888,0.7978186432296769,True,0.0445147407935822,0.06746351404808269,0.14739257892039795,0.7851439070315195,0.5086528281874916,2.3173550293786467,3066,495.960451250244,1.2257755031277509,0.03710834603375135
2023-08-27,Burnley,Aston Villa,1,3,A,3.21,3.54,2.24,2023/24,5,1,0.29941774847640407,0.27150592446589183,0.429076327057704,True,0.040440926885565,0.28634813295286976,0.27227629020635336,0.44137557684077683,0.9745083154247989,1.2875150567524436,3066,495.960451250244,1.2257755031277509,0.03710834603375135
2023-08-27,Newcastle,Liverpool,1,2,A,2.22,3.84,3.02,2023/24,21,16,0.43229702527398783,0.24992171773652427,0.31778125698948784,True,0.041992944931686704,0.32215654967627083,0.23955449421684888,0.43828895610688046,1.292628167913552,1.5511471694502839,3066,495.960451250244,1.2257755031277509,0.03710834603375135
2023-09-01,Luton,West Ham,1,2,A,4.67,4.02,1.73,2023/24,17,32,0.20571418429856447,0.2389764280284319,0.5553093876730035,True,0.04092366329903152,0.18428968466859275,0.19187968901057634,0.6238306263208308,1.0942606680067135,2.179395908008164,3069,493.995711807714,1.2228583129087403,0.037385022601807406
2023-09-02,Brighton,Newcastle,3,1,H,2.55,3.81,2.58,2023/24,4,21,0.37627036896682403,0.2518344989148035,0.3718951321183725,True,0.04222095357095412,0.40496623600098,0.24321585546287103,0.35181790853614925,1.4608567653718971,1.3435247379556012,3070,494.00670971585765,1.223102225289112,0.03732152680926834
2023-09-02,Sheffield United,Everton,2,2,D,3.12,3.36,2.35,2023/24,24,9,0.30710351908895733,0.2851675534397461,0.4077289274712966,True,0.043663783025485126,0.35336549758925206,0.30486159901850685,0.341772903392241,0.9772110659779207,0.9553860603264455,3070,494.00670971585765,1.223102225289112,0.03732152680926834
2023-09-02,Man City,Fulham,5,1,H,1.18,7.68,15.7,2023/24,18,10,0.8137987262797272,0.1250367834648539,0.06116449025541897,True,0.041360227967901064,0.7873253172971341,0.13492941586207655,0.07774526684078946,2.609073331830513,0.6883246834096103,3070,494.00670971585765,1.223102225289112,0.03732152680926834
2023-09-02,Brentford,Bournemouth,2,2,D,1.73,3.98,4.75,2023/24,3,2,0.5559002467073827,0.24163503186024418,0.20246472143237304,True,0.03981727927743384,0.6562844205741164,0.19812135162019492,0.14559422780568862,1.994044264100942,0.8022757137647604,3070,494.00670971585765,1.223102225289112,0.03732152680926834
2023-09-02,Burnley,Tottenham,2,5,A,3.64,3.79,1.99,2023/24,5,29,0.2638823286554495,0.25343843702000957,0.4826792343245408,True,0.04109008028340844,0.22426498834848385,0.2268725687057695,0.5488624429457464,1.0246916295083708,1.753534703981367,3070,494.00670971585765,1.223102225289112,0.03732152680926834
2023-09-02,Chelsea,Nott'm Forest,0,1,A,1.4,4.84,8.03,2023/24,7,23,0.6832456683168318,0.19763304455445546,0.1191212871287129,True,0.04543028577897812,0.6071309299751374,0.21707396644788896,0.17579510357697373,1.8274376946356048,0.8567074765929482,3070,494.00670971585765,1.223102225289112,0.03732152680926834
2023-09-03,Arsenal,Man United,3,1,H,1.77,4.14,4.29,2023/24,0,19,0.5434417426266076,0.23234103489108587,0.2242172224823066,True,0.039617878232469206,0.5241554888756355,0.2214294928515826,0.2544150182727818,1.8101445669531808,1.1877360083754165,3076,499.007695643503,1.2199748151102956,0.04279386201419503
2023-09-03,Crystal Palace,Wolves,3,2,H,1.9,3.54,4.32,2023/24,8,33,0.5059351304140697,0.2715471038945572,0.22251776569137321,True,0.04028314666138022,0.46539259653004855,0.29127706071423914,0.24333034275571244,1.193123622615425,0.768726904509074,3076,499.007695643503,1.2199748151102956,0.04279386201419503
2023-09-03,Liverpool,Aston Villa,3,0,H,1.61,4.62,4.94,2023/24,16,1,0.5972303634232121,0.2081257327080891,0.1946439038686987,True,0.03999737867014752,0.6363673889681513,0.19372921862206963,0.16990339240977936,2.098204522731864,0.9734481590143078,3076,499.007695643503,1.2199748151102956,0.04279386201419503
2023-09-16,Aston Villa,Crystal Palace,3,1,H,1.94,3.64,4.01,2023/24,1,8,0.49584542113094227,0.2642692629104472,0.23988531595861046,True,0.03956575085453928,0.48129230387063143,0.2579099750014204,0.2607977211279481,1.420000361979896,0.9626275699885153,3079,489.12371311909425,1.2256954831461682,0.042937778719537474
2023-09-16,Fulham,Luton,1,0,H,1.66,3.79,5.67,2023/24,10,17,0.5777796299831419,0.2530644289635925,0.1691559410532655,True,0.04262872433178999,0.705020186271534,0.16546729489906797,0.1295125188293979,2.401513791125902,0.9191424814831664,3079,489.12371311909425,1.2256954831461682,0.042937778719537474
2023-09-16,Man United,Brighton,1,3,A,2.0,3.99,3.44,2023/24,19,4,0.48015784171051157,0.240680622411284,0.2791615358782044,True,0.04132424083464481,0.46576420004852165,0.23452492591038898,0.29971087404108937,1.6219773227922987,1.2496642675490057,3079,489.12371311909425,1.2256954831461682,0.042937778719537474
2023-09-16,Newcastle,Brentford,1,0,H,1.64,4.08,5.4,2023/24,21,3,0.5862817728956443,0.2356622812619747,0.17805594584238088,True,0.04003932196184712,0.45948106010753587,0.24706527678025628,0.2934536631122077,1.4905763023042597,1.1329183021046398,3079,489.12371311909425,1.2256954831461682,0.042937778719537474
2023-09-16,Tottenham,Sheffield United,2,1,H,1.29,6.17,9.68,2023/24,29,24,0.744967388904619,0.15575493220210027,0.09927767889328085,True,0.040574137868554905,0.7187626693790992,0.1667885388632767,0.11444879175762415,2.2991790939144887,0.7824313230023798,3079,489.12371311909425,1.2256954831461682,0.042937778719537474
2023-09-16,West Ham,Man City,1,3,A,5.6,4.22,1.61,2023/24,32,18,0.1722571256167252,0.22858765484683916,0.5991552195364355,True,0.03665626563833868,0.1543619982155525,0.18714922546082358,0.658488776323624,0.9238255805727736,2.1510088016209115,3079,489.12371311909425,1.2256954831461682,0.042937778719537474
2023-09-16,Wolves,Liverpool,1,3,A,4.77,4.35,1.67,2023/24,33,16,0.20190439662144696,0.22139861422627635,0.5766969891522767,True,0.03833105855086627,0.15838116624443768,0.21008672622926985,0.6315321075262923,0.7957861233198978,1.8658542012014123,3079,489.12371311909425,1.2256954831461682,0.042937778719537474
2023-09-17,Everton,Arsenal,0,1,A,5.74,4.37,1.57,2023/24,9,0,0.16751675558214202,0.22003345012391196,0.6124497942939461,True,0.03999165497888013,0.18875841217366413,0.20830006315787708,0.602941524668459,0.9562270914537339,1.913895473393153,3086,495.1324572791147,1.2205639571096105,0.05040000793351381
2023-09-17,Bournemouth,Chelsea,0,0,D,4.06,3.88,1.87,2023/24,2,7,0.2371064619647981,0.24810624628275266,0.5147872917524492,True,0.03879673577086851,0.24721241863211613,0.2510056872032902,0.5017818941645935,0.9413820569942439,1.4742961285993161,3086,495.1324572791147,1.2205639571096105,0.05040000793351381
2023-09-18,Nott'm Forest,Burnley,1,1,D,2.11,3.45,3.59,2023/24,23,5,0.45468228591147547,0.2780810502241198,0.2672366638644048,True,0.0423402537862938,0.4745342387272422,0.2506860269261557,0.2747797343466019,1.4610823448091774,1.0387333870873343,3088,496.13918596695896,1.2222843165044945,0.04842599991902756
2023-09-23,Brentford,Everton,1,3,A,1.93,3.56,4.16,2023/24,3,9,0.49848531767937204,0.27024625368572697,0.23126842863490094,True,0.03941820681501662,0.6000815520363578,0.22532091070107052,0.17459753726257207,1.722045163855918,0.7930413796551106,3089,492.19256841678447,1.2216349144926535,0.0447933270066403
2023-09-23,Burnley,Man United,0,1,A,4.15,3.91,1.84,2023/24,5,19,0.23165222543138558,0.2458712878619566,0.5224764867066577,True,0.040196591994576814,0.24331545752859354,0.24555956838345172,0.5111249740879544,0.9680590615366355,1.53859081973641,3089,492.19256841678447,1.2216349144926535,0.0447933270066403
2023-09-23,Crystal Palace,Fulham,0,0,D,2.08,3.34,3.87,2023/24,8,10,0.4629153445596041,0.28828260978562176,0.2488020456547743,True,0.03856836119055851,0.42126541749285557,0.2673999640685145,0.31133461843862986,1.2781626348412258,1.0538130323497201,3089,492.19256841678447,1.2216349144926535,0.0447933270066403
2023-09-23,Luton,Wolves,1,1,D,3.18,3.32,2.37,2023/24,17,33,0.30306671904971,0.2902867971620717,0.40664648378821844,True,0.03761115635218193,0.27587582712029546,0.266477313431556,0.4576468594481483,0.9610981979326929,1.3307928889200495,3089,492.19256841678447,1.2216349144926535,0.0447933270066403
2023-09-23,Man City,Nott'm Forest,2,0,H,1.16,8.11,18.46,2023/24,18,23,0.8292755071405703,0.11861400595352178,0.05211048690590799,True,0.03954470871778959,0.86189889950431,0.09196204646925103,0.046139054026439065,3.1503189396730393,0.627144753464662,3089,492.19256841678447,1.2216349144926535,0.0447933270066403
2023-09-24,Arsenal,Tottenham,2,2,D,1.64,4.37,5.0,2023/24,0,29,0.5871004492594742,0.22033060338341823,0.19256894735710756,True,0.038589049506055684,0.5312040701350629,0.20331084868047253,0.2654850811844648,2.098830758231641,1.4379515895370036,3094,496.1991770024957,1.2166118834902817,0.03923054761555922
2023-09-24,Brighton,Bournemouth,3,1,H,1.5,4.91,5.97,2023/24,4,2,0.6423617274454503,0.1962408535984064,0.16139741895614332,True,0.03783684205139748,0.6672480635098771,0.18603575595456268,0.14671618053556032,2.1538845055180325,0.8877708713893961,3094,496.1991770024957,1.2166118834902817,0.03923054761555922
2023-09-24,Chelsea,Aston Villa,0,1,A,1.86,3.9,4.09,2023/24,7,1,0.51768119328582,0.2468941075670834,0.23542469914709666,True,0.03854344251851938,0.4427493348252099,0.262428310701931,0.29482235447285904,1.3535733086075883,1.0473089173607875,3094,496.1991770024957,1.2166118834902817,0.03923054761555922
2023-09-24,Liverpool,West Ham,3,1,H,1.37,5.58,7.78,2023/24,16,32,0.7034266862835328,0.17270511831692473,0.1238681953995424,True,0.03767318120350027,0.6823898808676097,0.1751642941039348,0.1424458250284558,2.30785301328864,0.9452789102743286,3094,496.1991770024957,1.2166118834902817,0.03923054761555922
2023-09-24,Sheffield United,Newcastle,0,8,A,6.26,4.37,1.53,2023/24,24,21,0.15328025382793709,0.21957308671919593,0.6271466594528669,True,0.042172132132597184,0.21440625325853055,0.2530051027179681,0.5325886440235013,0.833321095793549,1.4934683796123833,3094,496.1991770024957,1.2166118834902817,0.03923054761555922
2023-09-30,Wolves,Man City,2,1,H,8.34,5.12,1.39,2023/24,33,18,0.11588954277953824,0.1887732005432322,0.6953372566772296,True,0.0346410371702639,0.09384159249706601,0.164252531509698,0.7419058759932363,0.6329555809273557,2.228154533013893,3099,495.22072930584574,1.203519907843678,0.043091438714153725
2023-09-30,West Ham,Sheffield United,2,0,H,1.44,4.79,7.35,2023/24,32,24,0.6682059136693105,0.20088027467302863,0.13091381165766086,True,0.039267133436533985,0.6860272542720962,0.18401034781464692,0.12996239791325706,2.1141090038090917,0.7795216505309386,3099,495.22072930584574,1.203519907843678,0.043091438714153725
2023-09-30,Newcastle,Burnley,2,0,H,1.38,5.13,8.43,2023/24,21,5,0.6979794605115989,0.18776055662885113,0.11425998285954998,True,0.0381934170788949,0.6742708608241254,0.19480681963200558,0.13092231954386896,1.9810073079130164,0.7219354551381207,3099,495.22072930584574,1.203519907843678,0.043091438714153725
2023-09-30,Tottenham,Liverpool,2,1,H,2.96,3.94,2.25,2023/24,29,16,0.3260701648557788,0.24496641826728557,0.4289634168769356,True,0.036089388881267004,0.31795108440639974,0.21358272901089628,0.46846618658270406,1.5320180470984983,1.8972884118407107,3099,495.22072930584574,1.203519907843678,0.043091438714153725
2023-09-30,Everton,Luton,1,2,A,1.65,3.87,5.72,2023/24,9,17,0.5831522211596976,0.24863079196731286,0.1682169868729897,True,0.03928371370231831,0.5752097591375311,0.23166234172669853,0.19312789913577044,1.6760534709333508,0.8470004353248073,3099,495.22072930584574,1.203519907843678,0.043091438714153725
2023-09-30,Bournemouth,Arsenal,0,4,A,6.03,4.55,1.53,2023/24,2,0,0.15957995502465389,0.2114872810546512,0.6289327639206947,True,0.039212470292365076,0.16463126593571473,0.1914558703637475,0.6439128637005377,0.9573223110875982,2.116849770718518,3099,495.22072930584574,1.203519907843678,0.043091438714153725
2023-09-30,Aston Villa,Brighton,6,1,H,2.5,3.7,2.7,2023/24,1,4,0.38437860715659866,0.25971527510580983,0.35590611773759134,True,0.04064064064064077,0.4105898037795579,0.2376728863925992,0.35173730982784307,1.510816782523694,1.379129790537316,3099,495.22072930584574,1.203519907843678,0.043091438714153725
2023-09-30,Man United,Crystal Palace,0,1,A,1.57,4.26,6.05,2023/24,19,8,0.6142322275898063,0.22637197120093805,0.15939580120925556,True,0.03697371539514149,0.5237113045712547,0.24905516894575946,0.22723352648298567,1.5161278148595814,0.8933023261921492,3099,495.22072930584574,1.203519907843678,0.043091438714153725
2023-10-01,Nott'm Forest,Brentford,1,1,D,2.65,3.21,2.85,2023/24,23,3,0.3629277000892592,0.2996132103540613,0.3374590895566796,True,0.039762163299272624,0.2924688517803924,0.246211844483447,0.46131930373616065,1.124443655568912,1.4875504630267347,3107,502.21529361806705,1.21090771581179,0.04834455790076643
2023-10-02,Fulham,Chelsea,0,2,A,3.46,3.43,2.19,2023/24,10,7,0.278655928537777,0.28109315240253885,0.44025091905968416,True,0.03718353511104566,0.34145116283570115,0.27754429414204695,0.38100454302225206,1.070507554726723,1.1494012142608387,3108,502.2098687907998,1.211789894684756,0.04456114617546337
2023-10-03,Luton,Burnley,1,2,A,2.94,3.16,2.62,2023/24,17,5,0.3275984868868806,0.30479099729349013,0.36761051581962934,True,0.038271139937277265,0.37585217958720385,0.26542351418424065,0.3587243062285553,1.2132872083338206,1.1780324617912912,3109,502.2044548023447,1.20836270864891,0.04487240975229886
2023-10-07,Burnley,Chelsea,1,4,A,5.16,3.99,1.68,2023/24,5,7,0.1864050455501051,0.24106517168885774,0.5725297827610372,True,0.03966311126653843,0.2399355113581052,0.27532831384884937,0.4847361747930455,0.8147871758125896,1.2982868975098067,3110,499.1948788521091,1.2062411807090565,0.04479026558439693
2023-10-07,Crystal Palace,Nott'm Forest,0,0,D,2.31,3.17,3.46,2023/24,8,23,0.4173036315559191,0.3040919207868054,0.2786044476572755,True,0.037375187190106685,0.48550899267946984,0.26188746034692084,0.25260354697360926,1.3896002074845395,0.9130132022729597,3110,499.1948788521091,1.2062411807090565,0.04479026558439693
2023-10-07,Everton,Bournemouth,3,0,H,1.92,3.72,4.03,2023/24,9,2,0.50186799501868,0.2590286425902864,0.2391033623910336,True,0.037789495450785804,0.46921628220679445,0.2582397822866652,0.2725439355065403,1.4028712225335696,0.9946093809179215,3110,499.1948788521091,1.2062411807090565,0.04479026558439693
2023-10-07,Fulham,Sheffield United,3,1,H,1.52,4.41,6.6,2023/24,10,24,0.6349310227480955,0.21884243867961567,0.14622653857228868,True,0.03616725797176934,0.6313472395720001,0.21560180722127176,0.15305095320672837,1.7946648702782095,0.7360887625684452,3110,499.1948788521091,1.2062411807090565,0.04479026558439693
2023-10-07,Luton,Tottenham,0,1,A,6.8,5.05,1.44,2023/24,17,29,0.14146759007081164,0.19049101237257804,0.6680413975566104,True,0.03952306995405408,0.1391215323509157,0.16071518727007725,0.7001632803790069,1.0493435809424347,2.542632854599293,3110,499.1948788521091,1.2062411807090565,0.04479026558439693
2023-10-07,Man United,Brentford,2,1,H,1.66,4.19,5.12,2023/24,19,3,0.5812601266954595,0.23028444160249706,0.18845543170204349,True,0.03638562304109039,0.4560000570988759,0.24749300802569224,0.296506934875432,1.4785498776958304,1.1356474666733405,3110,499.1948788521091,1.2062411807090565,0.04479026558439693
2023-10-08,Wolves,Aston Villa,1,1,D,3.63,3.61,2.06,2023/24,33,1,0.265415597440281,0.26688604396349586,0.4676983585962233,True,0.03792729711710274,0.2775871079871845,0.25950242725466544,0.4629104647581502,1.0059256111847237,1.3902116150077075,3116,504.18549881090604,1.209583457000093,0.043207937332174866
2023-10-08,West Ham,Newcastle,2,2,D,3.39,3.67,2.13,2023/24,32,21,0.28447438234876693,0.26277061475812535,0.45275500289310794,True,0.036948382845277905,0.3310710078438287,0.24400892328359258,0.424920068872579,1.2674995902720427,1.4728210021890378,3116,504.18549881090604,1.209583457000093,0.043207937332174866
2023-10-08,Arsenal,Man City,1,0,H,3.0,3.3,2.5,2023/24,0,18,0.3216374269005848,0.29239766081871343,0.3859649122807018,True,0.036363636363636376,0.2823752737060404,0.22090442841695712,0.4967202978770026,1.309261061117649,1.8099443390556993,3116,504.18549881090604,1.209583457000093,0.043207937332174866
2023-10-08,Brighton,Liverpool,2,2,D,3.25,4.19,2.04,2023/24,4,16,0.2968421710638269,0.23024750738840985,0.47291032154776336,True,0.03655187061055365,0.27391268118031303,0.2135193882467392,0.5125679305729478,1.3494417592602919,1.9203149427457236,3116,504.18549881090604,1.209583457000093,0.043207937332174866
2023-10-21,Sheffield United,Man United,1,2,A,7.91,5.54,1.37,2023/24,24,19,0.12192861124632316,0.17408940703220513,0.7039819817214718,True,0.03685467277778054,0.15372395320762133,0.20462052566077468,0.6416555211316038,0.7989690308802181,1.9162370384935978,3120,495.14296352179116,1.2136176464714308,0.04425725217595427
2023-10-21,Newcastle,Crystal Palace,4,0,H,1.46,4.45,7.75,2023/24,21,8,0.6594231302402508,0.21635006070803733,0.12422680905171177,True,0.038682866037426766,0.560290630830157,0.2409887129185153,0.19872065625132768,1.5877494794075036,0.8214852621892654,3120,495.14296352179116,1.2136176464714308,0.04425725217595427
2023-10-21,Man City,Brighton,2,1,H,1.36,5.74,7.8,2023/24,18,4,0.7085701986503424,0.1678842282516491,0.12354557309800845,True,0.03771527372675143,0.7423391755339702,0.14740588169640345,0.11025494276962616,2.6219361962864256,0.9110336476201384,3120,495.14296352179116,1.2136176464714308,0.04425725217595427
2023-10-21,Nott'm Forest,Luton,2,2,D,1.73,3.67,5.27,2023/24,23,17,0.5556596211692442,0.2619321919953113,0.18240818683544446,True,0.04026756679673449,0.5462718769776612,0.2405811884159276,0.21314693460641151,1.5929030102008266,0.8815385869686496,3120,495.14296352179116,1.2136176464714308,0.04425725217595427
2023-10-21,Chelsea,Arsenal,2,2,D,3.3,3.33,2.32,2023/24,7,0,0.2929626174603535,0.2903233146003503,0.416714067939296,True,0.03436508608922417,0.332181093986972,0.2521351517552991,0.41568375425772874,1.20624037272802,1.3844105695659152,3120,495.14296352179116,1.2136176464714308,0.04425725217595427
2023-10-21,Brentford,Burnley,3,0,H,1.75,3.81,4.9,2023/24,3,5,0.5505212096191557,0.2528640726597172,0.196614717721127,True,0.037977395682682547,0.6190515734002583,0.21547002651376568,0.16547840008597564,1.8145365325274465,0.8010586950799894,3120,495.14296352179116,1.2136176464714308,0.04425725217595427
2023-10-21,Bournemouth,Wolves,1,2,A,2.35,3.42,3.11,2023/24,2,33,0.40937275082077,0.28129414164585076,0.3093331075333793,True,0.03947298407245903,0.34046045301646893,0.2770306564766077,0.38250889050692316,1.0716050633616816,1.1555948348091987,3120,495.14296352179116,1.2136176464714308,0.04425725217595427
2023-10-21,Liverpool,Everton,2,0,H,1.39,5.43,7.38,2023/24,16,9,0.69236151784835,0.1772343480311614,0.13040413412048868,True,0.039087878060306114,0.7610793404449525,0.14729249070723516,0.09162816884781225,2.4770822369694154,0.7233151177743482,3120,495.14296352179116,1.2136176464714308,0.04425725217595427
2023-10-22,Aston Villa,West Ham,4,1,H,1.81,3.94,4.31,2023/24,1,32,0.5321004327268055,0.24444207696332942,0.22345749030986498,True,0.038311855929207494,0.49932815294394145,0.2310111545200405,0.2696606925360182,1.6821952628714756,1.166440621037746,3128,502.13768321015255,1.2187980449200249,0.044395152415424466
2023-10-23,Tottenham,Fulham,2,0,H,1.5,4.74,6.22,2023/24,29,10,0.6420078915048735,0.2031670542736941,0.1548250542214325,True,0.03840883498175196,0.6071114146747068,0.19937708316955527,0.19351150215573815,2.060369166664415,1.0660109791166112,3129,502.13241344858375,1.2226275249421248,0.0448172490539346
2023-10-27,Crystal Palace,Tottenham,1,2,A,4.54,3.84,1.79,2023/24,8,29,0.21192706374214557,0.2505596014034742,0.5375133348543804,True,0.03934020172437824,0.2848073015435417,0.2442933221694231,0.47089937628703543,1.12072364637217,1.523565049202137,3130,499.1234115299902,1.2245868991265838,0.04463788732089163
2023-10-28,Chelsea,Brentford,0,2,A,1.65,4.07,5.39,2023/24,7,3,0.5842732839187883,0.23686754753464387,0.17885916854656783,True,0.03728960871818021,0.4489499962220521,0.2613574188838562,0.2896925848940916,1.3580655258097094,1.0289447016681301,3131,499.1241642872553,1.223524268741912,0.04455844928916309
2023-10-28,Arsenal,Sheffield United,5,0,H,1.13,9.57,21.8,2023/24,0,24,0.8547650078398323,0.10092836560700214,0.04430662655316561,True,0.03532051978690065,0.8550688742020702,0.09646897073740834,0.048462155060521456,3.068467911335455,0.6207599042819563,3131,499.1241642872553,1.223524268741912,0.04455844928916309
2023-10-28,Bournemouth,Burnley,2,1,H,2.17,3.58,3.35,2023/24,2,5,0.4436741383073571,0.2689309721025041,0.28739488959013876,True,0.03866656471267227,0.41385652181635063,0.2656150484585944,0.3205284297250549,1.2795752687683133,1.0879916053080638,3131,499.1241642872553,1.223524268741912,0.04455844928916309
2023-10-28,Wolves,Newcastle,2,2,D,4.22,3.84,1.85,2023/24,33,21,0.22830844779822473,0.2509014712782574,0.520790080923518,True,0.037924031851756856,0.23772246263579,0.24979079948150862,0.5124867378827013,0.9248902831681864,1.5025266872455678,3131,499.1241642872553,1.223524268741912,0.04455844928916309
2023-10-29,West Ham,Everton,0,1,A,2.07,3.69,3.5,2023/24,32,9,0.4645967559167288,0.26062744844109176,0.2747757956421796,True,0.03980878318099945,0.5407403026697046,0.23406466197565332,0.22519503535464197,1.6578941595553416,0.9678328749955765,3135,502.1189215365126,1.2257268056975925,0.04417025640900982
2023-10-29,Man United,Man City,0,3,A,5.48,4.25,1.62,2023/24,19,18,0.17630068164475604,0.22732417303841485,0.596375145316829,True,0.03505982008916031,0.20494560223721225,0.21612532688872507,0.5789290708740625,0.9961174816970236,1.8516547294053451,3135,502.1189215365126,1.2257268056975925,0.04417025640900982
2023-10-29,Aston Villa,Luton,3,1,H,1.34,5.71,8.49,2023/24,1,17,0.7181283413746057,0.16852749167109837,0.11334416695429583,True,0.03918563538092279,0.7263265165869333,0.16152874571006476,0.11214473770300161,2.368246252060845,0.8007467621699372,3135,502.1189215365126,1.2257268056975925,0.04417025640900982
2023-10-29,Brighton,Fulham,1,1,D,1.61,4.3,5.3,2023/24,4,10,0.5958793076400146,0.22310829890707526,0.18101239345291012,True,0.042355397240262826,0.5549199488048312,0.21860283941899694,0.22647721177617222,1.835733311048621,1.0814719886493216,3135,502.1189215365126,1.2257268056975925,0.04417025640900982
2023-10-29,Liverpool,Nott'm Forest,3,0,H,1.23,6.96,12.16,2023/24,16,23,0.7825488760180193,0.13829527550318443,0.07915584847879636,True,0.03892313310610418,0.7743422315558293,0.13936486690244798,0.08629290154172263,2.580776780012607,0.7326606390377964,3135,502.1189215365126,1.2257268056975925,0.04417025640900982
2023-11-04,Brentford,West Ham,3,2,H,2.15,3.66,3.33,2023/24,3,32,0.4478125241123885,0.26305926962886206,0.2891282062587493,True,0.03864062308591487,0.510129879594095,0.232822927129429,0.2570471932764763,1.6621096898558125,1.10020646854592,3140,501.0698614272768,1.2211807321835377,0.04603047241731662
2023-11-04,Burnley,Crystal Palace,0,2,A,3.35,3.17,2.35,2023/24,5,8,0.28716535281306016,0.3034712719002371,0.4093633752867028,True,0.0394967908293955,0.3025454049687992,0.2847489415475656,0.41270565348363514,0.9434005988352413,1.1585679314717692,3140,501.0698614272768,1.2211807321835377,0.04603047241731662
2023-11-04,Everton,Brighton,1,1,D,2.83,3.6,2.46,2023/24,9,4,0.3405394181298018,0.26770182036314977,0.3917587615070484,True,0.0376387332777921,0.28777470792907406,0.24142909005213506,0.47079620201879085,1.1480591675580067,1.5475332994183906,3140,501.0698614272768,1.2211807321835377,0.04603047241731662
2023-11-04,Fulham,Man United,0,1,A,3.0,3.56,2.36,2023/24,10,19,0.3211424377713901,0.27062564980735127,0.4082319124212587,True,0.037961023297149676,0.33959093945768837,0.25762014090881213,0.4027889196334991,1.1830541772760945,1.3157209407702488,3140,501.0698614272768,1.2211807321835377,0.04603047241731662
2023-11-04,Man City,Bournemouth,6,1,H,1.1,11.54,26.43,2023/24,18,2,0.8795538934830428,0.08383962589526406,0.03660648062169305,True,0.033581814402411814,0.8924646686906671,0.07504463591653517,0.03249069539279761,3.3349243443905134,0.5357588953280439,3140,501.0698614272768,1.2211807321835377,0.04603047241731662
2023-11-04,Newcastle,Arsenal,1,0,H,2.8,3.23,2.68,2023/24,21,0,0.3434479694021679,0.297725793909,0.35882623668883207,True,0.03987470872088039,0.3877138201353223,0.2315811772808483,0.38070500258382967,1.52096162798408,1.5049644335436445,3140,501.0698614272768,1.2211807321835377,0.04603047241731662
2023-11-04,Sheffield United,Wolves,2,1,H,4.12,3.68,1.91,2023/24,24,33,0.23382879346365223,0.2617865839864802,0.5043846225498676,True,0.038017786460808,0.24329877321172244,0.2608641468209108,0.49583707996736703,0.8859401142077652,1.4022705749248099,3140,501.0698614272768,1.2211807321835377,0.04603047241731662
2023-11-05,Luton,Liverpool,1,1,D,13.28,7.63,1.2,2023/24,17,16,0.07242616581130597,0.12605759921024157,0.8015162349784526,True,0.03969613710411757,0.0914201240596315,0.13581188628001384,0.7727679896603546,0.8049434044430599,2.6732919257718226,3147,507.0547371670572,1.2257552767237576,0.05267808566880661
2023-11-05,Nott'm Forest,Aston Villa,2,0,H,3.91,3.75,1.94,2023/24,23,1,0.24641888161393358,0.2569327538961281,0.4966483644899383,True,0.03788505989576474,0.26190450603949966,0.23587826379256274,0.5022172301679377,1.082583511962195,1.6093737560960493,3147,507.0547371670572,1.2257552767237576,0.05267808566880661
2023-11-06,Tottenham,Chelsea,1,4,A,2.32,3.63,3.04,2023/24,29,7,0.4162718411443402,0.26604701692971605,0.3176811419259438,True,0.03546394484358517,0.5019143273450043,0.23218389201909267,0.2659017806359031,1.6594881422093022,1.1337847109280532,3149,508.03764512379706,1.2339245963069325,0.04848203595244495
2023-11-11,Wolves,Tottenham,2,1,H,3.14,3.53,2.3,2023/24,33,29,0.3072445998516567,0.27329972904651617,0.419455671101827,True,0.03654006525544018,0.25862499178968873,0.2298486968785776,0.5115263113317337,1.121770308125472,1.6874948152806686,3150,503.9726359268833,1.2273549713331517,0.04922570237703469
2023-11-11,Crystal Palace,Everton,2,3,A,2.61,3.12,2.95,2023/24,8,9,0.3674735593910576,0.3074057660290577,0.3251206745798848,True,0.04263763381238528,0.4612279633254847,0.2798212688033725,0.2589507678711426,1.241959223192332,0.8458757262791633,3150,503.9726359268833,1.2273549713331517,0.04922570237703469
2023-11-11,Man United,Luton,1,0,H,1.29,5.95,9.95,2023/24,19,17,0.7426910121873961,0.16102040432298168,0.09628858348962223,True,0.04376353790318266,0.6845258935258222,0.18242304418949615,0.13305106228468186,2.1294292543455127,0.8000170358140173,3150,503.9726359268833,1.2273549713331517,0.04922570237703469
2023-11-11,Arsenal,Burnley,3,1,H,1.2,7.07,16.18,2023/24,0,5,0.8039251514133553,0.13645122796266285,0.05962362062398185,True,0.03658074619045881,0.7974901760231148,0.12939169759600683,0.07311812638087826,2.632590915673086,0.6589964125825631,3150,503.9726359268833,1.2273549713331517,0.04922570237703469
2023-11-11,Bournemouth,Newcastle,2,0,H,3.97,3.71,1.93,2023/24,2,21,0.24230231700342797,0.2592830723729404,0.4984146106236317,True,0.03956566276739104,0.16836792915051946,0.1986849853010468,0.632947085548434,0.9128266000517681,2.0066750750654814,3150,503.9726359268833,1.2273549713331517,0.04922570237703469
2023-11-12,Aston Villa,Fulham,3,1,H,1.65,4.13,5.21,2023/24,1,10,0.5826777837051801,0.23278894506381284,0.1845332712310071,True,0.04012993632044348,0.5459611633113493,0.2301938577995311,0.22384497888912,1.6820387693944925,0.9734495872365261,3155,507.9557079220104,1.2319164132523237,0.050937858888907145
2023-11-12,Brighton,Sheffield United,1,1,D,1.27,6.18,10.88,2023/24,4,24,0.756298324271185,0.15542052942142479,0.08828114630739017,True,0.041125637243659696,0.7795798666035885,0.1339161148087918,0.08650401858762018,2.6712983305321307,0.7703950735833671,3155,507.9557079220104,1.2319164132523237,0.050937858888907145
2023-11-12,Chelsea,Man City,4,4,D,4.65,3.92,1.77,2023/24,7,18,0.20775580967095744,0.24644502932906945,0.545799160999973,True,0.03512755566961623,0.20683289235313068,0.22632400109486253,0.5668431065520068,0.9239220526394389,1.7184966653476819,3155,507.9557079220104,1.2319164132523237,0.050937858888907145
2023-11-12,Liverpool,Brentford,3,0,H,1.38,5.42,7.57,2023/24,16,3,0.6959372816153174,0.17719436321570808,0.1268683551689746,True,0.04123992247905939,0.623150931631303,0.1975911237119294,0.179257944656768,2.0397396222494497,0.9825876282739398,3155,507.9557079220104,1.2319164132523237,0.050937858888907145
2023-11-12,West Ham,Nott'm Forest,3,2,H,1.8,3.77,4.58,2023/24,32,23,0.5346259358570252,0.2552590675179431,0.21011499662503175,True,0.039148156299187775,0.5345963885361987,0.228637734800492,0.23676587666330928,1.7001209032260225,1.038052137069288,3155,507.9557079220104,1.2319164132523237,0.050937858888907145
2023-11-25,Brentford,Arsenal,0,1,A,5.73,4.06,1.61,2023/24,3,0,0.1674947534573371,0.23639037864791668,0.5961148678947463,True,0.041943500949599866,0.3194140064815937,0.2336323305186542,0.446953662999752,1.3098966451553737,1.5967481301208644,3160,499.7907456435114,1.2348533170211942,0.048101427149333686
2023-11-25,Burnley,West Ham,1,2,A,3.43,3.43,2.18,2023/24,5,32,0.2798459563543004,0.2798459563543004,0.44030808729139925,True,0.04180597533902142,0.26750377869493397,0.2416819327433266,0.4908142885617397,1.0724035212108882,1.5560107221047361,3160,499.7907456435114,1.2348533170211942,0.048101427149333686
2023-11-25,Luton,Crystal Palace,2,1,H,3.98,3.34,2.03,2023/24,17,8,0.2408357250433349,0.28698388792589014,0.4721803870307749,True,0.04326831645024942,0.30178560861131193,0.27562803112969114,0.4225863602589968,0.9806942059253232,1.2214087683149297,3160,499.7907456435114,1.2348533170211942,0.048101427149333686
2023-11-25,Man City,Liverpool,1,1,D,1.71,4.31,4.54,2023/24,18,16,0.5638873919696608,0.22372330400652435,0.21238930402381495,True,0.03707820030296238,0.5555056686936581,0.2098102590970939,0.23468407220924817,1.9488670274548414,1.1882240231122818,3160,499.7907456435114,1.2348533170211942,0.048101427149333686
2023-11-25,Newcastle,Chelsea,4,1,H,2.68,3.54,2.59,2023/24,21,7,0.35819041293901627,0.27117240301597845,0.3706371840450053,True,0.04172059016480967,0.4745693424964566,0.24719798460556258,0.27823267289798104,1.4921753352736085,1.0724952691709984,3160,499.7907456435114,1.2348533170211942,0.048101427149333686
2023-11-25,Nott'm Forest,Brighton,2,3,A,3.62,3.6,2.07,2023/24,23,4,0.26635784597568035,0.2678376117866563,0.4658045422376632,True,0.03711265914004347,0.30286319051939314,0.2346026471242334,0.4625341623563736,1.2475504636696877,1.604301188889947,3160,499.7907456435114,1.2348533170211942,0.048101427149333686
2023-11-25,Sheffield United,Bournemouth,1,3,A,3.41,3.49,2.19,2023/24,24,2,0.28295306883262555,0.27646703860150523,0.44057989256586916,True,0.03640908782041774,0.3563023709363034,0.2539886119388129,0.3897090171248835,1.2441743435381685,1.3149947242378812,3160,499.7907456435114,1.2348533170211942,0.048101427149333686
2023-11-26,Everton,Man United,0,3,A,2.69,3.41,2.66,2023/24,9,19,0.3571257022941938,0.2817208619270913,0.3611534357787148,True,0.040942193484780454,0.2937565040735184,0.26141161085630954,0.44483188507017235,1.0352599247292247,1.3470549047366414,3167,505.7781770583324,1.2330764756145232,0.04731137933662227
2023-11-26,Tottenham,Aston Villa,1,2,A,2.63,3.76,2.56,2023/24,29,1,0.3667286415312872,0.2565149806455546,0.3767563778231583,True,0.03681058369063983,0.4923323917368767,0.21551807204560527,0.29214953621751816,1.8721107991036865,1.3951552211115634,3167,505.7781770583324,1.2330764756145232,0.04731137933662227
2023-11-27,Fulham,Wolves,3,2,H,2.4,3.29,3.11,2023/24,10,33,0.39981009616323915,0.2916547813956759,0.30853512244108483,True,0.04216144280795042,0.45037867003033805,0.27098845924592113,0.27863287072374077,1.2874714569898142,0.942452979823474,3169,506.7636355838707,1.22593068931376,0.04741510697364213
2023-12-02,Arsenal,Wolves,2,1,H,1.24,6.36,13.17,2023/24,0,33,0.7757218110288725,0.15124135938298772,0.07303682958813985,True,0.039614461573015625,0.7047626812428236,0.17507549646347279,0.1201618222937034,2.1874510702470737,0.7599538495105839,3170,502.71130299368434,1.226623086729346,0.047751305992530656
2023-12-02,Brentford,Luton,3,1,H,1.53,4.39,6.34,2023/24,3,17,0.6289924179934236,0.21921603633939368,0.15179154566718267,True,0.03911391066825809,0.6402361448991926,0.20277693777185704,0.15698691732895015,1.935423033918056,0.8222314521563507,3170,502.71130299368434,1.226623086729346,0.047751305992530656
2023-12-02,Burnley,Sheffield United,5,0,H,1.75,3.73,5.07,2023/24,5,24,0.5511656577608997,0.25858978581275455,0.190244556426346,True,0.03676374495099988,0.5022964015068063,0.2506493897521136,0.24705420874108028,1.4832389407258784,0.9474408752898886,3170,502.71130299368434,1.226623086729346,0.047751305992530656
2023-12-02,Newcastle,Man United,1,0,H,2.0,3.76,3.68,2023/24,21,19,0.4818364163137955,0.2562959661243593,0.26186761756184534,True,0.03769657724329312,0.4927731442857426,0.23931471145186783,0.26791214426238963,1.5813346077213555,1.0907477980227869,3170,502.71130299368434,1.226623086729346,0.047751305992530656
2023-12-02,Nott'm Forest,Everton,0,1,A,2.84,3.16,2.71,2023/24,23,9,0.33936214057001557,0.3049963541831785,0.35564150524680593,True,0.03757206229577004,0.43372253620913687,0.2582627047258746,0.3080147590649887,1.3551712086081773,1.0930142444178788,3170,502.71130299368434,1.226623086729346,0.047751305992530656
2023-12-03,Bournemouth,Aston Villa,2,2,D,3.18,3.93,2.13,2023/24,2,1,0.30283593266694886,0.24504281574577544,0.4521212515872758,True,0.03840190308880009,0.22876143567685137,0.21702834501788262,0.554210219305266,1.0787834164673962,1.8242056389437886,3175,506.69689513369286,1.2328156021723475,0.055873554106188904
2023-12-03,Chelsea,Brighton,3,2,H,1.64,4.33,5.16,2023/24,7,4,0.5894202562100332,0.22324462359918115,0.18733512019078574,True,0.03450142939046863,0.46545775805597955,0.2330353727115497,0.30150686923247066,1.6038750770900922,1.238028617916498,3175,506.69689513369286,1.2328156021723475,0.055873554106188904
2023-12-03,Liverpool,Fulham,4,3,H,1.24,6.82,11.43,2023/24,16,10,0.7750107871540405,0.14091105220982553,0.08407816063613388,True,0.040568242752647254,0.7273747804549394,0.1618007016345229,0.11082451791053799,2.319857755946972,0.7650233883872838,3175,506.69689513369286,1.2328156021723475,0.055873554106188904
2023-12-03,Man City,Tottenham,3,3,D,1.25,6.97,10.56,2023/24,18,29,0.7705874531621504,0.13819717596164818,0.0912153708762015,True,0.038168992652493294,0.722742645053106,0.14977488066724542,0.12748247427964848,2.663862079430877,1.0381065576314676,3175,506.69689513369286,1.2328156021723475,0.055873554106188904
2023-12-03,West Ham,Crystal Palace,1,1,D,1.95,3.55,4.13,2023/24,32,8,0.4946942218473218,0.27173344580345843,0.2335723323492197,True,0.03664140427091023,0.4834670654873854,0.24711356379655672,0.2694193707160579,1.4826999520383093,1.0286868200674284,3175,506.69689513369286,1.2328156021723475,0.055873554106188904
2023-12-05,Luton,Arsenal,3,4,A,16.38,7.06,1.2,2023/24,17,0,0.05892712567503276,0.13671760886077006,0.8043552654641972,True,0.03602645387347936,0.14534527601639105,0.17963269660743247,0.6750220273761762,0.9029168830246025,2.208110013343534,3180,509.65419567567267,1.2289533478417525,0.05160371883967155
2023-12-05,Wolves,Burnley,1,0,H,1.93,3.61,4.12,2023/24,33,5,0.4992330181491067,0.2669029709218216,0.2338640109290718,True,0.03786147187715594,0.49337728290049954,0.2562198661155458,0.25040285098395454,1.4245557876838038,0.9227657359121391,3180,509.65419567567267,1.2289533478417525,0.05160371883967155
2023-12-06,Sheffield United,Liverpool,0,2,A,14.76,7.96,1.19,2023/24,24,16,0.06554096690985177,0.1215307376368608,0.8129282954532875,True,0.033714952664074094,0.057891768661527815,0.10519866401879067,0.8369095673196817,0.6632612356213077,2.962074512262883,3182,510.63190991084804,1.2298269335939593,0.05608811365934651
2023-12-06,Man United,Chelsea,2,1,H,2.79,3.6,2.5,2023/24,19,7,0.34590107229332406,0.26807333102732617,0.3860255966793497,True,0.03620071684587822,0.434414116730047,0.25469169933065433,0.31089418393929863,1.3657324317161434,1.1070481837641666,3182,510.63190991084804,1.2298269335939593,0.05608811365934651
2023-12-06,Fulham,Nott'm Forest,5,0,H,2.01,3.43,3.94,2023/24,10,23,0.47706324859943733,0.27956184538917456,0.24337490601138803,True,0.04286473391430334,0.5070557543871957,0.23781449666539625,0.2551297489474079,1.5837080158116226,1.0373037590170657,3182,510.63190991084804,1.2298269335939593,0.05608811365934651
2023-12-06,Brighton,Brentford,2,1,H,1.77,4.05,4.45,2023/24,4,3,0.5450215468360172,0.2381946019505557,0.21678385121342708,True,0.036604432782938456,0.4464687152872436,0.23078434800134673,0.32274693671140964,1.6063898793097702,1.327037517619421,3182,510.63190991084804,1.2298269335939593,0.05608811365934651
2023-12-06,Aston Villa,Man City,1,0,H,5.19,4.25,1.65,2023/24,1,18,0.18633664155606042,0.227549922276695,0.5861134361672447,True,0.034032951067973105,0.2214619900240729,0.20432218288269222,0.574215827093235,1.1522209676713027,1.993669671583081,3182,510.63190991084804,1.2298269335939593,0.05608811365934651
2023-12-06,Crystal Palace,Bournemouth,0,2,A,2.29,3.41,3.22,2023/24,8,2,0.419685891090055,0.2818418447496263,0.2984722641603186,True,0.0404953608834131,0.5265511298945333,0.24297703986242214,0.2304718302430448,1.5421467477289772,0.914860030135874,3182,510.63190991084804,1.2298269335939593,0.05608811365934651
2023-12-07,Everton,Newcastle,3,0,H,3.17,3.45,2.31,2023/24,9,21,0.30384654977181486,0.27918653993526177,0.4169669102929234,True,0.03821291861341236,0.23750996728145188,0.24016151310965236,0.5223285196088959,0.9465855215800486,1.553850736015121,3188,515.5996786663479,1.2382892107197612,0.06175942922794227
2023-12-07,Tottenham,West Ham,1,2,A,1.68,4.29,4.79,2023/24,29,32,0.5739410951443296,0.22476014914742973,0.20129875570824082,True,0.037106595561710254,0.583221282455794,0.19363248887474624,0.22314622866945968,2.1526007633598137,1.2598770761131513,3188,515.5996786663479,1.2382892107197612,0.06175942922794227
2023-12-09,Man United,Bournemouth,0,3,A,1.66,4.41,4.74,2023/24,19,2,0.579163480400306,0.21800711507131695,0.20282940452837714,True,0.04013747230375042,0.6555361232443877,0.1916082673240253,0.15285560943158716,2.0294335381996995,0.8439637301810062,3190,515.5334152335653,1.2411670639540413,0.06156138579155315
2023-12-09,Aston Villa,Arsenal,1,0,H,3.62,3.72,2.03,2023/24,1,0,0.2662144916909323,0.25905818815085346,0.4747273201582143,True,0.037671135662150856,0.3555137623950454,0.22872882810653397,0.4157574094984206,1.430196092968063,1.5672156551223753,3190,515.5334152335653,1.2411670639540413,0.06156138579155315
2023-12-09,Brighton,Burnley,1,1,D,1.53,4.5,6.2,2023/24,4,5,0.6302093921528765,0.21427119333197803,0.15551941451514534,True,0.037107316044697525,0.671345817771088,0.18067515110961338,0.14797903111929844,2.170682948760417,0.8925172806607594,3190,515.5334152335653,1.2411670639540413,0.06156138579155315
2023-12-09,Crystal Palace,Liverpool,1,2,A,6.59,4.62,1.49,2023/24,8,16,0.14600190461242835,0.20825812800777116,0.6457399673798006,True,0.039336224332812586,0.18710156574381842,0.22049132278465178,0.5924071114715297,0.848758802449875,1.7422027555258461,3190,515.5334152335653,1.2411670639540413,0.06156138579155315
2023-12-09,Sheffield United,Brentford,1,0,H,4.61,3.86,1.78,2023/24,24,3,0.20902187933510183,0.24963493879140405,0.5413431818734942,True,0.03778485001825449,0.14537147313287374,0.19273648233203888,0.6618920445350875,0.7906078129748599,1.9957927126067074,3190,515.5334152335653,1.2411670639540413,0.06156138579155315
2023-12-09,Wolves,Nott'm Forest,1,1,D,1.92,3.37,4.53,2023/24,33,23,0.5016116790048006,0.28578469545674096,0.2126036255384585,True,0.038319790254223385,0.4805969035824454,0.2533949072055604,0.2660081892119941,1.4159630076589855,0.9707362675362479,3190,515.5334152335653,1.2411670639540413,0.06156138579155315
2023-12-10,Everton,Chelsea,2,0,H,2.54,3.47,2.78,2023/24,9,7,0.377977869726036,0.2766754435458592,0.34534668672810487,True,0.04159745565774786,0.2999105859880906,0.25667145696452254,0.4434179570473869,1.0482962893648327,1.3449282770136801,3196,520.4913907748984,1.2372682214276929,0.06444052387826267
2023-12-10,Fulham,West Ham,5,0,H,2.22,3.54,3.26,2023/24,10,32,0.43325674640717216,0.27170338334009103,0.29503987025273687,True,0.03968479241433376,0.4341836154763949,0.23305535315976267,0.3327610313638423,1.5420096750907029,1.3158833655110025,3196,520.4913907748984,1.2372682214276929,0.06444052387826267
2023-12-10,Luton,Man City,1,2,A,15.25,7.38,1.19,2023/24,17,18,0.06296625839668413,0.13011320332648144,0.8069205382768344,True,0.04141125995913497,0.08458430225856756,0.12113562245895819,0.794280075282474,0.8569689463001124,2.9080669177549257,3196,520.4913907748984,1.2372682214276929,0.06444052387826267
2023-12-10,Tottenham,Newcastle,4,1,H,2.08,3.88,3.34,2023/24,29,21,0.4632123759686597,0.24832003660175578,0.28846758742958456,True,0.037902387136907745,0.4378191373861728,0.2201373428912394,0.34204351972258745,1.7013940281550244,1.4774710546481569,3196,520.4913907748984,1.2372682214276929,0.06444052387826267
2023-12-15,Nott'm Forest,Tottenham,0,2,A,5.06,4.17,1.66,2023/24,23,29,0.1900554609851189,0.23061885673494043,0.5793256822799407,True,0.03984625052945878,0.2358409364496663,0.20407060906640248,0.5600884544839311,1.21233343135519,1.988584626712623,3200,519.2726142395579,1.2540966943004295,0.06363874758345375
2023-12-16,Man City,Crystal Palace,2,2,D,1.18,7.38,18.26,2023/24,18,8,0.8166507084247399,0.13057558752590692,0.05277370404935339,True,0.03772349472803205,0.7875188740866511,0.13582835483631123,0.07665277107703798,2.4994146577436003,0.6243613142233125,3201,519.2331088629572,1.2523151613926227,0.06357506831113818
2023-12-16,Newcastle,Fulham,3,0,H,1.89,3.78,4.08,2023/24,21,10,0.5093632958801498,0.2546816479400749,0.23595505617977525,True,0.03874883286648001,0.5517988668383436,0.21502057628019905,0.2331805568814572,1.8303689745959142,1.0983743800846164,3201,519.2331088629572,1.2523151613926227,0.06357506831113818
2023-12-16,Burnley,Everton,0,2,A,3.3,3.48,2.22,2023/24,5,9,0.29114095780762456,0.2760819427486095,0.43277709944376613,True,0.040837075319833716,0.35430347531732787,0.2688506270499598,0.3768458976327127,1.1126993894311257,1.1580873744862166,3201,519.2331088629572,1.2523151613926227,0.06357506831113818
2023-12-16,Chelsea,Sheffield United,2,0,H,1.2,7.63,14.35,2023/24,7,24,0.8058682603879542,0.1267420593008578,0.0673896803111878,True,0.03408134343466651,0.7703515640106027,0.1458213906794445,0.08382704530995258,2.3857828802290295,0.6263886637166732,3201,519.2331088629572,1.2523151613926227,0.06357506831113818
2023-12-17,Arsenal,Brighton,2,0,H,1.48,4.76,6.66,2023/24,0,4,0.6522533495736905,0.2028014616321559,0.14494518879415347,True,0.035909859439271274,0.6124776839706609,0.1881127132548638,0.19940960277447511,2.196526277243608,1.169125870985743,3205,522.1876884141536,1.2500693825892577,0.06323113810629682
2023-12-17,Brentford,Aston Villa,1,2,A,3.18,3.46,2.29,2023/24,3,1,0.30232291936936245,0.27785748080767997,0.4198195998229575,True,0.04016397255291748,0.40124194091882004,0.24655870378306202,0.35219935529811786,1.3622869467543777,1.2572297252115445,3205,522.1876884141536,1.2500693825892577,0.06323113810629682
2023-12-17,Liverpool,Man United,0,0,D,1.35,5.88,7.97,2023/24,16,19,0.7148080187794286,0.16411408594425655,0.12107789527631477,True,0.0362792823807343,0.6337576951362497,0.1959844601175803,0.1702578447461696,2.0068371785142527,0.9153333497087158,3205,522.1876884141536,1.2500693825892577,0.06323113810629682
2023-12-17,West Ham,Wolves,3,0,H,1.96,3.6,4.0,2023/24,32,33,0.4915346805024577,0.2676133260513381,0.24085199344620425,True,0.03798185941043086,0.510005831775268,0.23759388607689766,0.25240028214783444,1.5700304189338636,1.0144272881425211,3205,522.1876884141536,1.2500693825892577,0.06323113810629682
2023-12-21,Crystal Palace,Brighton,1,1,D,3.24,3.33,2.3,2023/24,8,4,0.295712002223921,0.28771978594759884,0.4165682118284801,True,0.043724884304594536,0.3498836138349374,0.25118244884212537,0.39893393732293736,1.2309936469109517,1.335126746568142,3209,521.9949801011794,1.2531003670116638,0.05673588267876268
2023-12-22,Aston Villa,Sheffield United,1,1,D,1.22,7.15,12.8,2023/24,1,24,0.7899256855315513,0.13478452256622273,0.07528979190222598,True,0.03765727100768079,0.806724116572911,0.12655214970013376,0.06672373372695534,2.6075566844492934,0.6004973991677166,3210,521.9500354339591,1.2534543385196588,0.05335124637347069
2023-12-23,West Ham,Man United,2,0,H,2.19,3.77,3.16,2023/24,32,19,0.4397653738109037,0.25546052218723586,0.30477410400186045,True,0.03832869015866214,0.3791899123364199,0.24745533849997797,0.3733547491636021,1.342894470170665,1.3302888272218607,3211,521.9051805662439,1.2504747688084632,0.04954395173453221
2023-12-23,Tottenham,Everton,2,1,H,1.71,4.25,4.57,2023/24,29,9,0.5628943303376062,0.22648218938289566,0.21062348027949815,True,0.038907820028468265,0.6305725849575362,0.19426584668330976,0.17516156835915353,2.0828056958226506,0.9876050051215327,3211,521.9051805662439,1.2504747688084632,0.04954395173453221
2023-12-23,Nott'm Forest,Bournemouth,2,3,A,2.86,3.45,2.49,2023/24,23,2,0.33584321452447136,0.27840915754782264,0.385747627927706,True,0.041111847816929004,0.42172380035485596,0.24445225313004781,0.33382394651509584,1.4483291555623736,1.2571462701383351,3211,521.9051805662439,1.2504747688084632,0.04954395173453221
2023-12-23,Fulham,Burnley,0,2,A,1.71,3.86,5.06,2023/24,10,5,0.5614981256180861,0.2487465789655252,0.1897552954163888,True,0.04149113764840395,0.6108144870744625,0.2111657304911139,0.17801978243442343,1.8664298572571805,0.8817107173312233,3211,521.9051805662439,1.2504747688084632,0.04954395173453221
2023-12-23,Liverpool,Arsenal,1,1,D,2.47,3.63,2.79,2023/24,16,0,0.3897502799681356,0.26520198113534293,0.34504773889652146,True,0.0387633323271539,0.5161765590871027,0.21952883937159526,0.2642946015413014,1.8157478733342607,1.2314093390573304,3211,521.9051805662439,1.2504747688084632,0.04954395173453221
2023-12-23,Luton,Newcastle,1,0,H,5.3,4.15,1.63,2023/24,17,21,0.18087623835180558,0.23099856946134203,0.5881251921868526,True,0.043140033220042895,0.22097492637448413,0.2087851534610741,0.5702399201644415,1.124189570898318,1.9478767149405865,3211,521.9051805662439,1.2504747688084632,0.04954395173453221
2023-12-24,Wolves,Chelsea,2,1,H,3.26,3.65,2.17,2023/24,33,7,0.29451135396022116,0.26304301750967696,0.44244562853010183,True,0.041550562084952336,0.29506420634597913,0.2646962891690426,0.44023950448497823,1.0119859816979193,1.3081226342465488,3217,526.8504253119507,1.2484462519590367,0.05220778718989517
2023-12-26,Sheffield United,Luton,2,3,A,2.46,3.25,3.07,2023/24,24,17,0.3908958773266678,0.29587811022264704,0.313226012450685,True,0.039929271755759554,0.28481801212573776,0.24487988054979795,0.47030210732446415,1.1015314443925377,1.500185137165941,3218,525.7432407893268,1.2505108481659788,0.05195827111319684
2023-12-26,Newcastle,Nott'm Forest,1,3,A,1.41,4.95,7.64,2023/24,21,23,0.6805482824334758,0.19385314711741428,0.12559857044911005,True,0.042130112532251296,0.6984950721597499,0.17396737242186563,0.1275375554183845,2.2228362484908106,0.8147883812093054,3218,525.7432407893268,1.2505108481659788,0.05195827111319684
2023-12-26,Burnley,Liverpool,0,2,A,7.69,5.28,1.38,2023/24,5,16,0.12455001384572778,0.18139954668061492,0.6940504394736572,True,0.04407063225687091,0.13435648044262996,0.1851020574408431,0.6805414621165269,0.7861254980896413,2.0895301922858724,3218,525.7432407893268,1.2505108481659788,0.05195827111319684
2023-12-26,Bournemouth,Fulham,3,0,H,1.95,3.85,3.74,2023/24,2,10,0.4931248822753815,0.2497645507628555,0.257110566961763,True,0.03994045170515759,0.36474910324713955,0.23408960931765957,0.40116128743520085,1.4249588230933878,1.5069234975410324,3218,525.7432407893268,1.2505108481659788,0.05195827111319684
2023-12-26,Man United,Aston Villa,3,2,H,2.34,3.75,2.91,2023/24,19,1,0.4118406304133692,0.25698855337794235,0.3311708162086886,True,0.03765970570094268,0.41130455224027307,0.25478449479175613,0.333910952967971,1.3389510696188418,1.175967237736114,3218,525.7432407893268,1.2505108481659788,0.05195827111319684
2023-12-27,Brentford,Wolves,1,4,A,2.22,3.41,3.39,2023/24,3,33,0.43367134480546515,0.28233149133962837,0.2839971638549064,True,0.038690833152722925,0.5496791888627782,0.23965978626146067,0.21066102487576138,1.5820488989348462,0.8614888742004222,3223,529.6828150869258,1.2484378690484843,0.05304391535334989
2023-12-27,Chelsea,Crystal Palace,2,1,H,1.78,3.75,4.7,2023/24,7,8,0.5395518275883181,0.256107267495255,0.20434090491642684,True,0.04123037692246401,0.5271805496022552,0.2501736262220528,0.22264582417569184,1.487170267192669,0.854658448056639,3223,529.6828150869258,1.2484378690484843,0.05304391535334989
2023-12-27,Everton,Man City,1,3,A,5.65,4.02,1.62,2023/24,9,18,0.1696892001750985,0.23849352760928028,0.5918172722156213,True,0.04303131996523435,0.14542393839575293,0.1866776793769926,0.6678983822272541,0.8470605013377848,2.1000360802658213,3223,529.6828150869258,1.2484378690484843,0.05304391535334989
2023-12-28,Arsenal,West Ham,0,2,A,1.3,5.97,10.13,2023/24,0,32,0.7428939600349359,0.161769204027708,0.09533683593735603,True,0.03545163995490652,0.6567794074801951,0.18089694165568043,0.16232365086412415,2.245541465639377,1.012077901796268,3226,531.6185141124934,1.241396393680827,0.05276067395536662
2023-12-28,Brighton,Tottenham,4,2,H,2.5,3.82,2.65,2023/24,4,29,0.3849342155296981,0.25192029812153016,0.3631454863487718,True,0.03913859527807961,0.40233565432113433,0.21558913004836885,0.3820752156304969,1.733596276977062,1.6847289073299057,3226,531.6185141124934,1.241396393680827,0.05276067395536662
2023-12-30,Aston Villa,Burnley,3,2,H,1.4,5.17,7.55,2023/24,1,5,0.686707775129087,0.18595568378737368,0.1273365410835393,True,0.04015964309045894,0.6655468020399145,0.1936195565647456,0.14083364139534002,1.9970778729259622,0.7734130512645218,3228,531.4883033179128,1.239203904835793,0.05259310704783071
2023-12-30,Crystal Palace,Brentford,3,1,H,2.12,3.29,3.78,2023/24,8,3,0.4534687835009444,0.29220480882127725,0.2543264076777784,True,0.04019974553896666,0.36306690149107146,0.2681947799435429,0.36873831856538536,1.155137364356617,1.166663924503436,3228,531.4883033179128,1.239203904835793,0.05259310704783071
2023-12-30,Luton,Chelsea,2,3,A,5.5,4.46,1.58,2023/24,17,7,0.17500273177903386,0.21581054367369648,0.6091867245472697,True,0.03894482086001627,0.2925132179389944,0.23134613267437662,0.4761406493866291,1.2290760031998824,1.6412225024387788,3228,531.4883033179128,1.239203904835793,0.05259310704783071
2023-12-30,Man City,Sheffield United,2,0,H,1.08,12.46,30.83,2023/24,18,24,0.8914974645795378,0.07727265343065015,0.031229881989811904,True,0.03861868677621616,0.9315983338083862,0.049049711981253255,0.019351954210360664,3.882802944404097,0.501825176340365,3228,531.4883033179128,1.239203904835793,0.05259310704783071
2023-12-30,Nott'm Forest,Man United,2,1,H,3.25,3.64,2.18,2023/24,23,19,0.2955359736612763,0.26387140505471096,0.44059262128401283,True,0.04113317874785749,0.2748266259560879,0.24437006583034532,0.48080330821356687,1.0706175102414488,1.5126404221256258,3228,531.4883033179128,1.239203904835793,0.05259310704783071
2023-12-30,Wolves,Everton,3,0,H,2.88,3.26,2.6,2023/24,33,9,0.33432204726894066,0.29535199267930956,0.37032596005174967,True,0.03858607309527562,0.42012737707283965,0.2708614533702592,0.3090111695569011,1.2390749241972416,1.0155322747276196,3228,531.4883033179128,1.239203904835793,0.05259310704783071
2023-12-31,Fulham,Arsenal,2,1,H,5.92,4.22,1.58,2023/24,10,0,0.16261011228282393,0.22811655561950658,0.6092733320976694,True,0.03879713596853196,0.25395984846613284,0.22086852059010983,0.5251716309437572,1.1701801523524096,1.7927912451838073,3234,536.4144009715907,1.2454260834233812,0.051548206041514374
2023-12-31,Tottenham,Bournemouth,3,1,H,1.76,4.49,3.98,2023/24,29,2,0.5451988260203677,0.21370822578972096,0.24109294818991134,True,0.04215524880934329,0.6794214633973351,0.16493032712798544,0.15564820947467906,2.524179290773809,1.1334973473218137,3234,536.4144009715907,1.2454260834233812,0.051548206041514374
2024-01-01,Liverpool,Newcastle,4,2,H,1.38,5.47,7.49,2023/24,16,21,0.6961214915954608,0.17562114413194438,0.12825736427259488,True,0.04096438611398501,0.6048294501538767,0.20470809397347556,0.19046245587264793,1.959907382812218,0.9897717808588026,3236,537.3386482809225,1.2489533889060005,0.05158517269692785
2024-01-02,West Ham,Brighton,0,0,D,3.03,3.63,2.3,2023/24,32,4,0.31724861210856903,0.2648108249831857,0.41794056290824527,True,0.0402977056598941,0.42198256445400306,0.22659593359654778,0.3514215019494492,1.6336103365868113,1.4705391750538863,3237,537.2630469442311,1.2501035184506575,0.0505825373045213
2024-01-12,Burnley,Luton,1,1,D,2.15,3.46,3.5,2023/24,5,17,0.4472926054517249,0.2779419369136441,0.274765457634631,True,0.039847905824515584,0.4099361886620926,0.2407382078994511,0.3493256034384564,1.4809593391790925,1.3466408296179821,3238,527.6047245047869,1.2507269060608652,0.0424016723788689
2024-01-13,Chelsea,Fulham,1,0,H,1.64,4.16,5.26,2023/24,7,10,0.5861603411696633,0.23108244219188648,0.18275721663845018,True,0.040254781386655614,0.5281132788691688,0.2307267636033984,0.2411599575274327,1.7079026625978015,1.067060258009762,3239,527.5485715607723,1.2505939771852659,0.038714607995819515
2024-01-13,Newcastle,Man City,2,3,A,4.89,4.13,1.68,2023/24,21,18,0.19628111447751442,0.2324006415968633,0.5713182439256222,True,0.04186782334853456,0.2477080080627775,0.21694170129164814,0.5353502906455743,1.2072473884703008,1.8814329308155944,3239,527.5485715607723,1.2505939771852659,0.038714607995819515
2024-01-14,Everton,Aston Villa,0,0,D,2.55,3.54,2.75,2023/24,9,1,0.3776988884362452,0.27207123319560034,0.3502298783681546,True,0.038279102087676264,0.29761951245156976,0.25181097096673427,0.4505695165816957,1.1148150633247758,1.4402423404327922,3241,528.4905328090821,1.2506036938024763,0.04237229080288374
2024-01-14,Man United,Tottenham,2,2,D,2.04,3.97,3.34,2023/24,19,29,0.47066966726063286,0.2418554461490406,0.2874748865903267,True,0.041486444801905886,0.40845671468006756,0.2323182960201498,0.3592249892997828,1.5654128114489738,1.4531137714380553,3241,528.4905328090821,1.2506036938024763,0.04237229080288374
2024-01-20,Arsenal,Crystal Palace,5,0,H,1.26,5.91,12.35,2023/24,0,8,0.7603277633153845,0.1621003353261226,0.07757190135849268,True,0.043827191302478585,0.6497439438111996,0.20145481297846682,0.1488012432103338,1.9630953841262746,0.8027334799830097,3243,524.1626894097078,1.2513388410809332,0.03656329500532481
2024-01-20,Brentford,Nott'm Forest,3,2,H,1.78,3.8,4.66,2023/24,3,23,0.5404250643944482,0.2531464775321362,0.2064284580734158,True,0.03954792222394232,0.5724633415238755,0.21919439927966403,0.20834225919646057,1.8376395535243895,1.006484855518236,3243,524.1626894097078,1.2513388410809332,0.03656329500532481
2024-01-21,Sheffield United,West Ham,2,2,D,2.83,3.34,2.56,2023/24,24,32,0.33866457536221556,0.2869523198428353,0.3743831047949492,True,0.04338308806415436,0.19002321250910936,0.22269602753026488,0.5872807599606257,0.8959062890746857,1.783620188369535,3245,525.1114156550677,1.2567698043033375,0.03606054031216172
2024-01-21,Bournemouth,Liverpool,0,4,A,4.38,4.4,1.7,2023/24,2,16,0.21872624130066087,0.21773203111293057,0.5635417275864085,True,0.04381852367347938,0.16049802968421178,0.18564785137024753,0.6538541189455408,0.9932200096033446,2.21482702298558,3245,525.1114156550677,1.2567698043033375,0.03606054031216172
2024-01-22,Brighton,Wolves,0,0,D,1.66,4.16,5.0,2023/24,4,33,0.5776879152131892,0.23051969693603216,0.1917923878507788,True,0.04279425393883218,0.5569637717713668,0.22567464045654395,0.21736158777208914,1.7668146815059267,1.0036086124803383,3247,526.0582463441249,1.2532162561101852,0.03653828343773078
2024-01-30,Aston Villa,Newcastle,1,3,A,1.88,4.02,3.89,2023/24,1,21,0.5125702261001817,0.2397094589722243,0.24772031492759422,True,0.037740521262853655,0.44603803007128123,0.2390490053231113,0.3149129646056076,1.5824930514352427,1.289112877752497,3248,518.692419487682,1.2526544646777644,0.030891051389731878
2024-01-30,Crystal Palace,Sheffield United,3,2,H,1.61,3.95,6.02,2023/24,8,24,0.5970018101615087,0.2433349150278554,0.15966327481063605,True,0.04039552619501663,0.6206028616398392,0.22347545516641248,0.15592168319374808,1.7516660974342284,0.7343975681522877,3248,518.692419487682,1.2526544646777644,0.030891051389731878
2024-01-30,Fulham,Everton,0,0,D,2.25,3.27,3.46,2023/24,10,9,0.4276497068795428,0.2942543854675753,0.2780959076528819,True,0.039272183038423725,0.48347497502344006,0.2548858174445519,0.2616392075320081,1.4716736796568408,1.0037738509119114,3248,518.692419487682,1.2526544646777644,0.030891051389731878
2024-01-30,Luton,Brighton,4,0,H,4.22,4.03,1.8,2023/24,17,4,0.22770791609901875,0.23844352504661515,0.5338485588543662,True,0.04066133801648242,0.298124046626639,0.22236877217856948,0.4795071811947917,1.3875728269509318,1.8151908084519193,3248,518.692419487682,1.2526544646777644,0.030891051389731878
2024-01-30,Nott'm Forest,Arsenal,1,2,A,8.78,5.04,1.38,2023/24,23,0,0.10983721503155261,0.1913434023763952,0.6988193825920521,True,0.03694559597303004,0.18473114588011402,0.19982321160913097,0.6154456425107546,1.0406709741829978,2.078616537338524,3248,518.692419487682,1.2526544646777644,0.030891051389731878
2024-01-31,Tottenham,Brentford,3,2,H,1.63,4.46,4.97,2023/24,29,3,0.5905144510364413,0.21581581954919268,0.19366972941436608,True,0.03891942261287329,0.5687851598397284,0.20367240262848652,0.22754243753178557,2.1028464784285053,1.264535097510507,3253,522.646081335638,1.2547990770664936,0.026131978139086923
2024-01-31,Liverpool,Chelsea,4,1,H,1.65,4.4,4.84,2023/24,16,7,0.5827814569536424,0.21854304635761587,0.1986754966887417,True,0.039944903581267344,0.640975156618263,0.19971960649897202,0.159305236882765,2.037577491030559,0.8964629510784398,3253,522.646081335638,1.2547990770664936,0.026131978139086923
2024-01-31,Man City,Burnley,3,1,H,1.11,10.59,22.43,2023/24,18,5,0.8663235418013836,0.09080445055708555,0.042872007641530804,True,0.03991275479784262,0.8558166860469186,0.09798202266845477,0.04620129128462653,3.046979133606916,0.5994427403136818,3253,522.646081335638,1.2547990770664936,0.026131978139086923
2024-02-01,West Ham,Bournemouth,1,1,D,2.42,3.58,2.85,2023/24,32,2,0.39602384759893805,0.2677032712819637,0.33627288111909825,True,0.04342994241687137,0.5790899176624387,0.211065276010302,0.20984480632725927,1.9737650179166366,1.0999342013816,3256,524.5958397646182,1.2566744079556058,0.02582612612390232
2024-02-01,Wolves,Man United,3,4,A,2.92,3.5,2.43,2023/24,33,19,0.3293881629396684,0.27480383879538045,0.3958079982649513,True,0.03970267288379903,0.3330776226334428,0.27674983264210484,0.3901725447244521,1.0888133008762355,1.2043095974625284,3256,524.5958397646182,1.2566744079556058,0.02582612612390232
2024-02-03,Brighton,Crystal Palace,4,1,H,1.72,3.81,5.17,2023/24,4,8,0.5604965953681071,0.2530325837357334,0.18647082089615943,True,0.03728613811717607,0.5357344020154364,0.23637306052408022,0.22789253746048335,1.685777669543557,1.0058000610825943,3258,524.4936635608681,1.2533129393916707,0.02282228568757979
2024-02-03,Burnley,Fulham,2,2,D,2.91,3.31,2.54,2023/24,5,10,0.33059781604268823,0.290646418333602,0.3787557656237097,True,0.03945820271080125,0.325116392446127,0.26601901357180135,0.4088645939820718,1.1384680334404642,1.3129245344107652,3258,524.4936635608681,1.2533129393916707,0.02282228568757979
2024-02-03,Everton,Tottenham,2,2,D,3.1,3.73,2.22,2023/24,9,29,0.3098377585535966,0.2575059119346245,0.43265632951177896,True,0.04112761035704904,0.281098494286141,0.23737814464527085,0.48152336106858834,1.2067025809206753,1.6566586771613614,3258,524.4936635608681,1.2533129393916707,0.02282228568757979
2024-02-03,Newcastle,Luton,4,4,D,1.53,4.61,5.91,2023/24,21,17,0.6286262104672975,0.2086329939294935,0.162740795603209,True,0.0397192486707989,0.6350795662893447,0.1872851741893737,0.17763525952128117,2.2832972159955807,1.1276206516926626,3258,524.4936635608681,1.2533129393916707,0.02282228568757979
2024-02-03,Sheffield United,Aston Villa,0,5,A,5.17,4.27,1.64,2023/24,24,1,0.18645543499966719,0.2257551753977235,0.5877893896026093,True,0.037371732710618444,0.16607127113649728,0.2057294490495165,0.628199279813986,0.9022379278151329,1.9840361999034588,3258,524.4936635608681,1.2533129393916707,0.02282228568757979
2024-02-04,Arsenal,Liverpool,3,1,H,2.21,3.65,3.2,2023/24,0,16,0.43552025653932924,0.2636985662881966,0.30078117717247427,True,0.03896129052253139,0.3804854928532549,0.2397344337512203,0.3797800733955252,1.480781593771766,1.4791873304186298,3263,528.4357345154348,1.2482052677558406,0.02262513695515751
2024-02-04,Bournemouth,Nott'm Forest,1,1,D,1.66,4.34,4.93,2023/24,2,23,0.5816650536640532,0.2224801818162047,0.19585476451974207,True,0.035664141690287865,0.46061371810542556,0.2379803839188265,0.30140589797574785,1.6319657891074224,1.273304054623301,3263,528.4357345154348,1.2482052677558406,0.02262513695515751
2024-02-04,Chelsea,Wolves,2,4,A,1.54,4.48,5.92,2023/24,7,33,0.6234860452869931,0.21432332806740387,0.16219062664560294,True,0.04148385398385401,0.5363055302464137,0.24471569535250104,0.21897877440108543,1.6022022314415705,0.9202761580566563,3263,528.4357345154348,1.2482052677558406,0.02262513695515751
2024-02-04,Man United,West Ham,3,0,H,1.55,4.49,5.82,2023/24,19,32,0.6205265445012502,0.21421294966078794,0.16526050583796184,True,0.03969974538499499,0.49203846913715893,0.2426131395177223,0.26534839134511895,1.6093356470523072,1.1107609037126098,3263,528.4357345154348,1.2482052677558406,0.02262513695515751
2024-02-05,Brentford,Man City,1,3,A,7.9,5.41,1.37,2023/24,3,18,0.12155568712412072,0.177502759386424,0.7009415534894553,True,0.041352169329266,0.18691728902918436,0.20143707223219143,0.611645638738624,1.0673166429524266,2.096264602832498,3267,531.3719272083134,1.2499068928221009,0.0184682379305674
2024-02-10,Tottenham,Brighton,2,1,H,1.74,4.51,4.09,2023/24,29,4,0.5521088060724516,0.21300871897252013,0.23488247495502834,True,0.04094091120644627,0.5342808391475696,0.2062324033262229,0.25948675752620737,2.109441139994884,1.4254177452075834,3268,527.0747380253149,1.248277373697477,0.018472188741982195
2024-02-10,Wolves,Brentford,0,2,A,2.2,3.58,3.27,2023/24,33,3,0.43719516294077665,0.2686674185669577,0.29413741849226566,True,0.0396854610375188,0.3950443336211512,0.25709655755313343,0.3478591088257152,1.3661793418129917,1.2649092127753343,3268,527.0747380253149,1.248277373697477,0.018472188741982195
2024-02-10,Nott'm Forest,Newcastle,2,3,A,3.24,3.77,2.15,2023/24,23,21,0.2970538328758388,0.25529294920894374,0.44765321791521756,True,0.03901024376832973,0.2599579200213479,0.22879510931889227,0.51124697065976,1.2043392753381874,1.7819838256754306,3268,527.0747380253149,1.248277373697477,0.018472188741982195
2024-02-10,Liverpool,Burnley,3,1,H,1.16,8.52,16.31,2023/24,16,5,0.8283135833671109,0.11277508881524044,0.058911327817648594,True,0.04075193601548133,0.8060542470539334,0.12759454554317123,0.06635120740289498,2.6931304320768206,0.6467202490636639,3268,527.0747380253149,1.248277373697477,0.018472188741982195
2024-02-10,Luton,Sheffield United,1,3,A,1.71,3.98,4.87,2023/24,17,24,0.5615524349506462,0.2412700160215088,0.19717754902784498,True,0.041390412079369554,0.7175318099898699,0.15879143351046116,0.12367675649966849,2.5745113399478603,0.9838979417360331,3268,527.0747380253149,1.248277373697477,0.018472188741982195
2024-02-10,Man City,Everton,2,0,H,1.24,6.82,12.04,2023/24,18,9,0.7783262811471556,0.14151386929948281,0.08015984955336154,True,0.036135657290946144,0.7888281590961601,0.13797124448659395,0.07320059641724617,2.5672697106334215,0.6482533344733408,3268,527.0747380253149,1.248277373697477,0.018472188741982195
2024-02-10,Fulham,Bournemouth,3,1,H,2.56,3.53,2.75,2023/24,10,2,0.3764887935681791,0.2730343658738069,0.350476840558014,True,0.03754748261653362,0.5267827311308069,0.2317499967675469,0.24146727210164665,1.7484993479660722,1.1035769387655334,3268,527.0747380253149,1.248277373697477,0.018472188741982195
2024-02-11,Aston Villa,Man United,1,2,A,2.16,3.89,3.13,2023/24,1,19,0.4453617373047197,0.24729597752652815,0.3073422851687522,True,0.039521189594696526,0.4624088412509682,0.2479986611386644,0.28959249761036704,1.5428627486618591,1.1651704182353517,3275,533.0076559869965,1.2412854041957389,0.01852271933004759
2024-02-11,West Ham,Arsenal,0,6,A,6.31,4.34,1.53,2023/24,32,0,0.15201957879940203,0.2210238576553518,0.6269565635452462,True,0.0424881231738814,0.26171528120712545,0.23077442932614017,0.5075102894667344,1.1951034613959313,1.7568593700733106,3275,533.0076559869965,1.2412854041957389,0.01852271933004759
2024-02-12,Crystal Palace,Chelsea,1,3,A,4.91,3.97,1.71,2023/24,8,7,0.19576670751928482,0.2421195299545815,0.5621137625261337,True,0.04035047818321069,0.3300468246293354,0.26642377893793945,0.40352939643272523,1.1555015952133687,1.30887623397858,3277,533.9387099773476,1.230001985505074,0.019136630362389627
2024-02-17,Brentford,Liverpool,1,4,A,4.82,4.4,1.65,2023/24,3,16,0.19933554817275748,0.2183630323165207,0.5823014195107219,True,0.04080221300138298,0.2272425575074045,0.22079495096615645,0.5519624915264391,1.1231616320936417,1.878124730160941,3278,529.6159808790675,1.226850843497533,0.018863727856737907
2024-02-17,Burnley,Arsenal,0,5,A,10.38,5.94,1.29,2023/24,5,0,0.09264417845484221,0.16189336235038085,0.7454624591947769,True,0.03988308047993483,0.1470342222844987,0.19452886223908145,0.6584369154764204,0.8686258701495695,2.094624656373647,3278,529.6159808790675,1.226850843497533,0.018863727856737907
2024-02-17,Fulham,Aston Villa,1,2,A,2.95,3.72,2.3,2023/24,10,1,0.32513775413262397,0.257837735132054,0.41702451073532215,True,0.04258286384418497,0.3415151511861001,0.2497692983484004,0.4087155504654995,1.304624274105629,1.4519023716295252,3278,529.6159808790675,1.226850843497533,0.018863727856737907
2024-02-17,Man City,Chelsea,1,1,D,1.33,6.01,8.28,2023/24,18,7,0.7236278237855994,0.16013727215222084,0.11623490406217962,True,0.03904199718955459,0.7114692226456888,0.16711995898798745,0.12141081836632404,2.40583419410727,0.8852254571971587,3278,529.6159808790675,1.226850843497533,0.018863727856737907
2024-02-17,Newcastle,Bournemouth,2,2,D,1.99,3.93,3.5,2023/24,21,2,0.4819433300514703,0.24403746229069362,0.27401920765783594,True,0.04267977473700757,0.6659252507090847,0.18097878114382365,0.15309596814709195,2.3184856515395693,1.0185225102087128,3278,529.6159808790675,1.226850843497533,0.018863727856737907
2024-02-17,Nott'm Forest,West Ham,2,0,H,2.27,3.52,3.17,2023/24,23,32,0.4235538837033635,0.2731441238655214,0.30330199243111516,True,0.040076956701353916,0.3574193812767574,0.24525112943303723,0.3973294892902056,1.3835386831983276,1.4723377770728963,3278,529.6159808790675,1.226850843497533,0.018863727856737907
2024-02-17,Tottenham,Wolves,1,2,A,1.52,4.89,5.57,2023/24,29,33,0.6314211862343955,0.19626998017919858,0.17230883358640595,True,0.041926927991742025,0.6123126307528806,0.20023412377445202,0.18745324547266762,2.113862046774561,1.0800290666471344,3278,529.6159808790675,1.226850843497533,0.018863727856737907
2024-02-18,Sheffield United,Brighton,0,5,A,4.81,4.25,1.68,2023/24,24,4,0.20020581381980918,0.22658587399371344,0.5732083121864774,True,0.03843242078536191,0.1765226402284212,0.2022359447472898,0.6212414150242893,1.005485757024176,2.073957022846862,3285,535.5438214341407,1.212300545171565,0.014935953180894542
2024-02-18,Luton,Man United,1,2,A,4.14,4.12,1.8,2023/24,17,19,0.2322958953540821,0.23342354533152906,0.5342805593143888,True,0.03981989587730417,0.30063269913513796,0.22700438437868395,0.4723629164861781,1.38952645880425,1.7929337043900646,3285,535.5438214341407,1.212300545171565,0.014935953180894542
2024-02-19,Everton,Crystal Palace,1,1,D,1.81,3.49,4.98,2023/24,9,8,0.531327477996631,0.2755595229724648,0.19311299903090404,True,0.03982235198610784,0.40823498831544125,0.2872551701827273,0.3045098415018313,1.1907846243390565,0.9852762441832463,3287,536.4698081625484,1.2055043959761647,0.014717766918432061
2024-02-20,Man City,Brentford,1,0,H,1.19,7.81,14.24,2023/24,18,3,0.8091032702600655,0.12328206038533648,0.06761466935459817,True,0.03860182666630063,0.7462448777299546,0.15120707145990905,0.10254805081013645,2.595497805805742,0.8631080400487979,3288,536.3959427695713,1.2053102641622089,0.011418603850076859
2024-02-21,Liverpool,Luton,4,1,H,1.27,6.68,10.07,2023/24,16,17,0.7597416311930978,0.14444189694838838,0.09581647185851383,True,0.03640703954397573,0.8062933975003781,0.11608504504470049,0.07762155745492134,3.1437192069182953,0.9310073822666067,3289,536.3222249597478,1.2044960749626545,0.013939471439249606
2024-02-24,Arsenal,Newcastle,4,1,H,1.35,5.63,8.17,2023/24,0,21,0.7117308373731762,0.17066369990298189,0.11760546272384186,True,0.04075965497663825,0.598183112447213,0.20081623288871325,0.2010006546640736,2.145500178648976,1.167749789672109,3290,534.1079440954192,1.205680833850209,0.013988767513614766
2024-02-24,Aston Villa,Nott'm Forest,4,2,H,1.58,4.51,5.39,2023/24,1,23,0.6084693961838157,0.2131666620777004,0.17836394173848402,True,0.040169639384564526,0.6224667011395214,0.20447845653236327,0.17305484232811522,2.0388546935482386,0.9695735573540559,3290,534.1079440954192,1.205680833850209,0.013988767513614766
2024-02-24,Bournemouth,Man City,0,1,A,6.53,4.89,1.46,2023/24,2,18,0.14688642503122112,0.19614894794557752,0.6569646270232014,True,0.042569841169128875,0.108492056218492,0.15528731093070386,0.736220632850804,0.8801925510295819,2.553254646403341,3290,534.1079440954192,1.205680833850209,0.013988767513614766
2024-02-24,Brighton,Everton,1,1,D,1.87,3.93,4.0,2023/24,4,9,0.514581444297868,0.24485173049287867,0.24056682520925332,True,0.039212284497421424,0.5522522858661055,0.23699458856328473,0.21075312557061004,1.6976615496293594,0.945890747126806,3290,534.1079440954192,1.205680833850209,0.013988767513614766
2024-02-24,Crystal Palace,Burnley,3,0,H,2.0,3.44,4.0,2023/24,8,5,0.48044692737430167,0.27932960893854747,0.24022346368715083,True,0.04069767441860472,0.5019083053723009,0.2591293786909684,0.23896231593673042,1.4841355507727785,0.9330600270354097,3290,534.1079440954192,1.205680833850209,0.013988767513614766
2024-02-24,Man United,Fulham,1,2,A,1.65,4.27,5.0,2023/24,19,10,0.5826090515888717,0.22512996138680055,0.19226098702432767,True,0.04025264353133218,0.5255647676205321,0.23995964166990563,0.23447559070956264,1.6692042874684558,1.0270824450908222,3290,534.1079440954192,1.205680833850209,0.013988767513614766
2024-02-25,Wolves,Sheffield United,1,0,H,1.48,4.53,6.85,2023/24,33,24,0.6481850901031689,0.21176908021030685,0.14004582968652413,True,0.042411629011909424,0.6612736176764236,0.19924022873832525,0.13948615358525127,2.027456681011888,0.8000794410243274,3296,539.0288077033325,1.210728592864108,0.013399930660856419
2024-02-26,West Ham,Brentford,4,2,H,2.36,3.53,3.01,2023/24,32,3,0.407729175700411,0.27258947723880167,0.3196813470607873,True,0.03924084616075452,0.40008774323216106,0.24746788858686963,0.3524443681809692,1.4650594554551266,1.3595563358857945,3297,538.9498294258627,1.2105584055473073,0.015533752142396393
2024-03-02,Newcastle,Wolves,3,0,H,1.74,4.19,4.47,2023/24,21,33,0.554159010820263,0.23012808563896361,0.21571290354077352,True,0.037089774697472766,0.5608390500313032,0.22475044294301758,0.21441050702567926,1.831376323712285,1.0394528822918343,3298,534.5772388559672,1.2129911326065608,0.015399805191125444
2024-03-02,Tottenham,Crystal Palace,3,1,H,1.53,4.58,5.93,2023/24,29,8,0.6281125909754232,0.20982800528218284,0.16205940374239416,True,0.0405694466764861,0.6105884374666128,0.20272331388653153,0.18668824864685551,2.086191887869564,1.0617628119300653,3298,534.5772388559672,1.2129911326065608,0.015399805191125444
2024-03-02,Luton,Aston Villa,2,3,A,4.5,4.41,1.7,2023/24,17,1,0.21424897119341563,0.21862139917695472,0.5671296296296297,True,0.037214885954381716,0.27524228050452465,0.21309291833839408,0.5116648011570815,1.4305104279132927,2.0091704472660816,3298,534.5772388559672,1.2129911326065608,0.015399805191125444
2024-03-02,Nott'm Forest,Liverpool,0,1,A,5.23,4.44,1.6,2023/24,23,16,0.18359815161320334,0.21626539030113817,0.6001364580856584,True,0.04142981413535907,0.13920309721130905,0.1769504059835926,0.6838464968050985,0.9546994760691476,2.3390732640868026,3298,534.5772388559672,1.2129911326065608,0.015399805191125444
2024-03-02,Everton,West Ham,1,3,A,2.13,3.53,3.45,2023/24,9,32,0.4502900624493916,0.2717047685601145,0.27800516899049393,True,0.04262475951905542,0.3783459960419435,0.26943146393360445,0.35222254002445147,1.2500988744003907,1.1957993386027115,3298,534.5772388559672,1.2129911326065608,0.015399805191125444
2024-03-02,Brentford,Chelsea,2,2,D,3.23,3.72,2.18,2023/24,3,7,0.29851361598433374,0.2591932740939242,0.44229310992174214,True,0.03713032385116466,0.3840640832734654,0.24895760445449244,0.36697831227204186,1.420089547096523,1.382400617843068,3298,534.5772388559672,1.2129911326065608,0.015399805191125444
2024-03-02,Fulham,Brighton,3,0,H,2.56,3.49,2.76,2023/24,10,4,0.37579001576130205,0.27565112903980893,0.3485588551988889,True,0.039476791869108574,0.3711081161105948,0.24416918822651082,0.3847226956628942,1.434673263895438,1.4651633103078188,3298,534.5772388559672,1.2129911326065608,0.015399805191125444
2024-03-03,Burnley,Bournemouth,0,2,A,3.66,3.74,2.01,2023/24,5,2,0.2631921687253172,0.25756238971514994,0.47924544155953286,True,0.03811616067117729,0.36169133630888134,0.25744658383929087,0.38086207985182785,1.2938313405151898,1.3349453635678807,3305,540.4951668109908,1.2185976438814439,0.018904918913473286
2024-03-03,Man City,Man United,3,1,H,1.26,6.76,10.21,2023/24,18,19,0.7634759484877514,0.14230468862345663,0.09421936288879204,True,0.039522980681723885,0.6753435141205035,0.1873037899084853,0.13735269597101107,2.163049732516927,0.8533455235445703,3305,540.4951668109908,1.2185976438814439,0.018904918913473286
2024-03-04,Sheffield United,Arsenal,0,6,A,16.8,7.57,1.18,2023/24,24,0,0.057285006470744415,0.1271318505559453,0.8155831429733104,True,0.039081832943642425,0.06675679047954687,0.12038888015758589,0.8128543293628672,0.7121827563558775,2.8518113847535123,3307,541.4112607447371,1.2167306870575862,0.019122862942717908
2024-03-09,Arsenal,Brentford,2,1,H,1.21,7.14,13.36,2023/24,0,3,0.7936277095462887,0.13449433172983324,0.07187795872387795,True,0.0413526028018969,0.6990675077935664,0.16843337515030418,0.13249911705612955,2.4399613684246475,0.9669194751192104,3308,537.0141785240036,1.2109001090937488,0.019749514143370096
2024-03-09,Bournemouth,Sheffield United,2,2,D,1.35,5.64,8.41,2023/24,2,24,0.7143444493139297,0.17098670329322788,0.11466884739284247,True,0.03695176948902246,0.6558540624222459,0.1936505253323373,0.15049541224541663,2.1141834455033806,0.89574410038995,3308,537.0141785240036,1.2109001090937488,0.019749514143370096
2024-03-09,Crystal Palace,Luton,1,1,D,1.89,3.76,4.11,2023/24,8,17,0.5095506118128852,0.25613049370381724,0.2343188944832975,True,0.038366978342129876,0.4757908599323123,0.22862218328411835,0.29558695678356955,1.7622549293278746,1.3433367762680732,3308,537.0141785240036,1.2109001090937488,0.019749514143370096
2024-03-09,Man United,Everton,2,0,H,1.91,3.77,3.99,2023/24,19,9,0.5036950967556146,0.25518770153931675,0.24111720170506865,True,0.039438765230044304,0.5497525022654808,0.2480203401229143,0.20222715761160512,1.5773569949036075,0.8411477881157652,3308,537.0141785240036,1.2109001090937488,0.019749514143370096
2024-03-09,Wolves,Fulham,2,1,H,2.49,3.44,2.88,2023/24,33,10,0.386335985025737,0.2796443612540946,0.3340196537201685,True,0.039526322343637954,0.3765075084847848,0.2654183124590955,0.35807417905611966,1.2653317451987363,1.2267083754125467,3308,537.0141785240036,1.2109001090937488,0.019749514143370096
2024-03-10,Aston Villa,Tottenham,0,4,A,2.48,3.9,2.62,2023/24,1,29,0.3872273340508421,0.24623686883233037,0.36653579711682754,True,0.041315452174846445,0.4438735822236656,0.22163780970515853,0.3344886080711758,1.8273799869713685,1.5638673294134786,3313,540.9312334729882,1.2111571669492207,0.016567299552641298
2024-03-10,Brighton,Nott'm Forest,1,0,H,1.64,4.3,5.08,2023/24,4,23,0.5867752610994112,0.2237933553960545,0.1894313835045343,True,0.03916463079664667,0.592312794796404,0.20869487839624065,0.19899232680735557,2.0191449952725957,1.0807918836555892,3313,540.9312334729882,1.2111571669492207,0.016567299552641298
2024-03-10,Liverpool,Man City,1,1,D,3.4,3.88,2.05,2023/24,16,18,0.2828994167022336,0.24790155071845216,0.4691990325793143,True,0.03965448387049064,0.3925851345434011,0.24189218083810315,0.3655226846184957,1.5006995282490416,1.4397096058421675,3313,540.9312334729882,1.2111571669492207,0.016567299552641298
2024-03-10,West Ham,Burnley,2,2,D,1.65,4.08,5.31,2023/24,32,5,0.5830406665536367,0.2357885048562501,0.1811708285901131,True,0.03948256241376891,0.6069948154426986,0.2149055337713933,0.17809965078590811,1.9088565567670472,0.9207540451801347,3313,540.9312334729882,1.2111571669492207,0.016567299552641298
2024-03-11,Chelsea,Newcastle,3,2,H,1.85,4.17,3.84,2023/24,7,21,0.5193683042881746,0.23041519494799118,0.25021650076383417,True,0.04076536068442538,0.4096406952888238,0.23893579566585998,0.3514235090453161,1.5621794614869924,1.4298812091401227,3317,543.8424601422973,1.2035009457230572,0.017202011687127827
2024-03-13,Bournemouth,Luton,4,3,H,1.52,4.87,5.65,2023/24,2,17,0.632454448706957,0.1973985137647997,0.17014703752824328,True,0.04022469631949077,0.4464794196059269,0.22127226398035751,0.3322483164137157,1.8352840909914083,1.5598891479699621,3318,542.6674432355635,1.2045229851633488,0.016835447183509555
2024-03-16,Burnley,Brentford,2,1,H,3.12,3.64,2.26,2023/24,5,3,0.3088637251073799,0.26474033580632567,0.4263959390862945,True,0.037715971344289834,0.2626661647986259,0.24398075599664296,0.4933530792047312,1.102135951964243,1.608944135916273,3319,540.4152050474232,1.2054043129676117,0.017460924880803308
2024-03-16,Fulham,Tottenham,3,0,H,3.34,3.94,2.05,2023/24,10,29,0.2876055776324973,0.24380777393211694,0.46858664843538583,True,0.04101318225255568,0.32708682305211056,0.22670039413302692,0.446212782814863,1.4798291979546738,1.7610841304702998,3319,540.4152050474232,1.2054043129676117,0.017460924880803308
2024-03-16,Luton,Nott'm Forest,1,1,D,2.63,3.58,2.64,2023/24,17,23,0.3661864873032724,0.2690140954211191,0.36479941727560844,True,0.03834562460855562,0.46837538647689175,0.21826352261768378,0.3133610909054243,1.901722010894854,1.5255265949987555,3319,540.4152050474232,1.2054043129676117,0.017460924880803308
2024-03-17,West Ham,Aston Villa,1,1,D,2.45,3.63,2.77,2023/24,32,1,0.3907154042533349,0.2637059890966035,0.3455786066500616,True,0.04465618929494397,0.35576525447931434,0.23842658545566614,0.40580816006501935,1.4551303666027977,1.5693830063215712,3322,542.3294607435469,1.212038189017826,0.013640790836057643
2024-03-30,Aston Villa,Wolves,2,0,H,1.54,4.41,6.24,2023/24,1,33,0.6265659366931243,0.21880080328966245,0.15463326001721336,True,0.0363644292215719,0.5483413139131835,0.2348678160212682,0.21679087006554834,1.731145117439894,0.9925450419280663,3323,529.3849588206373,1.2124258732643565,0.010161579496094031
2024-03-30,Bournemouth,Everton,2,1,H,2.2,3.69,3.19,2023/24,2,9,0.43747189403540326,0.260823351457422,0.3017047545071747,True,0.03902778839700627,0.419074473060885,0.26482140442309415,0.31610412251602094,1.3641107924592892,1.147206408204226,3323,529.3849588206373,1.2124258732643565,0.010161579496094031
2024-03-30,Brentford,Man United,1,1,D,3.31,3.98,2.06,2023/24,3,19,0.2908283435965833,0.24186980334288713,0.46730185306052957,True,0.038807978236296226,0.3641213039584091,0.2524946724332783,0.38338402360831275,1.3580116125685249,1.4002051631630985,3323,529.3849588206373,1.2124258732643565,0.010161579496094031
2024-03-30,Chelsea,Burnley,2,2,D,1.27,6.53,10.45,2023/24,7,5,0.7598679778315003,0.14778443060428872,0.09234759156421105,True,0.03623471152215707,0.65498840484611,0.20029408590212106,0.1447175092517692,2.037057866603483,0.8322022925355331,3323,529.3849588206373,1.2124258732643565,0.010161579496094031
2024-03-30,Newcastle,West Ham,4,3,H,1.86,4.13,3.86,2023/24,21,32,0.5175371389985456,0.23307968003324334,0.24938318096821116,True,0.03883251672043064,0.5591303154501338,0.2112253030041655,0.22964438154570074,2.036241788019712,1.2385497702780315,3323,529.3849588206373,1.2124258732643565,0.010161579496094031
2024-03-30,Nott'm Forest,Crystal Palace,1,1,D,2.26,3.35,3.34,2023/24,23,8,0.4253014246400389,0.28691976707059336,0.28777880828936764,True,0.04038653639755241,0.39191005642455956,0.2693355837714588,0.3387543598039819,1.286560230583799,1.1757080631947998,3323,529.3849588206373,1.2124258732643565,0.010161579496094031
2024-03-30,Sheffield United,Fulham,3,3,D,4.8,4.06,1.71,2023/24,24,10,0.20042957856264398,0.23696107810361852,0.5626093433337375,True,0.03943407368997209,0.17326052814433002,0.21001249619521248,0.6167269756604578,0.9390354209947169,1.978053291067914,3323,529.3849588206373,1.2124258732643565,0.010161579496094031
2024-03-30,Tottenham,Luton,2,1,H,1.21,7.95,11.35,2023/24,29,17,0.7944015741445872,0.12090891883206925,0.08468950702334366,True,0.040338171385994714,0.7050147836467784,0.14958352771737568,0.14540168863584582,2.9716583855503482,1.34529553415043,3323,529.3849588206373,1.2124258732643565,0.010161579496094031
2024-03-31,Liverpool,Brighton,2,1,H,1.3,6.29,8.95,2023/24,16,4,0.7396839996058207,0.1528758663732221,0.10744013402095721,True,0.03994512472987655,0.6678017645018489,0.18535647261209215,0.1468417628860591,2.2730155914042447,0.9676349211907241,3331,536.3112629567586,1.2138284235686134,0.002963528764289803
2024-03-31,Man City,Arsenal,0,0,D,2.06,3.62,3.61,2023/24,18,0,0.4673556970173807,0.2659537944353051,0.26669050854731424,True,0.038688297375842895,0.5179853946709425,0.22784999132351383,0.25416461400554347,1.8365170104745605,1.2225923864438573,3331,536.3112629567586,1.2138284235686134,0.002963528764289803
2024-04-02,West Ham,Tottenham,1,1,D,3.39,4.16,1.99,2023/24,32,29,0.28421836858711363,0.2316106417092104,0.48417098970367595,True,0.03788242893614879,0.330444526879632,0.2229681621597848,0.4465873109605834,1.589173518009883,1.8716628683327243,3333,536.1623186587857,1.2131537779738442,-0.0049554257122912775
2024-04-02,Newcastle,Everton,1,1,D,2.02,3.75,3.61,2023/24,21,9,0.4765936623164476,0.2567251194344598,0.26668121824909263,True,0.03872448186646915,0.6014984465548573,0.21918209422220503,0.17931945922293802,1.9160105453868836,0.9404737876846778,3333,536.1623186587857,1.2131537779738442,-0.0049554257122912775
2024-04-02,Nott'm Forest,Fulham,3,1,H,2.71,3.44,2.63,2023/24,23,10,0.3548352937023716,0.2795359435852986,0.36562876271232975,True,0.0399295013376344,0.3298543743413344,0.25642689942455305,0.4137187262341127,1.2740225120820836,1.4571651557713343,3333,536.1623186587857,1.2131537779738442,-0.0049554257122912775
2024-04-02,Bournemouth,Crystal Palace,1,0,H,1.89,3.78,4.04,2023/24,2,8,0.5081761006289308,0.2540880503144654,0.23773584905660375,True,0.04117554612604124,0.4113807256254802,0.2605540081141007,0.3280652662604193,1.418659082406188,1.2388934351830936,3333,536.1623186587857,1.2131537779738442,-0.0049554257122912775
2024-04-02,Burnley,Wolves,1,1,D,2.35,3.52,3.03,2023/24,5,33,0.4093007548516584,0.27325476531289694,0.3174444798354446,True,0.03965582728485617,0.3212483549718375,0.27703437054572766,0.40171727448243466,1.1146855801254065,1.280630234459812,3333,536.1623186587857,1.2131537779738442,-0.0049554257122912775
2024-04-03,Arsenal,Luton,2,0,H,1.13,9.75,19.39,2023/24,0,17,0.8516618787128791,0.09870542799441573,0.04963269329270517,True,0.03909283053719337,0.8116888704775167,0.11453830629417712,0.07377282322830635,3.2178403203211223,0.9418437657542241,3338,540.0810756249163,1.2173304794920727,-0.01096019325324264
2024-04-03,Brentford,Brighton,0,0,D,2.49,3.74,2.7,2023/24,3,4,0.38639911837634316,0.2572550280099183,0.3563458536137387,True,0.039356475217566356,0.39269074146616223,0.24587577640536648,0.3614334821284713,1.5292510531970163,1.4583015273817492,3338,540.0810756249163,1.2173304794920727,-0.01096019325324264
2024-04-03,Man City,Aston Villa,4,1,H,1.23,6.93,12.59,2023/24,18,1,0.7841994709608181,0.13918691908828376,0.07661360995089804,True,0.036736391935059176,0.6794195582981254,0.18624402165225223,0.13433642004962235,2.2530562788198094,0.8963109170312735,3338,540.0810756249163,1.2173304794920727,-0.01096019325324264
2024-04-04,Chelsea,Man United,4,3,H,1.82,4.27,3.92,2023/24,7,19,0.5289563332301022,0.2254567977702075,0.24558686899969032,True,0.03874462773760201,0.41414974432575613,0.2614755191274224,0.3243747365468214,1.4428947268312375,1.2480819158365657,3341,541.9959989120715,1.2199022346027129,-0.01728210973221396
2024-04-04,Liverpool,Sheffield United,3,1,H,1.07,14.54,27.64,2023/24,16,24,0.8990363255903226,0.06616016976489995,0.03480350464477732,True,0.03953468024629103,0.9099468599346462,0.06461596624389797,0.02543717382145596,3.7245859790191,0.5908914922598257,3341,541.9959989120715,1.2199022346027129,-0.01728210973221396
2024-04-06,Aston Villa,Brentford,3,3,D,1.65,4.18,5.22,2023/24,1,3,0.5845120226308345,0.23072842998585574,0.18475954738330974,True,0.03686593704742536,0.5178133627240445,0.2352119234374759,0.2469747138384795,1.7987845961618958,1.1759455997358736,3343,541.8243610875885,1.2187309027372826,-0.016973157078219555
2024-04-06,Brighton,Arsenal,0,3,A,6.32,4.56,1.51,2023/24,4,0,0.15217468175388965,0.21090876944837342,0.636916548797737,True,0.039777749344440005,0.24771362168076638,0.2342343629419156,0.5180520153773176,1.1866332411055,1.81038319823579,3343,541.8243610875885,1.2187309027372826,-0.016973157078219555
2024-04-06,Crystal Palace,Man City,2,4,A,8.9,5.22,1.36,2023/24,8,18,0.10811864541007475,0.18434021918575963,0.7075411354041656,True,0.03922454943491016,0.1270867200115037,0.2010511197822753,0.6718621602062207,0.7621152810554934,2.047793597688632,3343,541.8243610875885,1.2187309027372826,-0.016973157078219555
2024-04-06,Everton,Burnley,1,0,H,1.76,3.89,4.68,2023/24,9,5,0.5468932120498432,0.2474375458117542,0.20566924213840254,True,0.03892644059739192,0.4835903722025662,0.27636852073312534,0.24004110706430867,1.4022910502059158,0.9031666634844698,3343,541.8243610875885,1.2187309027372826,-0.016973157078219555
2024-04-06,Fulham,Newcastle,0,1,A,2.44,3.66,2.78,2023/24,10,21,0.3930254476908577,0.26201696512723843,0.3449575871819039,True,0.0427723395054449,0.3606571022430006,0.23859065514180575,0.40075224261519354,1.5409996540578816,1.6345523737017995,3343,541.8243610875885,1.2187309027372826,-0.016973157078219555
2024-04-06,Luton,Bournemouth,2,1,H,3.75,3.93,1.93,2023/24,17,2,0.25659423746359084,0.24484182964083098,0.49856393289557815,True,0.03925430790122486,0.4471117172227578,0.22709448981616415,0.3257937929610781,1.8492662401882518,1.556276191360391,3343,541.8243610875885,1.2187309027372826,-0.016973157078219555
2024-04-06,Wolves,West Ham,1,2,A,2.82,3.45,2.5,2023/24,33,32,0.3395134624468587,0.2775153519130845,0.38297118564005667,True,0.044465001541782456,0.3913111318892564,0.2650859968433269,0.3436028712674167,1.373857613908103,1.2712256944291491,3343,541.8243610875885,1.2187309027372826,-0.016973157078219555
2024-04-07,Tottenham,Nott'm Forest,3,1,H,1.43,5.25,6.55,2023/24,29,23,0.6708250831520732,0.18271997502999324,0.14645494181793353,True,0.04244864550208072,0.652168104935031,0.18699973242577822,0.16083216263919053,2.331469990373402,1.0799914154130308,3350,547.7278092827353,1.2114064518747765,-0.008714440176771357
2024-04-07,Man United,Liverpool,2,2,D,4.9,4.8,1.6,2023/24,19,16,0.19672131147540983,0.20081967213114757,0.6024590163934427,True,0.03741496598639449,0.2574145026152773,0.24182927830545764,0.5007562190792649,1.1516935990713262,1.699072351704481,3350,547.7278092827353,1.2114064518747765,-0.008714440176771357
2024-04-07,Sheffield United,Chelsea,2,2,D,6.6,5.2,1.44,2023/24,24,7,0.1459307764265669,0.1852198316183349,0.6688493919550983,True,0.03826728826728809,0.15585859594585105,0.19185441260802436,0.6522869914461247,1.002820690928584,2.2390088544677598,3350,547.7278092827353,1.2114064518747765,-0.008714440176771357
2024-04-13,Bournemouth,Man United,2,2,D,2.39,3.97,2.71,2023/24,2,19,0.4025871972279495,0.24236357717249354,0.35504922559955693,True,0.03930290064364761,0.2895293853843677,0.24573829102975137,0.46473232358588057,1.239988240218546,1.6331575876952462,3353,544.158569838691,1.2147500289546764,-0.008640431147452514
2024-04-13,Brentford,Sheffield United,2,0,H,1.49,4.84,6.15,2023/24,3,24,0.6451081573694603,0.1985973459670446,0.15629449666349524,True,0.04035413586150938,0.7107975746801373,0.1686023874114261,0.12060003790843656,2.46165265740346,0.9206668959021274,3353,544.158569838691,1.2147500289546764,-0.008640431147452514
2024-04-13,Burnley,Brighton,1,1,D,3.84,3.96,1.89,2023/24,5,4,0.24990984493328525,0.2423368193292463,0.5077533357374685,True,0.04204244829244841,0.24576648113065938,0.24702249295800124,0.5072110259113393,1.070530154688041,1.6473393131289207,3353,544.158569838691,1.2147500289546764,-0.008640431147452514
2024-04-13,Man City,Luton,5,1,H,1.09,12.33,24.13,2023/24,18,17,0.8821654115185035,0.07798542567357411,0.03984916280792246,True,0.03997638161911454,0.8492965074841253,0.09696316482063909,0.05374032769523605,3.3702444962640183,0.815004704705852,3353,544.158569838691,1.2147500289546764,-0.008640431147452514
2024-04-13,Newcastle,Tottenham,4,0,H,2.64,3.97,2.45,2023/24,21,29,0.3646257024288387,0.24247149985192293,0.39290279771923836,True,0.03884031285974432,0.4399904755374594,0.22025270634253558,0.33975681812000474,1.9095910113311994,1.6624213117759201,3353,544.158569838691,1.2147500289546764,-0.008640431147452514
2024-04-13,Nott'm Forest,Wolves,2,2,D,2.07,3.51,3.69,2023/24,23,33,0.4649607444024425,0.27420761849374814,0.26083163710380924,True,0.03899478236699894,0.3914582917984354,0.2727199925976126,0.3358217156039523,1.3002491833633703,1.1837748755355544,3353,544.158569838691,1.2147500289546764,-0.008640431147452514
2024-04-14,Arsenal,Aston Villa,0,2,A,1.27,6.47,10.91,2023/24,0,1,0.7617901086009865,0.14953221606232658,0.0886776753366868,True,0.03362010862703113,0.6474302871684278,0.1939887841200901,0.15858092871148197,2.2228683025667872,1.0095005492190374,3359,549.0593522829752,1.2236868711123552,-0.011259284113163072
2024-04-14,Liverpool,Crystal Palace,0,1,A,1.19,7.77,13.5,2023/24,16,8,0.8056061803461124,0.12338112671967487,0.07101269293421286,True,0.043110337227984186,0.7416913331169607,0.16438266310794275,0.09392600377509643,2.3779256391819468,0.7215796936451627,3359,549.0593522829752,1.2236868711123552,-0.011259284113163072
2024-04-14,West Ham,Fulham,0,2,A,2.43,3.59,2.85,2023/24,32,10,0.39533320196130706,0.2675932258401048,0.33707357219858813,True,0.04095135876073819,0.44017334477672376,0.24536520416041857,0.3144614510628573,1.6152718179965855,1.3308489716895058,3359,549.0593522829752,1.2236868711123552,-0.011259284113163072
2024-04-15,Chelsea,Everton,6,0,H,1.69,4.14,4.89,2023/24,7,9,0.5701852962797104,0.2327567996890605,0.19705790403122914,True,0.037760847556280286,0.5481250150316874,0.2456924781767077,0.2061825067916049,1.6499702128058822,0.908078065547414,3362,550.9563369614026,1.2124564693442286,-0.003261935487557653
2024-04-20,Wolves,Arsenal,0,2,A,11.3,6.11,1.27,2023/24,33,0,0.08512764704010918,0.15743738323293513,0.7574349697269556,True,0.03956327113731817,0.17517599299049313,0.2221278412881609,0.6026961657213463,0.8961023370236905,1.8708130971765402,3363,546.4642796454364,1.2193972241823126,-0.002778980669624347
2024-04-20,Luton,Brentford,1,5,A,2.87,3.59,2.41,2023/24,17,3,0.3344130118004476,0.26734410692682026,0.3982428812727322,True,0.041921347118654584,0.35484264416509426,0.22803468318337422,0.4171226726515317,1.6030650556487693,1.7521197239854795,3363,546.4642796454364,1.2193972241823126,-0.002778980669624347
2024-04-20,Sheffield United,Burnley,1,4,A,2.64,3.52,2.65,2023/24,24,5,0.3641360357265544,0.27310202679491585,0.3627619374785297,True,0.04023727844482572,0.3361737027010529,0.2592111664730877,0.4046151308258595,1.265379755440797,1.4135063422496734,3363,546.4642796454364,1.2193972241823126,-0.002778980669624347
2024-04-21,Fulham,Liverpool,1,3,A,4.59,4.4,1.68,2023/24,10,16,0.20940984498232257,0.21845254283383192,0.5721376121838455,True,0.04037574625809914,0.21529977040338383,0.22591704255558132,0.558783187041035,1.0705290530779965,1.8630827631304214,3366,548.366449282452,1.2075021485418036,-0.00176128178924435
2024-04-21,Everton,Nott'm Forest,2,0,H,2.27,3.29,3.38,2023/24,9,23,0.4234476088206511,0.2921659793382608,0.28438641184108815,True,0.04033799030806895,0.40812874400964577,0.27542533331534125,0.316445922675013,1.2954162714783852,1.1060672466378623,3366,548.366449282452,1.2075021485418036,-0.00176128178924435
2024-04-21,Aston Villa,Bournemouth,3,1,H,1.86,4.06,3.92,2023/24,1,2,0.5174328629949931,0.237050523441056,0.24551661356395083,True,0.03904186813768895,0.6161192404628676,0.2020175908229171,0.18186316871421573,2.1364713081945714,1.075041770822256,3366,548.366449282452,1.2075021485418036,-0.00176128178924435
2024-04-21,Crystal Palace,West Ham,5,2,H,2.23,3.5,3.25,2023/24,8,32,0.4304228549806073,0.2742408476019298,0.29533629741746287,True,0.04183708668013608,0.38542478231238425,0.26282461554224035,0.3517506021453757,1.3473521705950973,1.275197893706706,3366,548.366449282452,1.2075021485418036,-0.00176128178924435
2024-04-23,Arsenal,Chelsea,5,0,H,1.39,5.21,7.66,2023/24,0,7,0.6904852944484143,0.18421776569736964,0.12529693985421614,True,0.04191134295822785,0.6344416136135166,0.19810244829438065,0.16745593809210263,2.1612693121568634,1.017158962805919,3370,550.1613965308949,1.2133614369969155,-0.002310423276961569
2024-04-24,Crystal Palace,Newcastle,2,0,H,3.08,3.64,2.26,2023/24,8,21,0.31162494696648285,0.26368264743317776,0.42469240560033944,True,0.04187847550679402,0.2994015162600546,0.2464806643395563,0.4541178194003892,1.254320431414916,1.6000265695410605,3371,550.0601753261116,1.2187449213086354,-0.002654442038293301
2024-04-24,Everton,Liverpool,2,0,H,7.43,5.14,1.39,2023/24,9,16,0.1283557152481473,0.18554143274197168,0.686102852009881,True,0.048566491633376785,0.1543332447695893,0.2194174259044703,0.6262493293259398,0.8001329879333765,1.8683609305323743,3371,550.0601753261116,1.2187449213086354,-0.002654442038293301
2024-04-24,Man United,Sheffield United,4,2,H,1.31,6.15,8.4,2023/24,19,24,0.7304812607376927,0.1555984474091671,0.11392029185314018,True,0.045008023689833365,0.7783201759229889,0.1396755727832925,0.0820042512937188,2.6876118359852827,0.7704565917776653,3371,550.0601753261116,1.2187449213086354,-0.002654442038293301
2024-04-24,Wolves,Bournemouth,0,1,A,2.77,3.61,2.48,2023/24,33,2,0.34671076326092765,0.26603568261295557,0.3872535541261168,True,0.04124494702583026,0.45656951250259936,0.256376728199829,0.2870537592975716,1.509663702513028,1.1426480357088906,3371,550.0601753261116,1.2187449213086354,-0.002654442038293301
2024-04-25,Brighton,Man City,0,4,A,7.99,5.65,1.36,2023/24,4,18,0.12063949608989245,0.17060346438198948,0.7087570395281181,True,0.037441713646482855,0.19043986685796765,0.2115045039268714,0.5980556292151608,1.0412430649033646,2.0090901567641795,3375,552.9531623574322,1.224735568207602,0.0021701929526114177
2024-04-27,Aston Villa,Chelsea,2,2,D,2.06,3.98,3.28,2023/24,1,7,0.46606212067118885,0.24122813280971078,0.2927097465191003,True,0.04157122339140651,0.477622370892683,0.23053420341481498,0.29184342569250166,1.7876573987174624,1.3533734319350466,3376,551.7417754303717,1.2199590230975912,0.0020691798075363195
2024-04-27,Everton,Brentford,1,0,H,2.84,3.42,2.49,2023/24,9,3,0.3365902245832049,0.27950767187611164,0.38390210354068344,True,0.04611676257786268,0.3350385320227138,0.27148464675105827,0.3934768212262279,1.1689145830060486,1.290741021261973,3376,551.7417754303717,1.2199590230975912,0.0020691798075363195
2024-04-27,Fulham,Crystal Palace,1,1,D,2.1,3.48,3.56,2023/24,10,8,0.4559265147500442,0.2751280692457163,0.2689454160042396,True,0.0444456744340509,0.46305379073348246,0.2577326328991968,0.27921357636732075,1.4936675592224977,1.099185565921212,3376,551.7417754303717,1.2199590230975912,0.0020691798075363195
2024-04-27,Man United,Burnley,1,1,D,1.5,5.09,5.59,2023/24,19,5,0.6397822503940584,0.18854093823007617,0.17167681137586543,True,0.04202119745593036,0.6415954830037863,0.20495193092526642,0.15345258607094692,2.022244630746863,0.8713948711809205,3376,551.7417754303717,1.2199590230975912,0.0020691798075363195
2024-04-27,Newcastle,Sheffield United,5,1,H,1.22,7.35,11.45,2023/24,21,24,0.7858320066110454,0.13043742150550686,0.08373057188344764,True,0.04306279745773334,0.8184056219132736,0.11293930266479715,0.06865507542192943,3.1330450071902054,0.8536524183157979,3376,551.7417754303717,1.2199590230975912,0.0020691798075363195
2024-04-27,West Ham,Liverpool,2,2,D,5.26,4.81,1.55,2023/24,32,16,0.18224551505655223,0.19929551126766418,0.6184589736757836,True,0.04317556666385314,0.1999444028959571,0.20778266212457702,0.5922729349794661,1.1253332759833343,2.0749483896019174,3376,551.7417754303717,1.2199590230975912,0.0020691798075363195
2024-04-27,Wolves,Luton,2,1,H,1.9,3.84,3.87,2023/24,33,17,0.5035886383506496,0.24917146168391519,0.2472398999654352,True,0.04513038895688837,0.4935692307705523,0.23290907527359272,0.27352169395585485,1.7691557003335783,1.261528840983851,3376,551.7417754303717,1.2199590230975912,0.0020691798075363195
2024-04-28,Tottenham,Arsenal,2,3,A,4.42,4.17,1.74,2023/24,29,0,0.21738270717238903,0.2304152435736114,0.5522020492539996,True,0.04076514104678175,0.2752295112196154,0.2212098049289449,0.5035606838514403,1.3826965132314377,1.9316940051361093,3383,557.6254086184451,1.2230162872261163,-0.00041454554472466587
2024-04-28,Nott'm Forest,Man City,0,2,A,10.37,5.96,1.28,2023/24,23,18,0.09223819818251286,0.16048827435447288,0.7472735274630143,True,0.045467250328451225,0.10347142516600596,0.16129845105595533,0.7352301237780384,0.8103686061909301,2.457028287504208,3383,557.6254086184451,1.2230162872261163,-0.00041454554472466587
2024-04-28,Bournemouth,Brighton,3,0,H,1.96,4.07,3.49,2023/24,2,4,0.48943384134050505,0.2356978695398992,0.27486828911959593,True,0.04243727862229685,0.335980006974293,0.24485490034072047,0.41916509268498653,1.3748835804716337,1.5625027722827105,3383,557.6254086184451,1.2230162872261163,-0.00041454554472466587
2024-05-02,Chelsea,Tottenham,2,0,H,2.46,4.0,2.6,2023/24,7,29,0.3904490163688242,0.24012614506682686,0.369424838564349,True,0.04111944965603498,0.4287131171956739,0.22174903566065743,0.3495378471436688,1.8489225243973186,1.6555357877150447,3386,556.1582976180657,1.226161923829514,-0.0005483203672773358
2024-05-03,Luton,Everton,1,1,D,2.77,3.62,2.48,2023/24,17,9,0.3469657501951721,0.26549589172393,0.38753835808089787,True,0.040479730699174654,0.4012469047942382,0.2502667371920919,0.34848635801366995,1.4796385873055162,1.3624713766876446,3387,556.0450945969185,1.2290743923664786,-0.00045831729372934957
2024-05-04,Arsenal,Bournemouth,3,0,H,1.22,7.12,12.18,2023/24,0,2,0.7864649271408828,0.13475943976290408,0.07877563309621322,True,0.04222337558952538,0.7768245972212932,0.1392028409259311,0.08397256185277557,2.7206136279286075,0.799428791741145,3388,555.9321177555581,1.2291136277614259,-0.0038475422445803276
2024-05-04,Brentford,Fulham,0,0,D,2.07,3.82,3.36,2023/24,3,10,0.4634014253839655,0.25111019647769856,0.28548837813833583,True,0.04249093977070317,0.4583421307111211,0.24684760486718973,0.29481026442168895,1.603846421447829,1.2388971305205208,3388,555.9321177555581,1.2291136277614259,-0.0038475422445803276
2024-05-04,Burnley,Newcastle,1,4,A,3.35,4.08,2.01,2023/24,5,21,0.28671820098383693,0.2354181307097681,0.47786366830639504,True,0.04111793971319866,0.22623122503373405,0.22603614160569158,0.5477326333605745,1.1259577788390807,1.8728143727109663,3388,555.9321177555581,1.2291136277614259,-0.0038475422445803276
2024-05-04,Man City,Wolves,5,1,H,1.1,12.16,23.44,2023/24,18,33,0.8792067871226291,0.07953350870352731,0.04125970417384351,True,0.033989867237127935,0.7934698532101329,0.13890276596764115,0.06762738082222584,2.563608453501021,0.6175448478483062,3388,555.9321177555581,1.2291136277614259,-0.0038475422445803276
2024-05-04,Sheffield United,Nott'm Forest,1,3,A,4.83,4.2,1.68,2023/24,24,23,0.1990049751243781,0.2288557213930348,0.572139303482587,True,0.04037267080745344,0.2775618413963204,0.2360564230866991,0.48638173551698033,1.2639371627088756,1.7435130604832736,3388,555.9321177555581,1.2291136277614259,-0.0038475422445803276
2024-05-05,Brighton,Aston Villa,1,0,H,2.45,3.81,2.7,2023/24,4,1,0.39208735921330967,0.2521296666857241,0.3557829741009662,True,0.04100082727754262,0.37713542356881946,0.2456087768231544,0.3772557996080264,1.4938257529878405,1.4940989509110612,3393,559.8113746367469,1.2273279879238985,-0.009107456306469799
2024-05-05,Chelsea,West Ham,5,0,H,1.5,5.05,5.71,2023/24,7,32,0.6411379528854598,0.19043701570855245,0.16842503140598772,True,0.03981781715824817,0.5491904646979399,0.21673123371009795,0.23407830159196244,2.0144233273804155,1.253808522246929,3393,559.8113746367469,1.2273279879238985,-0.009107456306469799
2024-05-05,Liverpool,Tottenham,4,2,H,1.43,5.69,6.13,2023/24,16,29,0.6735834445360673,0.1692837127744422,0.1571328426894904,True,0.03817976076051699,0.6253658182219248,0.19119048999941907,0.1834436917786561,2.3315664757225107,1.20062369468678,3393,559.8113746367469,1.2273279879238985,-0.009107456306469799
2024-05-06,Crystal Palace,Man United,4,0,H,2.03,3.93,3.43,2023/24,8,19,0.47429866259451736,0.24499396566587026,0.28070737173961224,True,0.03860895315144841,0.3394887398547339,0.2669946493851105,0.39351661076015554,1.2209656237439819,1.3354889177188562,3396,561.6868767601826,1.2356633016832503,-0.00390699668766088
2024-05-11,Tottenham,Burnley,2,1,H,1.32,6.25,8.08,2023/24,29,5,0.727502175303534,0.1536484594241064,0.11884936527235952,True,0.04133813381338136,0.6978321741486152,0.17055786762598904,0.13160995822539565,2.472324900439688,0.9891702517595307,3397,557.0880487892573,1.2412886341092424,-0.0038504592637038245
2024-05-11,Wolves,Crystal Palace,1,3,A,3.2,3.55,2.24,2023/24,33,8,0.30030211480362534,0.27069486404833837,0.42900302114803623,True,0.04061871227364189,0.3750461989360683,0.2814637416698407,0.34349005939409116,1.2033675819783234,1.1389795971344268,3397,557.0880487892573,1.2412886341092424,-0.0038504592637038245
2024-05-11,West Ham,Luton,3,1,H,1.86,4.23,3.76,2023/24,32,17,0.5169569202566452,0.22731439046746102,0.25572868927589365,True,0.03999847479600405,0.5633750753814087,0.2005920835775325,0.23603284104105876,2.2536806894338546,1.4183892311915198,3397,557.0880487892573,1.2412886341092424,-0.0038504592637038245
2024-05-11,Nott'm Forest,Chelsea,2,3,A,4.11,3.99,1.84,2023/24,23,7,0.2345341805391833,0.2415878401042715,0.5238779793565452,True,0.037413829718695224,0.2797704573424552,0.23767152539004122,0.4825580172675035,1.2588931857786512,1.7225610786880663,3397,557.0880487892573,1.2412886341092424,-0.0038504592637038245
2024-05-11,Bournemouth,Brentford,1,2,A,2.11,3.9,3.22,2023/24,2,3,0.45531013879019044,0.2463344597044364,0.2983554015053732,True,0.040902911910535966,0.3619481710482274,0.25040454325301575,0.3876472856987568,1.402593423090823,1.4598208607246161,3397,557.0880487892573,1.2412886341092424,-0.0038504592637038245
2024-05-11,Fulham,Man City,0,4,A,11.13,7.21,1.23,2023/24,10,18,0.08626289449494434,0.13316310897763253,0.7805739965274232,True,0.04155164494099073,0.15550666695875665,0.20155499534682986,0.6429383376944134,0.9179635461747083,2.087138140257617,3397,557.0880487892573,1.2412886341092424,-0.0038504592637038245
2024-05-11,Everton,Sheffield United,1,0,H,1.43,5.05,7.08,2023/24,9,24,0.6733346013834302,0.19066702573827823,0.1359983728782917,True,0.03856343913400462,0.6352598332276538,0.21184966805498853,0.15289049871735752,1.9532330145124213,0.8364251599692387,3397,557.0880487892573,1.2412886341092424,-0.0038504592637038245
2024-05-11,Newcastle,Brighton,1,1,D,1.59,4.75,4.99,2023/24,21,4,0.6048237902886262,0.20245680559135068,0.19271940412002317,True,0.03985793500274282,0.5463285349902923,0.21842332514587437,0.23524813986383308,1.976799186661865,1.232555426704248,3397,557.0880487892573,1.2412886341092424,-0.0038504592637038245
2024-05-12,Man United,Arsenal,0,1,A,9.06,6.14,1.3,2023/24,19,0,0.10587835794366242,0.15623093207973643,0.7378907099766012,True,0.04247249468035963,0.23516572442622838,0.23203647775095299,0.5327977978228189,1.1219245416400738,1.8034484175340804,3405,563.9590021147023,1.2318468936739422,-0.004185219650678875
2024-05-13,Aston Villa,Liverpool,3,3,D,3.83,4.53,1.79,2023/24,1,16,0.25093224980890816,0.21215684696867954,0.5369109032224124,True,0.040506375497599834,0.2935390110241697,0.23544112184793586,0.4710198671278944,1.3218251912602252,1.731163786852353,3406,563.8302132755748,1.2316051236395715,-0.0008372102824155862
2024-05-14,Tottenham,Man City,0,2,A,6.73,6.02,1.38,2023/24,29,18,0.14296432947395954,0.15982557098999134,0.6972100995360492,True,0.03933904807406341,0.1985512273565674,0.1958962958748203,0.6055524767686123,1.23453861968098,2.2640206428358374,3407,563.7016817567197,1.2317420280126157,-0.000774051816488252
2024-05-15,Brighton,Chelsea,1,2,A,3.25,4.08,2.06,2023/24,4,7,0.2963631619404932,0.2360735971339713,0.4675632409255354,True,0.0382272401118775,0.3867970009585846,0.24286855409234606,0.37033444494906886,1.5221258274804361,1.4846560541314808,3408,563.5734070440107,1.2306276717158864,-0.0010128591950001133
2024-05-15,Man United,Newcastle,3,2,H,2.7,3.95,2.4,2023/24,19,21,0.356056338028169,0.2433802816901408,0.4005633802816902,True,0.04020159399906231,0.39445916105095075,0.23980178737911578,0.3657390515699334,1.5692877921467978,1.503274148959501,3408,563.5734070440107,1.2306276717158864,-0.0010128591950001133
2024-05-19,Sheffield United,Tottenham,0,3,A,7.72,5.98,1.35,2023/24,24,29,0.12485191909756482,0.16118006947043484,0.7139680114320002,True,0.03749849976477604,0.1292127020992049,0.15650504586627345,0.7142822520345218,1.105346005992722,2.7237346822266124,3410,561.0668699707901,1.2301639290966226,-0.0008949294570567657
2024-05-19,Man City,West Ham,3,1,H,1.07,14.3,28.36,2023/24,18,32,0.8988324761266879,0.06725529716472418,0.03391222670858801,True,0.03977044007098174,0.8249852416009572,0.11272890529477443,0.06228585310426866,3.0442549510416463,0.7613428097818694,3410,561.0668699707901,1.2301639290966226,-0.0008949294570567657
2024-05-19,Liverpool,Wolves,2,0,H,1.13,10.0,17.17,2023/24,16,33,0.8483113564533173,0.09585918327922487,0.055829460267457685,True,0.04319687044185949,0.7382433945568889,0.16261455658820578,0.09914204885490555,2.40877182117542,0.7621567567878383,3410,561.0668699707901,1.2301639290966226,-0.0008949294570567657
2024-05-19,Crystal Palace,Aston Villa,5,0,H,1.66,4.49,4.68,2023/24,8,1,0.5799080457232431,0.21439807481082032,0.20569387946593662,True,0.03880200144992063,0.3516424732741623,0.25474391259887785,0.39361361412695994,1.334722123584813,1.4267296131275022,3410,561.0668699707901,1.2301639290966226,-0.0008949294570567657
2024-05-19,Luton,Fulham,2,4,A,3.05,3.93,2.18,2023/24,17,10,0.3149443625495812,0.24442246966316095,0.440633167787258,True,0.04103737499794291,0.3410548113154672,0.23193957760243364,0.42700561108209917,1.5146478484795367,1.7170291324907707,3410,561.0668699707901,1.2301639290966226,-0.0008949294570567657
2024-05-19,Burnley,Nott'm Forest,1,2,A,2.9,3.79,2.32,2023/24,5,23,0.3316560927586961,0.2537737912929337,0.4145701159483702,True,0.03971431170958062,0.385219305521293,0.26060243029349583,0.3541782641852108,1.3623644646613382,1.2954639833531694,3410,561.0668699707901,1.2301639290966226,-0.0008949294570567657
2024-05-19,Brighton,Man United,0,2,A,2.62,4.02,2.44,2023/24,4,19,0.36690356848956385,0.23912620632901926,0.39397022518141694,True,0.040271673792220186,0.4082948523918152,0.25196842853025475,0.33973671907793035,1.4779210969718837,1.3265122603934534,3410,561.0668699707901,1.2301639290966226,-0.0008949294570567657
2024-05-19,Brentford,Newcastle,2,4,A,2.94,4.01,2.2,2023/24,3,21,0.3257826982872589,0.23885315036522228,0.43536415134751877,True,0.04405806757071451,0.36713452259533047,0.2380803082404152,0.39478516916425455,1.5237663485126638,1.5876814368556327,3410,561.0668699707901,1.2301639290966226,-0.0008949294570567657
2024-05-19,Arsenal,Everton,2,1,H,1.22,7.25,12.71,2023/24,0,9,0.7909744915608501,0.13310191444196373,0.07592359399718623,True,0.0362813717671997,0.7383811146041657,0.17310233869761996,0.08851654669821453,2.1955631213623468,0.6097334673692193,3410,561.0668699707901,1.2301639290966226,-0.0008949294570567657
2024-05-19,Chelsea,Bournemouth,2,1,H,1.4,5.56,6.88,2023/24,7,2,0.6871497140229357,0.17302330928635073,0.13982697669071367,True,0.03949066660293021,0.6242416994650765,0.19737471834896955,0.17838358218595377,2.1951254124649195,1.090960276734282,3410,561.0668699707901,1.2301639290966226,-0.0008949294570567657
2024-08-16,Man United,Fulham,1,0,H,1.66,4.2,5.02,2024/25,19,10,0.5794026799160191,0.22900201158585512,0.19159530849812584,True,0.03970806390045101,0.5030291769915225,0.24107822631386389,0.2558925966946136,1.6898847602707607,1.1359350812906939,3420,477.9500901274983,1.2239591299887924,-0.0013934920513669305
2024-08-17,West Ham,Aston Villa,1,2,A,2.47,3.51,2.83,2024/25,32,1,0.38812414283537355,0.2731243968100777,0.3387514603545487,True,0.04311547495479062,0.3575593907627816,0.23178927261543342,0.41065133662178505,1.5552235476931227,1.6801823302292878,3421,477.9931472091426,1.2248543329507204,0.0027638456690779333
2024-08-17,Nott'm Forest,Bournemouth,1,1,D,2.25,3.44,3.23,2024/25,23,2,0.4254116782228824,0.2782489174422923,0.29633940433482525,True,0.04473964208286341,0.42964916893896987,0.24582705606454858,0.32452377499648144,1.561493841390203,1.3259984166375822,3421,477.9931472091426,1.2248543329507204,0.0027638456690779333
2024-08-17,Newcastle,Southampton,1,0,H,1.39,5.27,7.33,2024/25,21,25,0.6880471509410773,0.18147733203189703,0.13047551702702556,True,0.045603429136594986,0.7000015719997796,0.1695983568200932,0.13040007118012747,2.4622155564698485,0.9738457050454671,3421,477.9931472091426,1.2248543329507204,0.0027638456690779333
2024-08-17,Ipswich,Liverpool,0,2,A,7.87,5.81,1.35,2024/25,13,16,0.12218679070984706,0.1655094738186741,0.7123037354714787,True,0.039922583377215215,0.206944554631516,0.2146350701721566,0.5784203751963275,1.105367164427907,1.987279495804094,3421,477.9931472091426,1.2248543329507204,0.0027638456690779333
2024-08-17,Arsenal,Wolves,2,0,H,1.15,8.62,18.11,2024/25,0,33,0.8354836586160814,0.1114624370543496,0.05305390432956894,True,0.04079260967434917,0.7576908733610219,0.1569267312052327,0.08538239543374493,2.395652740541691,0.6688470788401056,3421,477.9931472091426,1.2248543329507204,0.0027638456690779333
2024-08-17,Everton,Brighton,0,3,A,3.06,3.4,2.38,2024/25,9,4,0.3139013452914798,0.2825112107623318,0.40358744394618834,True,0.041083099906629394,0.3447502316545003,0.2825258056980858,0.3727239626474141,1.1236320108850562,1.1803067721040046,3421,477.9931472091426,1.2248543329507204,0.0027638456690779333
2024-08-18,Brentford,Crystal Palace,2,1,H,2.85,3.28,2.62,2024/25,3,8,0.3382161945168171,0.29387687633321,0.3679069291499728,True,0.03743463107592104,0.43233368473226574,0.25427158421169915,0.3133947310560355,1.4880113101419643,1.2285233734519683,3427,483.02612825601705,1.2174796957662304,0.002053945586175903
2024-08-18,Chelsea,Man City,0,2,A,3.64,3.83,1.98,2024/25,7,18,0.26393751870749477,0.25084401255751465,0.4852184687349905,True,0.04087238551990513,0.1994866893962399,0.2081062892991911,0.5924070213045691,1.1199911519701724,2.0696897992749226,3427,483.02612825601705,1.2174796957662304,0.002053945586175903
2024-08-19,Leicester,Tottenham,1,1,D,4.57,4.23,1.71,2024/25,15,29,0.2103981779627739,0.22730961543495903,0.5622922066022671,True,0.040020321766752076,0.3673749922436501,0.22526552449852996,0.4073594832578199,1.6591005076901104,1.7555176749291472,3429,484.0570454053833,1.2171219012841719,0.0019198952640610448
2024-08-24,Southampton,Nott'm Forest,0,1,A,2.36,3.48,3.04,2024/25,25,23,0.4074188181650133,0.2762955203647791,0.3162856614702077,True,0.04003250381945511,0.38635313788258224,0.2612435022696596,0.35240335984775845,1.3618719062964206,1.2887863697328978,3430,480.23064716246233,1.2176053507972437,-0.0019628271217693115
2024-08-24,Tottenham,Everton,4,0,H,1.37,5.39,7.91,2024/25,29,9,0.7005877819570494,0.17807147704659698,0.12134074099635367,True,0.041878014572654054,0.6016012051593513,0.2187029350526052,0.17969585978804328,1.914437542834799,0.9399155491464868,3430,480.23064716246233,1.2176053507972437,-0.0019628271217693115
2024-08-24,Man City,Ipswich,4,1,H,1.09,11.44,27.5,2024/25,18,13,0.8811224143986494,0.0839530971760951,0.034924488425255557,True,0.04120741643677417,0.8405100787440075,0.11311622366543671,0.0463736975905559,2.785528234504813,0.5253286492067921,3430,480.23064716246233,1.2176053507972437,-0.0019628271217693115
2024-08-24,Crystal Palace,West Ham,0,2,A,1.98,3.78,3.72,2024/25,8,32,0.4863653343294733,0.2547627941725813,0.25887187149794544,True,0.03841797390184487,0.48291587511276596,0.23973770829892838,0.2773464165883059,1.6950409695733577,1.228986755897131,3430,480.23064716246233,1.2176053507972437,-0.0019628271217693115
2024-08-24,Brighton,Man United,2,1,H,2.41,3.72,2.81,2024/25,4,19,0.3991218189801645,0.2585708558446765,0.34230732517515894,True,0.03962684975817132,0.39802536685631285,0.25492933307934534,0.347045300064342,1.435894836002314,1.3241450950476334,3430,480.23064716246233,1.2176053507972437,-0.0019628271217693115
2024-08-24,Aston Villa,Arsenal,0,2,A,4.66,4.02,1.74,2024/25,1,0,0.2067241195871901,0.23963542220803632,0.5536404582047735,True,0.038061137261745204,0.24345962114418832,0.22735239291423986,0.5291879859415717,1.1905561898690398,1.855933990633847,3430,480.23064716246233,1.2176053507972437,-0.0019628271217693115
2024-08-24,Fulham,Leicester,2,1,H,1.88,3.71,4.21,2024/25,10,15,0.5119556061057993,0.2594276386735586,0.22861675522064195,True,0.03898636380416409,0.4308469762748004,0.2485995200796531,0.32055350364554636,1.5477549439734357,1.3020670785171884,3430,480.23064716246233,1.2176053507972437,-0.0019628271217693115
2024-08-25,Bournemouth,Newcastle,1,1,D,2.57,3.65,2.64,2024/25,2,21,0.37346955385968933,0.26296349408750724,0.3635669520528036,True,0.04186553989336339,0.27355335256300745,0.22358668044970625,0.5028599669872862,1.3452364223562236,1.890638341216016,3437,486.2571596801156,1.2182687665415597,0.0024849065472947935
2024-08-25,Liverpool,Brentford,2,0,H,1.22,7.19,11.82,2024/25,16,3,0.7856107526484128,0.13330251992087117,0.08108672743071604,True,0.04335655842833375,0.678416109293222,0.1809214226384336,0.14066246806834445,2.3202739678170268,0.9589641586583967,3437,486.2571596801156,1.2182687665415597,0.0024849065472947935
2024-08-25,Wolves,Chelsea,2,6,A,3.89,3.89,1.91,2024/25,33,7,0.2477302204928664,0.2477302204928664,0.5045395590142672,True,0.037699026904803645,0.282437957215953,0.25028318586786125,0.4672788569161858,1.1587356728467086,1.5640278091807047,3437,486.2571596801156,1.2182687665415597,0.0024849065472947935
2024-08-31,West Ham,Man City,1,3,A,7.32,5.14,1.4,2024/25,32,18,0.13067290371317333,0.1860944854436632,0.6832326108431634,True,0.04545026532651719,0.12307221843594832,0.16794626555229414,0.7089815160117576,0.931780922456911,2.461803296418141,3440,483.42115979509487,1.213856361001084,-0.0005557735057387567
2024-08-31,Arsenal,Brighton,1,1,D,1.37,5.37,8.0,2024/25,0,4,0.7010798522771223,0.1788602230204204,0.1200599247024572,True,0.041146746591635086,0.6893607280201929,0.18357094846182254,0.1270683235179844,2.232924702304096,0.8419549880185105,3440,483.42115979509487,1.213856361001084,-0.0005557735057387567
2024-08-31,Brentford,Southampton,3,1,H,1.8,3.86,4.42,2024/25,3,25,0.5337429454531802,0.2488956740455245,0.21736138050129514,True,0.04086725695991178,0.585405206109894,0.22663650125360552,0.18795829263650035,1.829717923523994,0.9297298339650448,3440,483.42115979509487,1.213856361001084,-0.0005557735057387567
2024-08-31,Everton,Bournemouth,2,3,A,2.96,3.45,2.43,2024/25,9,2,0.3250892846756087,0.2789171833738556,0.39599353195053566,True,0.03921554404646188,0.3929243394747393,0.27785858815263265,0.3292170723726282,1.252003220993706,1.12120686545206,3440,483.42115979509487,1.213856361001084,-0.0005557735057387567
2024-08-31,Ipswich,Fulham,1,1,D,3.03,3.41,2.4,2024/25,13,10,0.3173532183199358,0.2819883435511452,0.40065843812891894,True,0.039954801931806116,0.30956799839043087,0.25323421327777684,0.43719778833179246,1.2303508619000971,1.50999338449781,3440,483.42115979509487,1.213856361001084,-0.0005557735057387567
2024-08-31,Leicester,Aston Villa,1,2,A,4.0,3.76,1.91,2024/25,15,1,0.2404961555978246,0.25584697404023893,0.5036568703619363,True,0.03951765623259451,0.37740901136109584,0.2394040370088117,0.38318695163009237,1.5345046835604035,1.5478021469161938,3440,483.42115979509487,1.213856361001084,-0.0005557735057387567
2024-08-31,Nott'm Forest,Wolves,1,1,D,2.0,3.61,3.73,2024/25,23,33,0.4784209086419402,0.26505313498168437,0.2565259563763755,True,0.045104824994615766,0.4349356710511343,0.26191814426784055,0.3031461846810254,1.432360899720817,1.1509389226257298,3440,483.42115979509487,1.213856361001084,-0.0005557735057387567
2024-09-01,Newcastle,Tottenham,2,1,H,2.46,3.89,2.64,2024/25,21,29,0.389983822825765,0.2466221604502267,0.3633940167240083,True,0.042361352568889066,0.4681110026471946,0.21790699698398522,0.3139820003688204,1.9864875747967587,1.6043812617132767,3447,489.4412976642562,1.2092694878477164,-0.011394501601943323
2024-09-01,Man United,Liverpool,0,3,A,3.56,4.04,1.95,2024/25,19,16,0.26977234747828943,0.237720187381859,0.4925074651398515,True,0.04124414170025492,0.2621941873692164,0.2400653859419109,0.49774042668887286,1.1891013886931143,1.7236590554737345,3447,489.4412976642562,1.2092694878477164,-0.011394501601943323
2024-09-01,Chelsea,Crystal Palace,1,1,D,1.65,4.3,4.97,2024/25,7,8,0.5828481038550175,0.22365101659552997,0.1935008795494525,True,0.03982598905625445,0.539828411927926,0.22866718610223666,0.23150440196983751,1.8621179305837983,1.146141761047386,3447,489.4412976642562,1.2092694878477164,-0.011394501601943323
2024-09-14,Aston Villa,Everton,3,2,H,1.68,3.94,5.24,2024/25,1,9,0.5724076743928136,0.24407230786292558,0.18352001774426083,True,0.03988489649356852,0.5846375277550211,0.23230364657907707,0.18305882566590176,1.7982003293083513,0.8976850959531248,3450,479.80283588675184,1.2055456136333385,-0.014665866597926272
2024-09-14,Bournemouth,Chelsea,0,1,A,3.11,3.8,2.19,2024/25,2,7,0.3087837511919825,0.2527151226860698,0.4385011261219477,True,0.04132230766318079,0.2875612400409012,0.23104308581775648,0.4813956741413421,1.3711672541583406,1.828380701807905,3450,479.80283588675184,1.2055456136333385,-0.014665866597926272
2024-09-14,Brighton,Ipswich,0,0,D,1.48,4.7,6.48,2024/25,4,13,0.6479669123278812,0.20404064473303493,0.14799244293908398,True,0.04276262077680504,0.5845136955204084,0.22860815671878482,0.1868781477608072,1.841924991339248,0.9384103360653181,3450,479.80283588675184,1.2055456136333385,-0.014665866597926272
2024-09-14,Crystal Palace,Leicester,2,2,D,1.67,3.98,5.27,2024/25,8,15,0.5758756359463074,0.24163625930410382,0.18248810474958885,True,0.03981199729972795,0.4429916306078575,0.2557836298078716,0.301224739584271,1.5270729816036386,1.2160787126985684,3450,479.80283588675184,1.2055456136333385,-0.014665866597926272
2024-09-14,Fulham,West Ham,1,1,D,2.33,3.39,3.15,2024/25,10,32,0.4120316243966246,0.28319577724015793,0.3047725983632175,True,0.0416301175540037,0.458710705634678,0.2431847511534634,0.29810454321185836,1.668511778377104,1.3029980159779284,3450,479.80283588675184,1.2055456136333385,-0.014665866597926272
2024-09-14,Liverpool,Nott'm Forest,0,1,A,1.23,6.75,11.99,2024/25,16,23,0.7783265870188022,0.14182840030120394,0.07984501267999389,True,0.04455911392586254,0.7650629506141262,0.14865297665690627,0.0862840727289678,2.594201576541776,0.766069222770725,3450,479.80283588675184,1.2055456136333385,-0.014665866597926272
2024-09-14,Man City,Brentford,2,1,H,1.19,7.64,13.85,2024/25,18,3,0.8053606480392672,0.125442299890933,0.06919705206979986,True,0.043428352874784304,0.7743252783047878,0.1428316617725014,0.08284305992271024,2.6723543166823487,0.775552700874261,3450,479.80283588675184,1.2055456136333385,-0.014665866597926272
2024-09-14,Southampton,Man United,0,3,A,4.19,4.05,1.8,2024/25,25,19,0.22923447007216638,0.23715862459317957,0.533606905334654,True,0.041132620289342725,0.24377671019368424,0.2518784147664647,0.5043448750398511,1.043801201670331,1.6128460424018285,3450,479.80283588675184,1.2055456136333385,-0.014665866597926272
2024-09-15,Tottenham,Arsenal,0,1,A,2.77,3.51,2.53,2024/25,29,0,0.34673637602445817,0.27363525971160946,0.37962836426393254,True,0.04116803222124199,0.25633051021177833,0.22393070691881514,0.5197387828694066,1.2908726758576252,1.9171853684983975,3458,486.82820517057144,1.1928204101140922,-0.007849041728046605
2024-09-15,Wolves,Newcastle,1,2,A,3.59,3.69,2.04,2024/25,33,21,0.2679023286106277,0.26064210290302264,0.47145556848634973,True,0.03975032049189897,0.24944923522697074,0.23548453771571595,0.5150662270573133,1.1649460597401782,1.7718996085340413,3458,486.82820517057144,1.1928204101140922,-0.007849041728046605
2024-09-21,Tottenham,Brentford,3,1,H,1.47,4.99,6.19,2024/25,29,3,0.6527121233572893,0.19228192812328965,0.1550059485194209,True,0.042223798976630755,0.5242220368190662,0.21938041279336218,0.2563975503875714,1.9685218190050489,1.3237998543670748,3460,482.99732197810977,1.1918058014050554,-0.0034886964048901604
2024-09-21,West Ham,Chelsea,0,3,A,3.53,3.91,2.0,2024/25,32,7,0.2726420126698347,0.24614483496790704,0.4812131523622582,True,0.039040594683494856,0.32105228777637534,0.22950666645138804,0.4494410457722368,1.4818232197366141,1.786241977999701,3460,482.99732197810977,1.1918058014050554,-0.0034886964048901604
2024-09-21,Southampton,Ipswich,1,1,D,2.44,3.44,2.95,2024/25,25,13,0.3942563209995493,0.27964692536014546,0.32609675364030516,True,0.03951679083983284,0.35353015831282164,0.3002821670448897,0.3461876746422886,1.0583943257107133,1.044082987764438,3460,482.99732197810977,1.1918058014050554,-0.0034886964048901604
2024-09-21,Liverpool,Bournemouth,3,0,H,1.26,6.7,10.38,2024/25,16,2,0.7636811659133735,0.1436176520971419,0.09270118198948464,True,0.039243638674231196,0.7466456422375753,0.15448169123128658,0.09887266653113794,2.55394275639616,0.8268466524627701,3460,482.99732197810977,1.1918058014050554,-0.0034886964048901604
2024-09-21,Fulham,Newcastle,3,1,H,2.89,3.51,2.45,2024/25,10,21,0.3330054716754634,0.2741839923481736,0.39281053597636295,True,0.03908431145208202,0.3253179857335696,0.24090198621819617,0.433780028048234,1.3855964793788484,1.6334916910029775,3460,482.99732197810977,1.1918058014050554,-0.0034886964048901604
2024-09-21,Crystal Palace,Man United,0,0,D,2.85,3.58,2.44,2024/25,8,19,0.3373680104432995,0.26857509211268255,0.3940568974440179,True,0.04004286749477415,0.368007076106171,0.2619958772175481,0.36999704667628086,1.3217199774430872,1.3260008549096223,3460,482.99732197810977,1.1918058014050554,-0.0034886964048901604
2024-09-21,Aston Villa,Wolves,3,1,H,1.62,4.27,5.28,2024/25,1,33,0.5930461956092865,0.22499644891968248,0.1819573554710311,True,0.040869927481949286,0.5925597701859777,0.21707663840288818,0.190363591411134,1.9527165520968355,1.0111597353283406,3460,482.99732197810977,1.1918058014050554,-0.0034886964048901604
2024-09-21,Leicester,Everton,1,1,D,2.11,3.5,3.57,2024/25,15,9,0.4558106279206353,0.2747886928321544,0.26940067924721023,True,0.03975997982131241,0.5084501934907236,0.24968426325410298,0.2418655432551738,1.6095141087992484,1.028738294232105,3460,482.99732197810977,1.1918058014050554,-0.0034886964048901604
2024-09-22,Brighton,Nott'm Forest,2,2,D,1.84,3.75,4.33,2024/25,4,23,0.5220272177516581,0.2561413548434802,0.22183142740486164,True,0.04109180975332194,0.5254114545160689,0.2455133308793045,0.22907521460462701,1.6857689969631255,1.029595439185621,3468,490.0163086744615,1.1963538096843502,-0.016936951382143815
2024-09-22,Man City,Arsenal,2,2,D,1.78,3.58,4.98,2024/25,18,0,0.5391892382323409,0.2680885039255773,0.19272225784208166,True,0.041930574598942005,0.49908315761877065,0.24694507205603267,0.2539717703251968,1.664849994590034,1.1191911862675765,3468,490.0163086744615,1.1963538096843502,-0.016936951382143815
2024-09-28,Wolves,Liverpool,1,2,A,8.71,5.91,1.32,2024/25,33,16,0.1102261407710404,0.16244833944429135,0.7273255197846681,True,0.04159105788017081,0.1439043738522911,0.2032744485841754,0.6528211775635334,0.8568723609017416,2.0690007781081925,3470,486.1473968679796,1.194103674109051,-0.01671802899176214
2024-09-28,Arsenal,Leicester,4,2,H,1.2,7.13,15.65,2024/25,0,15,0.803225585856659,0.13518523184123293,0.06158918230210804,True,0.03748355132956038,0.729374427022546,0.165817147731513,0.10480842524594099,2.4397051380713544,0.8183773331008661,3470,486.1473968679796,1.194103674109051,-0.01671802899176214
2024-09-28,Brentford,West Ham,1,1,D,2.23,3.57,3.2,2024/25,3,32,0.4307513640082802,0.2690687791984495,0.30017985679327025,True,0.04104253809146985,0.4882350290009673,0.2346047000484975,0.2771602709505347,1.7948736704394077,1.303467665679056,3470,486.1473968679796,1.194103674109051,-0.01671802899176214
2024-09-28,Chelsea,Brighton,4,2,H,1.77,4.18,4.26,2024/25,7,4,0.5437921430665493,0.2302660510114336,0.22594180592201699,True,0.03894798521075371,0.5172788355562484,0.23260461421411427,0.2501165502296373,1.8292645971766888,1.2092283629855707,3470,486.1473968679796,1.194103674109051,-0.01671802899176214
2024-09-28,Everton,Crystal Palace,2,1,H,2.75,3.34,2.65,2024/25,9,8,0.34951724682607066,0.2877761762789504,0.36270657689497904,True,0.040396051807191746,0.3229501361143085,0.2891276240135065,0.38792223987218477,1.0723527523738692,1.2033824596543363,3470,486.1473968679796,1.194103674109051,-0.01671802899176214
2024-09-28,Newcastle,Man City,1,1,D,4.95,4.2,1.67,2024/25,21,18,0.19445253046118016,0.22917619661496233,0.5763712729238575,True,0.03891783532502102,0.20010022840262764,0.2057276455072193,0.5941721260901531,1.1851125754264313,2.158784367752568,3470,486.1473968679796,1.194103674109051,-0.01671802899176214
2024-09-28,Nott'm Forest,Fulham,0,1,A,2.54,3.17,3.03,2024/25,23,10,0.37885307911064126,0.303560511337864,0.3175864095514947,True,0.039191203951116194,0.3548677485546783,0.2635122770883472,0.38161997435697453,1.3091004622404332,1.366927724193074,3470,486.1473968679796,1.194103674109051,-0.01671802899176214
2024-09-29,Man United,Tottenham,0,3,A,2.11,3.86,3.24,2024/25,19,29,0.454986648428007,0.24871031818214892,0.29630303338984404,True,0.04164298211069495,0.4014504823399091,0.24240620499397453,0.3561433126661165,1.6037540565104935,1.4991279253667602,3477,492.16208771183614,1.1978255348032336,-0.020196462984390783
2024-09-29,Ipswich,Aston Villa,2,2,D,3.65,3.58,2.06,2024/25,13,1,0.2637549712454579,0.26891219135360933,0.46733283740093273,True,0.03873910488215704,0.2517400644083802,0.26671631614242247,0.4815436194491971,0.9965227199240995,1.4818217640924831,3477,492.16208771183614,1.1978255348032336,-0.020196462984390783
2024-09-30,Bournemouth,Southampton,3,1,H,1.52,4.52,6.1,2024/25,2,25,0.6307303771754845,0.21210402064308326,0.1571656021814322,True,0.043068101124710934,0.5230772237856385,0.24743934684975524,0.2294834293646062,1.6748389658308411,1.026458747563824,3479,493.1747512020343,1.193533969483557,-0.0207035197869572
2024-10-05,Arsenal,Southampton,3,1,H,1.18,7.99,15.31,2024/25,0,25,0.8164875528047155,0.12058264234162257,0.06292980485366194,True,0.03793085908969873,0.8396512735881883,0.11234695236066507,0.0480017740511463,2.88528224741931,0.5823060469839569,3480,489.2576302706106,1.1954775533322417,-0.020428517718098928
2024-10-05,Brentford,Wolves,5,3,H,2.05,3.6,3.57,2024/25,3,33,0.46648881145532745,0.26563946207872813,0.2678717264659443,True,0.045694700644485664,0.5282072589354653,0.24484012645107936,0.2269526146134557,1.7010835957348336,1.031702052480828,3480,489.2576302706106,1.1954775533322417,-0.020428517718098928
2024-10-05,Crystal Palace,Liverpool,0,1,A,5.03,4.1,1.67,2024/25,8,16,0.19088321471085945,0.23418111463307884,0.5749356706560619,True,0.04151199129162508,0.20265779545615148,0.234908310120476,0.5624338944233724,0.9865568874215409,1.7996536482430532,3480,489.2576302706106,1.1954775533322417,-0.020428517718098928
2024-10-05,Everton,Newcastle,0,0,D,3.67,3.74,1.98,2024/25,9,21,0.26076851564920983,0.2558878215060427,0.4833436628447475,True,0.04490974822758753,0.2510108266497868,0.24898002177308107,0.5000091515771322,1.1011256330868804,1.6529962899141137,3480,489.2576302706106,1.1954775533322417,-0.020428517718098928
2024-10-05,Leicester,Bournemouth,1,0,H,3.5,3.79,2.04,2024/25,15,2,0.27478799854993136,0.25376200393793136,0.4714499975121372,True,0.03976260688972166,0.4926782755618231,0.23416900966366475,0.27315271477451253,1.812144890776421,1.2996679918448155,3480,489.2576302706106,1.1954775533322417,-0.020428517718098928
2024-10-05,Man City,Fulham,3,2,H,1.26,6.4,10.93,2024/25,18,10,0.7621056393115425,0.15003954773945993,0.0878548129489976,True,0.04139210197650267,0.7584718929699743,0.154076767581363,0.0874513394486622,2.525764966257898,0.7474439396402591,3480,489.2576302706106,1.1954775533322417,-0.020428517718098928
2024-10-05,West Ham,Ipswich,4,1,H,1.91,3.79,3.98,2024/25,32,13,0.504068518190537,0.2540292532305872,0.24190222857887575,True,0.0386687335751823,0.48033653933331316,0.2582519388780537,0.261411521788633,1.5539619694943774,1.079626742757571,3480,489.2576302706106,1.1954775533322417,-0.020428517718098928
2024-10-06,Brighton,Tottenham,3,2,H,2.89,3.93,2.27,2024/25,4,29,0.33239192074249874,0.2444306999862141,0.42317737927128696,True,0.04100232181555974,0.3529316281367013,0.23851844627564597,0.4085499255876527,1.5242942392274248,1.6541596865844947,3487,495.26610686398385,1.2000088449450332,-0.01841098014934586
2024-10-06,Aston Villa,Man United,0,0,D,2.2,3.86,3.06,2024/25,1,19,0.4368906182958765,0.24900501560904884,0.31410436609507464,True,0.04041019767932297,0.4584082096083908,0.2427934633955102,0.2987983269960993,1.6816428577998566,1.3169395094184002,3487,495.26610686398385,1.2000088449450332,-0.01841098014934586
2024-10-06,Chelsea,Nott'm Forest,1,1,D,1.5,4.6,6.34,2024/25,7,23,0.6399262737525783,0.20867161100627557,0.15140211524114627,True,0.04178667763909827,0.6267094519600156,0.20423146991576652,0.16905907812421755,2.1242821395582285,1.0122576602925368,3487,495.26610686398385,1.2000088449450332,-0.01841098014934586
2024-10-19,Southampton,Leicester,2,3,A,2.2,3.54,3.32,2024/25,25,15,0.4378054595303373,0.27208248897365594,0.29011205149600666,True,0.03823614952877774,0.2704351982814732,0.25106436667299853,0.4785004350455288,1.178692333208511,1.64305823073348,3490,485.4781518803223,1.1999191299872984,-0.030188400492433386
2024-10-19,Tottenham,West Ham,4,1,H,1.45,5.23,6.17,2024/25,29,32,0.6612642446274625,0.18333329917969798,0.15540245619283963,True,0.042934315618902597,0.5938843569661533,0.20020074510719174,0.2059148979266547,2.292664473334267,1.3023843063937994,3490,485.4781518803223,1.1999191299872984,-0.030188400492433386
2024-10-19,Newcastle,Brighton,0,1,A,1.73,4.08,4.6,2024/25,21,4,0.5555226672665491,0.23555250352233573,0.20892482921111521,True,0.040524025644437245,0.5194780336981565,0.23041923745203557,0.2501027288498079,1.8914678993305039,1.2560593170840795,3490,485.4781518803223,1.1999191299872984,-0.030188400492433386
2024-10-19,Ipswich,Everton,0,2,A,2.38,3.43,3.05,2024/25,13,9,0.404170159829083,0.28044460069773103,0.31538523947318614,True,0.03958210919028016,0.35451408330029366,0.2941109539561914,0.35137496274351493,1.1371191417294346,1.13080265933006,3490,485.4781518803223,1.1999191299872984,-0.030188400492433386
2024-10-19,Fulham,Aston Villa,1,3,A,2.48,3.44,2.89,2024/25,10,1,0.38773790951638065,0.27953198127925116,0.33273010920436813,True,0.039944242115892425,0.3800695547585166,0.2529225926980627,0.36700785254342067,1.4823585269021462,1.452947831738763,3490,485.4781518803223,1.1999191299872984,-0.030188400492433386
2024-10-19,Bournemouth,Arsenal,2,0,H,4.85,3.73,1.77,2024/25,2,0,0.1983976969146951,0.25797019572017993,0.543632107365125,True,0.03925383316804698,0.1407986078664347,0.1982864936655591,0.6609148984680058,0.8934886954394655,2.1609176919379287,3490,485.4781518803223,1.1999191299872984,-0.030188400492433386
2024-10-19,Man United,Brentford,2,1,H,1.69,4.27,4.72,2024/25,19,3,0.5701789376900771,0.22566801046750123,0.2041530518424217,True,0.03777242058174801,0.4618462061622958,0.2522550478068224,0.2858987460308814,1.617215615414002,1.2242983947020574,3490,485.4781518803223,1.1999191299872984,-0.030188400492433386
2024-10-20,Liverpool,Chelsea,2,1,H,1.67,4.45,4.63,2024/25,16,7,0.5760461429637852,0.21617911432573508,0.20777474271047972,True,0.03950421771546586,0.5950705458946436,0.21092954992742124,0.1939999041779352,2.088674992532405,1.11575250692253,3497,491.49417987655613,1.1988475143185062,-0.021770302965510864
2024-10-20,Wolves,Man City,1,2,A,8.3,5.48,1.35,2024/25,33,18,0.1154368280618534,0.1748404512615663,0.7097227206765803,True,0.043704420276401645,0.0962342571338676,0.16055811081960172,0.7432076320465307,0.7876565024428241,2.485311857601251,3497,491.49417987655613,1.1988475143185062,-0.021770302965510864
2024-10-21,Nott'm Forest,Crystal Palace,1,0,H,2.36,3.26,3.23,2024/25,23,8,0.4074022486864607,0.29492923524541326,0.2976685160681261,True,0.040074803036804996,0.35884764602431274,0.2787081111821628,0.36244424279352444,1.2229168309838976,1.230401449323354,3499,492.50817784749944,1.2000699314647818,-0.02183847492509274
2024-10-25,Leicester,Nott'm Forest,1,3,A,2.96,3.35,2.45,2024/25,15,23,0.32344190262260847,0.2857874721680361,0.39077062520935546,True,0.044508565830527314,0.4892982492289307,0.24460839015816535,0.2660933606129038,1.6859423732017138,1.1833809617466922,3500,489.5758626578035,1.2018913150544068,-0.01768837706247267
2024-10-26,Aston Villa,Bournemouth,1,1,D,1.81,3.93,4.32,2024/25,1,2,0.5320447131159101,0.24503840476839622,0.22291688211569377,True,0.03842059553543664,0.571801364768383,0.21834221664705858,0.20985641858455806,1.9969951642697623,1.1341934720476312,3501,489.59569143043893,1.1979128996951862,-0.017631846886282204
2024-10-26,Brentford,Ipswich,4,3,H,1.66,4.16,5.07,2024/25,3,13,0.579221706533381,0.23113173866476258,0.1896465548018565,True,0.04003291271595244,0.6421912476017648,0.20688957721888743,0.1509191751793479,2.0443248016362094,0.8796535271502922,3501,489.59569143043893,1.1979128996951862,-0.017631846886282204
2024-10-26,Brighton,Wolves,2,2,D,1.57,4.37,5.67,2024/25,4,33,0.6111857960025356,0.21957933632127713,0.16923486767618712,True,0.04214247013782546,0.5533719693100978,0.23465477984145777,0.21197325084844498,1.800561052752461,1.0261481278405025,3501,489.59569143043893,1.1979128996951862,-0.017631846886282204
2024-10-26,Everton,Fulham,1,1,D,2.76,3.38,2.63,2024/25,9,10,0.34891863249205163,0.28491580641362796,0.36616556109432036,True,0.03840496562752005,0.3374529637451028,0.2826436210425099,0.3799034152123873,1.1438083229836544,1.2309498249773523,3501,489.59569143043893,1.1979128996951862,-0.017631846886282204
2024-10-26,Man City,Southampton,1,0,H,1.12,10.03,20.56,2024/25,18,25,0.8575301816052722,0.09575611200377916,0.046713706390948684,True,0.04119617246093843,0.8873978525647451,0.08031806212688827,0.032284085308366635,3.3853496222022117,0.5794203628110712,3501,489.59569143043893,1.1979128996951862,-0.017631846886282204
2024-10-27,Chelsea,Newcastle,2,1,H,1.79,4.11,4.16,2024/25,7,21,0.5359598005071957,0.23342288148610224,0.230617318006702,True,0.04235283569480042,0.4555808759951208,0.2326843799076922,0.31173474409718704,1.8129359871808883,1.4708232066554023,3506,493.60748857982964,1.192590671445608,-0.025958696649917262
2024-10-27,West Ham,Man United,2,1,H,3.3,3.69,2.15,2024/25,32,19,0.29161382808623254,0.26079285438606165,0.44759331752770576,True,0.039149292127170776,0.34945901972748217,0.2531079948758584,0.3974329853966594,1.3986818641375827,1.506249787546773,3506,493.60748857982964,1.192590671445608,-0.025958696649917262
2024-10-27,Arsenal,Liverpool,2,2,D,2.26,3.38,3.32,2024/25,0,16,0.42564748365170163,0.2846045304890076,0.2897479858592909,True,0.039540683548983546,0.4407051292160733,0.2563458187730126,0.30294905201091427,1.5451731848148331,1.2409585175913047,3506,493.60748857982964,1.192590671445608,-0.025958696649917262
2024-10-27,Crystal Palace,Tottenham,1,0,H,3.73,3.97,1.93,2024/25,8,29,0.25825185125265004,0.2426396486580314,0.4991085000893185,True,0.038120398536958255,0.3137298031658644,0.24755560745466557,0.4387145893794699,1.3430668869901268,1.6268539744147623,3506,493.60748857982964,1.192590671445608,-0.025958696649917262
2024-11-02,Bournemouth,Man City,2,1,H,5.83,4.45,1.55,2024/25,2,18,0.16470658468151156,0.21578413229060953,0.619509283027879,True,0.04140697806710225,0.1206060527599164,0.1799223933744378,0.699471553865646,0.853681052999033,2.313133091825172,3510,491.6718835739958,1.196804775271826,-0.019683335630595416
2024-11-02,Ipswich,Leicester,1,1,D,2.36,3.59,2.97,2024/25,13,15,0.40783127230443816,0.26810078067924065,0.3240679470163212,True,0.038980682293084934,0.2933106434978448,0.23008863511866823,0.47660072138348686,1.413895442012314,1.8497861090120835,3510,491.6718835739958,1.196804775271826,-0.019683335630595416
2024-11-02,Liverpool,Brighton,2,1,H,1.38,5.57,7.49,2024/25,16,4,0.6983232929542149,0.17301367042671748,0.1286630366190676,True,0.037682243268564175,0.6594162758115315,0.19541824306909705,0.14516548111937136,2.1849065311567437,0.92345746467199,3510,491.6718835739958,1.196804775271826,-0.019683335630595416
2024-11-02,Newcastle,Arsenal,1,0,H,3.99,3.61,1.95,2024/25,21,0,0.2408816071776867,0.26623756582796954,0.49288082699434366,True,0.04045538948586058,0.2704386665841141,0.23695692041476424,0.4926044130011216,1.263877490497506,1.7772904540310508,3510,491.6718835739958,1.196804775271826,-0.019683335630595416
2024-11-02,Nott'm Forest,West Ham,3,0,H,2.05,3.48,3.78,2024/25,23,32,0.4691733184960089,0.27638083417149945,0.25444584733249165,True,0.039711464438125565,0.4106363326456897,0.25170251398620874,0.33766115336810126,1.5285124688372425,1.3650724578795554,3510,491.6718835739958,1.196804775271826,-0.019683335630595416
2024-11-02,Southampton,Everton,1,0,H,2.7,3.32,2.71,2024/25,25,9,0.35592724165486467,0.2894589013458237,0.3546138569993117,True,0.04057887968437912,0.3233860704296498,0.2918695916399261,0.3847443379304247,1.0639859359456134,1.1871476015857985,3510,491.6718835739958,1.196804775271826,-0.019683335630595416
2024-11-02,Wolves,Crystal Palace,2,2,D,2.43,3.34,3.03,2024/25,33,8,0.3953311223353763,0.287621145890708,0.31704773177391565,True,0.04095683464997646,0.34058635511001323,0.276442545821734,0.38297109906825255,1.1927929085477569,1.2813497181770341,3510,491.6718835739958,1.196804775271826,-0.019683335630595416
2024-11-03,Tottenham,Aston Villa,4,1,H,1.94,4.02,3.61,2024/25,29,1,0.4950536255219278,0.23890647599814424,0.2660398984799279,True,0.04122844668055348,0.4950910951983579,0.219515380643525,0.2853935241581169,1.9859566183854775,1.4727361211116177,3517,497.6755364860514,1.2104302893974892,-0.01257507262003872
2024-11-03,Man United,Chelsea,1,1,D,2.65,3.6,2.58,2024/25,19,7,0.3618936294564582,0.2663939216832262,0.37171244886031557,True,0.04273316756862178,0.3743846582647294,0.24979790792516468,0.3758174338101062,1.4571281671118175,1.4603454486760186,3517,497.6755364860514,1.2104302893974892,-0.01257507262003872
2024-11-04,Fulham,Brentford,2,1,H,2.02,3.74,3.62,2024/25,10,3,0.47661761599662045,0.2574244877842709,0.2659578962191087,True,0.038672278017531925,0.42896718734952827,0.24515068356560427,0.32588212908486747,1.6128740116901124,1.3783013669556992,3519,498.6771840982512,1.2143955377335645,-0.01589087410985559
2024-11-09,West Ham,Everton,0,0,D,2.16,3.44,3.49,2024/25,32,9,0.4450738477964292,0.27946497419775795,0.27546117800581293,True,0.040193588670965674,0.47344315276616666,0.2596018172719198,0.2669550299619135,1.526800731916136,1.0817610013804506,3520,494.70531304472604,1.2156086461294602,-0.01595084400765989
2024-11-09,Liverpool,Aston Villa,2,0,H,1.48,4.74,6.41,2024/25,16,1,0.648035422540919,0.2023401741267004,0.14962440333238067,True,0.042652380060306694,0.6476058668897877,0.19316117840443822,0.159232954705774,2.2508310897214954,1.0302882036814263,3520,494.70531304472604,1.2156086461294602,-0.01595084400765989
2024-11-09,Wolves,Southampton,2,0,H,1.92,3.79,3.93,2024/25,33,25,0.5012164713245909,0.25391441291377687,0.24486911576163214,True,0.039138502286048205,0.5065322893432191,0.25239440638834904,0.2410733042684319,1.611648788422154,1.0327966824667099,3520,494.70531304472604,1.2156086461294602,-0.01595084400765989
2024-11-09,Brighton,Man City,2,1,H,4.11,4.13,1.8,2024/25,4,18,0.23372728044444022,0.23259542920742116,0.5336772903481386,True,0.04099530859397249,0.17834313299739957,0.21105312719862457,0.6106037398039762,1.01244045757035,2.0448573945063617,3520,494.70531304472604,1.2156086461294602,-0.01595084400765989
2024-11-09,Brentford,Bournemouth,3,2,H,2.6,3.58,2.66,2024/25,3,2,0.3698634393400345,0.26861590566594684,0.3615206549940187,True,0.039884843177992124,0.4946408378649597,0.23531067116638868,0.27004849096865186,1.7880318697729898,1.2677672204616761,3520,494.70531304472604,1.2156086461294602,-0.01595084400765989
2024-11-09,Crystal Palace,Fulham,0,2,A,3.35,3.34,2.26,2024/25,8,10,0.28691976707059336,0.28777880828936764,0.4253014246400389,True,0.04038653639755241,0.41225193634109925,0.2711770828367126,0.31657098082218815,1.3608592717910308,1.159066414318986,3520,494.70531304472604,1.2156086461294602,-0.01595084400765989
2024-11-10,Nott'm Forest,Newcastle,1,3,A,2.76,3.3,2.67,2024/25,23,21,0.348423375329205,0.29140864118442594,0.36016798348636914,True,0.03988097881600572,0.30749991030786106,0.25314885751087973,0.43935123218125904,1.2709261485573118,1.5642724279429692,3526,499.7049031619893,1.219342430928858,-0.0221874759014164
2024-11-10,Tottenham,Ipswich,1,2,A,1.25,6.71,10.56,2024/25,29,13,0.7664830261420021,0.14278744898323437,0.0907295248747635,True,0.04372826626924997,0.7534724990402833,0.14535244653519172,0.10117505442452543,2.8141986964731927,0.9730228605666493,3526,499.7049031619893,1.219342430928858,-0.0221874759014164
2024-11-10,Chelsea,Arsenal,1,1,D,3.01,3.41,2.41,2024/25,7,0,0.3193194048872604,0.28186258319960517,0.3988180119131343,True,0.040418804922171425,0.29377988388689596,0.24174031332826557,0.4644798027848386,1.3166946671852378,1.7085905800043568,3526,499.7049031619893,1.219342430928858,-0.0221874759014164
2024-11-10,Man United,Leicester,3,0,H,1.33,5.66,8.87,2024/25,19,15,0.7220602596610628,0.16967140377194587,0.10826833656699139,True,0.04129771606743016,0.5146216815318065,0.23798944056771368,0.2473888779004796,1.779328925666372,1.1676264250662214,3526,499.7049031619893,1.219342430928858,-0.0221874759014164
2024-11-23,Arsenal,Nott'm Forest,3,0,H,1.41,4.75,8.43,2024/25,0,23,0.6830125728555273,0.20274689004764074,0.11424053709683198,True,0.038370135985834164,0.7210377998410508,0.17523251729381206,0.10372968286513698,2.3145069871949207,0.7598664714911931,3530,490.7773619587032,1.217182539628017,-0.0256827885575994
2024-11-23,Aston Villa,Crystal Palace,2,2,D,1.73,3.83,4.95,2024/25,1,8,0.5551878739248973,0.2507767681175123,0.19403535795759033,True,0.0411514898452523,0.5058402887800894,0.24739468865073863,0.246765022569172,1.6837352640702459,1.1056536876882872,3530,490.7773619587032,1.217182539628017,-0.0256827885575994
2024-11-23,Bournemouth,Brighton,1,2,A,2.46,3.56,2.84,2024/25,2,4,0.3910514264496565,0.27022092951296495,0.3387276440373786,True,0.0395156175014828,0.3575416456670324,0.2559592374735685,0.3864991168593991,1.3944134781301247,1.4588069097113439,3530,490.7773619587032,1.217182539628017,-0.0256827885575994
2024-11-23,Everton,Brentford,0,0,D,2.36,3.38,3.13,2024/25,9,3,0.40779400994487913,0.2847319122692056,0.30747407778591523,True,0.0390756196163764,0.331753049936165,0.2720415808898574,0.3962053691739774,1.211734543484556,1.3484746666806329,3530,490.7773619587032,1.217182539628017,-0.0256827885575994
2024-11-23,Fulham,Wolves,1,4,A,1.55,4.44,5.85,2024/25,10,33,0.6195570503416937,0.21628680811478046,0.1641561415435257,True,0.04132668648797688,0.5298952102279323,0.24239270533430846,0.22771208443775934,1.739672396643838,1.0607687821807739,3530,490.7773619587032,1.217182539628017,-0.0256827885575994
2024-11-23,Leicester,Chelsea,1,2,A,6.91,4.84,1.45,2024/25,15,7,0.1390201240444595,0.19847707792297833,0.6625027980325622,True,0.040984542951162606,0.2922532759688184,0.2307803775872386,0.4769663464439428,1.4169863008521268,1.8569360774101396,3530,490.7773619587032,1.217182539628017,-0.0256827885575994
2024-11-23,Man City,Tottenham,0,4,A,1.41,5.35,6.94,2024/25,18,29,0.6817927242879362,0.17968742827027853,0.1385198474417853,True,0.04022796502666859,0.6847198384690804,0.1740849644923646,0.1411951970385551,2.5245292115536673,1.082679627874407,3530,490.7773619587032,1.217182539628017,-0.0256827885575994
2024-11-24,Ipswich,Man United,1,1,D,5.06,4.09,1.67,2024/25,13,19,0.1898576547077349,0.23488502024966715,0.575257325042598,True,0.040929631213717066,0.26121154476716,0.2518143635383445,0.48697409169449546,1.1397116437774646,1.6410949432838033,3537,496.78280212613834,1.201769037050186,-0.03011271425956855
2024-11-24,Southampton,Liverpool,2,3,A,9.12,5.7,1.32,2024/25,25,16,0.10516252390057364,0.1682600382409178,0.7265774378585087,True,0.04266347687400307,0.09884259405870714,0.17651103838842086,0.7246463675528719,0.7192590065890887,2.2821562811005447,3537,496.78280212613834,1.201769037050186,-0.03011271425956855
2024-11-25,Newcastle,West Ham,0,2,A,1.47,4.8,6.5,2024/25,21,32,0.6525694923762314,0.1998494070402209,0.14758110058354773,True,0.04245159602302451,0.6019670491845033,0.20669923209907012,0.19133371871642646,2.174160683693944,1.1580242102558174,3539,497.7862334227789,1.2033324194840451,-0.03261992504153625
2024-11-29,Brighton,Southampton,1,1,D,1.39,5.45,7.29,2024/25,4,25,0.6916978155994784,0.17641467223546325,0.13188751216505828,True,0.040084910212050184,0.6384542431278254,0.21098001581033682,0.1505657410618379,2.031556906580431,0.8783976715575937,3540,494.8118622367645,1.1986970358181617,-0.03230129583601387
2024-11-30,West Ham,Arsenal,2,5,A,7.37,4.78,1.44,2024/25,32,0,0.1305500658136809,0.20128744457046616,0.6681624896158529,True,0.039334675677022535,0.17281753038208722,0.21130309397135064,0.6158793756465625,1.0169694209644304,2.0846053743040778,3541,494.82122947526324,1.1971914382379665,-0.03570449481803451
2024-11-30,Nott'm Forest,Ipswich,1,0,H,1.72,3.95,4.86,2024/25,23,13,0.5588613748973806,0.2433522948920239,0.19778633021059558,True,0.04032122267166249,0.4912585657343233,0.2537375939066957,0.25500384035898077,1.6377804937838767,1.1149389488590178,3541,494.82122947526324,1.1971914382379665,-0.03570449481803451
2024-11-30,Wolves,Bournemouth,2,4,A,2.71,3.47,2.62,2024/25,33,2,0.35519802463733574,0.2774024918637406,0.3673994834989236,True,0.038867517390223316,0.40937441131896596,0.2574198189428352,0.3332057697381988,1.511436528814434,1.3418880202200474,3541,494.82122947526324,1.1971914382379665,-0.03570449481803451
2024-11-30,Brentford,Leicester,4,1,H,1.61,4.33,5.27,2024/25,3,15,0.5961865547052784,0.2216767559065816,0.1821366893881401,True,0.041818215322562136,0.5070297362195493,0.22742427915595487,0.2655459846244959,1.9424351851832382,1.3618502648892863,3541,494.82122947526324,1.1971914382379665,-0.03570449481803451
2024-11-30,Crystal Palace,Newcastle,1,1,D,3.25,3.48,2.24,2024/25,8,21,0.2954383518032837,0.27591225383927354,0.4286493943574428,True,0.04147720095995955,0.32146251672039716,0.2644604999993363,0.41407698328026676,1.2569552004574487,1.4587619070820108,3541,494.82122947526324,1.1971914382379665,-0.03570449481803451
2024-12-01,Chelsea,Aston Villa,3,0,H,1.72,4.08,4.66,2024/25,7,1,0.5584510186338323,0.23542542942406652,0.20612355194210116,True,0.04108566273100722,0.5062410684468943,0.22826984994215782,0.2654890816109478,1.9268671749858062,1.3502618457765931,3546,498.8225859926765,1.194714581022758,-0.03406304028148961
2024-12-01,Liverpool,Man City,2,0,H,2.04,3.76,3.5,2024/25,16,18,0.4704973829476875,0.2552698567056602,0.2742327603466521,True,0.04186781095416903,0.39122013026369146,0.25265872238459897,0.35612114735170947,1.5169036832738516,1.4376247572253236,3546,498.8225859926765,1.194714581022758,-0.03406304028148961
2024-12-01,Man United,Everton,4,0,H,1.62,4.05,5.68,2024/25,19,9,0.5933974091099038,0.23735896364396156,0.16924362724613456,True,0.040253868892366595,0.5251858388501944,0.2749128447787834,0.1999013163710222,1.461603066984837,0.7949750724966934,3546,498.8225859926765,1.194714581022758,-0.03406304028148961
2024-12-01,Tottenham,Fulham,1,1,D,1.95,4.07,3.56,2024/25,29,10,0.4933719698852822,0.23638214773373467,0.2702458823809832,True,0.03941963492525291,0.5785958691879255,0.2125782851749267,0.20882584563714818,2.119609008268821,1.2115282368724607,3546,498.8225859926765,1.194714581022758,-0.03406304028148961
2024-12-03,Ipswich,Crystal Palace,0,1,A,3.27,3.36,2.29,2024/25,13,8,0.294017172400353,0.2861417124253436,0.4198411151743033,True,0.04011066787998807,0.30651792618008,0.2812387110265954,0.41224336279332485,1.1128335724465597,1.333032101862819,3550,500.8153128713121,1.205244653892305,-0.037899672444860914
2024-12-03,Leicester,West Ham,3,1,H,2.99,3.47,2.38,2024/25,15,32,0.32072108457831233,0.2763562083254046,0.40292270709628314,True,0.042800665802353643,0.4215964843326268,0.2359520205205394,0.3424514951468339,1.7546053083390611,1.5659847112019514,3550,500.8153128713121,1.205244653892305,-0.037899672444860914
2024-12-04,Southampton,Chelsea,1,5,A,8.74,5.8,1.32,2024/25,25,7,0.10955171940107147,0.16508310820092498,0.7253651723980036,True,0.04440602665174587,0.17984193448059876,0.2211159887546451,0.5990420767647557,0.9854311319626163,1.9684308277705695,3552,501.81068720610983,1.2067450091610517,-0.033819529374678116
2024-12-04,Newcastle,Liverpool,3,3,D,3.63,3.76,1.99,2024/25,21,16,0.26388384370955287,0.25476020017704176,0.4813559561134055,True,0.04395210328649268,0.2733610402202202,0.2442974549276396,0.48234150485214033,1.2470183132631278,1.7243735792789383,3552,501.81068720610983,1.2067450091610517,-0.033819529374678116
2024-12-04,Man City,Nott'm Forest,3,0,H,1.32,5.64,9.34,2024/25,18,23,0.7270769842321452,0.17016695375645952,0.10275606201139525,True,0.04194710327108164,0.754974282023316,0.15712245006915185,0.08790326790753213,2.517732313302449,0.7533862219676878,3552,501.81068720610983,1.2067450091610517,-0.033819529374678116
2024-12-04,Arsenal,Man United,2,0,H,1.45,4.84,6.86,2024/25,0,19,0.6618321858418017,0.1982761713782257,0.13989164277997262,True,0.042039337413913636,0.6260690728119891,0.21548494840826588,0.15844597877974514,1.9985950191051873,0.9003910955660902,3552,501.81068720610983,1.2067450091610517,-0.033819529374678116
2024-12-04,Aston Villa,Brentford,3,1,H,1.69,4.11,4.89,2024/25,1,3,0.5692182202849787,0.2340581003118282,0.19672367940319305,True,0.03952395626956351,0.4740962334087411,0.2308309591819082,0.2950728074093508,1.8747833515122347,1.4458159499380567,3552,501.81068720610983,1.2067450091610517,-0.033819529374678116
2024-12-04,Everton,Wolves,4,0,H,2.11,3.35,3.74,2024/25,9,33,0.455783970984652,0.28707587426197484,0.25714015475337315,True,0.03982079112005166,0.38301010016889775,0.2875307451729222,0.3294591546581801,1.2362438644862608,1.1265315121871653,3552,501.81068720610983,1.2067450091610517,-0.033819529374678116
2024-12-05,Bournemouth,Tottenham,1,0,H,2.18,3.91,3.05,2024/25,2,29,0.44008295723347957,0.2453659454652137,0.31455109730130676,True,0.04233892449261645,0.2907636876802394,0.23064268342482167,0.4785936288949388,1.4314553668744219,1.881350920816805,3558,506.7960807763295,1.2139004718004758,-0.034010224278987734
2024-12-05,Fulham,Brighton,3,1,H,2.6,3.58,2.66,2024/25,10,4,0.3698634393400345,0.26861590566594684,0.3615206549940187,True,0.039884843177992124,0.3936734141733843,0.26238432934729056,0.34394225647932497,1.4370958318210707,1.327998306935062,3558,506.7960807763295,1.2139004718004758,-0.034010224278987734
2024-12-07,Man United,Nott'm Forest,2,3,A,1.68,3.93,5.09,2024/25,19,23,0.5689771398827556,0.2432268689575138,0.18779599115973072,True,0.046154675670715184,0.5368443019426747,0.25141547260428637,0.21174022545303878,1.651166389658222,0.9430818275397985,3560,506.7649614001351,1.219159955931637,-0.027750042554040753
2024-12-07,Crystal Palace,Man City,2,2,D,4.67,4.0,1.74,2024/25,8,18,0.20612572484584996,0.2406517837575298,0.5532224913966202,True,0.03884540599079478,0.17590442463745665,0.22830184342764362,0.5957937319348997,0.9082524217712398,1.8651754566364587,3560,506.7649614001351,1.219159955931637,-0.027750042554040753
2024-12-07,Brentford,Newcastle,4,2,H,2.95,3.68,2.33,2024/25,3,21,0.32597447526792606,0.2613110603370603,0.41271446439501375,True,0.039906730638463284,0.36703299227898367,0.2372625222589129,0.39570448546210346,1.597242637895824,1.6649492913634236,3560,506.7649614001351,1.219159955931637,-0.027750042554040753
2024-12-07,Aston Villa,Southampton,1,0,H,1.32,5.67,9.15,2024/25,1,25,0.7261813280255981,0.16905808694775828,0.10476058502664366,True,0.043232218095605957,0.6774892303126383,0.18781369118941116,0.13469707849795076,2.2794896601126653,0.9194056528276489,3560,506.7649614001351,1.219159955931637,-0.027750042554040753
2024-12-08,Fulham,Arsenal,1,1,D,5.34,4.24,1.62,2024/25,10,0,0.17999433980063523,0.22669098456023395,0.5933146756391309,True,0.04039892482405372,0.2020312952644486,0.23071944601161576,0.5672492587239356,1.0186282936359545,1.856533487657954,3564,509.7444523265779,1.2199862171242746,-0.02464180067947006
2024-12-08,Ipswich,Bournemouth,1,2,A,3.81,3.83,1.93,2024/25,13,2,0.251960801022582,0.25064507882403064,0.4973941201533873,True,0.04169851237108202,0.3111790954518925,0.2679713552745585,0.420849549273549,1.1820483906361046,1.416599691703874,3564,509.7444523265779,1.2199862171242746,-0.02464180067947006
2024-12-08,Leicester,Brighton,2,2,D,4.92,4.22,1.67,2024/25,15,4,0.19561874413621194,0.2280673509834509,0.5763139048803371,True,0.03902125237445597,0.3650694444348203,0.2438248542496995,0.39110570131548045,1.5189425797083453,1.579007310741265,3564,509.7444523265779,1.2199862171242746,-0.02464180067947006
2024-12-08,Tottenham,Chelsea,3,4,A,2.9,3.98,2.24,2024/25,29,7,0.33076592018758444,0.24101034385527506,0.4282237359571405,True,0.042512439042503125,0.437634797709026,0.2296303987784516,0.3327348035125221,1.8232083539133805,1.5704685665629006,3564,509.7444523265779,1.2199862171242746,-0.02464180067947006
2024-12-09,West Ham,Wolves,2,1,H,1.82,3.88,4.24,2024/25,32,33,0.5267822834746522,0.24709890616594513,0.22611881035940257,True,0.04303156481720971,0.4943396372617947,0.23328229658105756,0.2723780661571477,1.8427499809143575,1.3205970074738878,3568,512.7179902261792,1.2178222126535783,-0.02782217965786356
2024-12-14,Arsenal,Everton,0,0,D,1.23,6.39,12.72,2024/25,0,9,0.7756830342955792,0.1493098798409331,0.0750070858634876,True,0.04811900497426458,0.7318552665558962,0.18036046519956117,0.08778426824454236,2.1670420612596,0.607044725382581,3569,508.60641081738544,1.2185710024106353,-0.027823971443497512
2024-12-14,Liverpool,Fulham,2,2,D,1.29,6.13,9.58,2024/25,16,10,0.7434413663276841,0.15645014071169863,0.10010849296061718,True,0.042710069092298575,0.6791422550857474,0.1895458555226555,0.13131188939159716,2.2416139348156117,0.882162840470484,3569,508.60641081738544,1.2185710024106353,-0.027823971443497512
2024-12-14,Newcastle,Leicester,4,0,H,1.29,6.18,9.42,2024/25,21,15,0.7431184228665962,0.15511695234594003,0.10176462478746383,True,0.04316320871077939,0.601781718926613,0.20074557627596773,0.19747270479741902,2.2619734874303927,1.2394468378228332,3569,508.60641081738544,1.2185710024106353,-0.027823971443497512
2024-12-14,Nott'm Forest,Aston Villa,2,1,H,2.71,3.19,2.76,2024/25,23,1,0.3531804451861093,0.3000373060985443,0.34678224871534646,True,0.04480215444106195,0.3421708706695466,0.25615632162441915,0.4016728077060341,1.3587941071526035,1.4911129462089314,3569,508.60641081738544,1.2185710024106353,-0.027823971443497512
2024-12-14,Wolves,Ipswich,1,2,A,1.98,3.64,3.77,2024/25,33,13,0.483289076091933,0.2628880139181393,0.2538229099899277,True,0.04502776916570017,0.5021331205543075,0.2531085667632879,0.24475831268240456,1.63054629714846,1.0650338256326974,3569,508.60641081738544,1.2185710024106353,-0.027823971443497512
2024-12-15,Man City,Man United,1,2,A,1.54,4.79,5.5,2024/25,18,19,0.6244133903431015,0.20075086036083012,0.17483574929606843,True,0.039937098392213155,0.6677392891580036,0.19465949451613715,0.137601216325859,2.204772723716283,0.8995868508184209,3574,512.580224524106,1.21845040153822,-0.032052725118229326
2024-12-15,Southampton,Tottenham,0,5,A,3.98,4.42,1.77,2024/25,25,29,0.24101960591011595,0.21702670396431256,0.5419536901255715,True,0.04247237671086723,0.17653619540336227,0.20848481270641997,0.6149789918902172,1.0530709165122005,2.1196615808477017,3574,512.580224524106,1.21845040153822,-0.032052725118229326
2024-12-15,Brighton,Crystal Palace,1,3,A,1.9,3.69,4.05,2024/25,4,8,0.5040218546061618,0.25952344817119444,0.2364546972226438,True,0.04423207974769805,0.45890653887613064,0.26597503464241684,0.27511842648145246,1.4948727904385148,1.1003463399402376,3574,512.580224524106,1.21845040153822,-0.032052725118229326
2024-12-15,Chelsea,Brentford,2,1,H,1.35,5.84,7.68,2024/25,7,3,0.7107595177423649,0.16430228577948505,0.1249381964781501,True,0.042181950786402744,0.5804527842697146,0.20493871774321773,0.2146084979870676,2.2355873795197696,1.311273651238263,3574,512.580224524106,1.21845040153822,-0.032052725118229326
2024-12-16,Bournemouth,West Ham,1,1,D,1.74,4.18,4.41,2024/25,2,32,0.552234245245713,0.2298774130927131,0.21788834166157384,True,0.040704463053439,0.45574843580136465,0.2413866041785241,0.3028649600201111,1.7256471094023942,1.371354245766557,3578,515.5480965470775,1.2048008939964467,-0.031189931488841336
2024-12-21,Aston Villa,Man City,2,1,H,3.2,3.63,2.19,2024/25,1,18,0.29915668499305703,0.26371939172941666,0.43712392327752625,True,0.044603098230121985,0.22103012569066507,0.22095859327668538,0.5580112810326494,1.2067028079980118,2.0176636244800075,3579,511.4083571098832,1.2044618466425068,-0.03478089355870569
2024-12-21,Brentford,Nott'm Forest,0,2,A,2.49,3.58,2.75,2024/25,3,23,0.38446968957343186,0.267410482412806,0.348119828013762,True,0.044572398277722414,0.5018622164740831,0.23917515838188574,0.2589626251440309,1.793917536456453,1.2326672642651628,3579,511.4083571098832,1.2044618466425068,-0.03478089355870569
2024-12-21,Crystal Palace,Arsenal,1,5,A,7.14,4.42,1.48,2024/25,8,0,0.1344138605560989,0.21713008243677517,0.6484560570071258,True,0.04197604197604199,0.19974878061495993,0.24980090023398663,0.5504503191510531,0.9131510926638913,1.6795869222565534,3579,511.4083571098832,1.2044618466425068,-0.03478089355870569
2024-12-21,Ipswich,Newcastle,0,4,A,4.69,4.04,1.72,2024/25,13,21,0.20459791774626654,0.23751589956187874,0.5578861826918547,True,0.042139717517147623,0.21760368920248727,0.23509830071889035,0.5472980100786227,1.082806667344605,1.840832030265571,3579,511.4083571098832,1.2044618466425068,-0.03478089355870569
2024-12-21,West Ham,Brighton,1,1,D,2.77,3.63,2.46,2024/25,32,4,0.34612835331465047,0.26412549274974706,0.38974615393560236,True,0.04299698902947213,0.37875000154688576,0.24687457505388932,0.37437542339922486,1.5460438161374228,1.5359765271067094,3579,511.4083571098832,1.2044618466425068,-0.03478089355870569
2024-12-22,Tottenham,Liverpool,3,6,A,4.69,4.57,1.64,2024/25,29,16,0.20466579464058962,0.21003995117382174,0.5852942541855887,True,0.04179409450964888,0.31218297338111645,0.23333198568928895,0.45448504092959413,1.4953819200185403,1.8360151901519859,3584,515.3765725241774,1.1940029167107244,-0.03873616266842581
2024-12-22,Man United,Bournemouth,0,3,A,1.86,3.75,4.2,2024/25,19,2,0.5157677571470675,0.25582080754494546,0.22841143530798702,True,0.04239631336405525,0.5158443298399771,0.2486957887932414,0.2354598813667811,1.703691755347494,1.0773929482845928,3584,515.3765725241774,1.1940029167107244,-0.03873616266842581
2024-12-22,Everton,Chelsea,0,0,D,4.84,4.12,1.68,2024/25,9,7,0.19779616844222944,0.2323624891408715,0.5698413424168991,True,0.044568112087970846,0.2320413504110376,0.26080502740590766,0.5071536221830546,0.9913120103993437,1.584975115329604,3584,515.3765725241774,1.1940029167107244,-0.03873616266842581
2024-12-22,Fulham,Southampton,0,0,D,1.62,4.18,5.45,2024/25,10,25,0.5935396127311002,0.23003209871396713,0.17642828855493256,True,0.040004638910159596,0.643967274516582,0.21228060011134986,0.1437521253720686,2.016048941190808,0.8403276365132518,3584,515.3765725241774,1.1940029167107244,-0.03873616266842581
2024-12-22,Leicester,Wolves,0,3,A,2.92,3.43,2.44,2024/25,15,33,0.3280804089440838,0.27929877379496343,0.39262081726095277,True,0.0438470085028011,0.47312000572658464,0.23644148295395084,0.2904385113194643,1.8180122063039663,1.3871445723352505,3584,515.3765725241774,1.1940029167107244,-0.03873616266842581
2024-12-26,Wolves,Man United,2,0,H,4.35,3.81,1.82,2024/25,33,19,0.22066081776437013,0.25193557933727295,0.5274036028983571,True,0.041802798522863505,0.2961172640778167,0.2602328624014838,0.4436498735206994,1.2364931140292685,1.5631822643846593,3589,516.2301676775062,1.1794465966672099,-0.04769954474468033
2024-12-26,Southampton,West Ham,0,1,A,3.08,3.52,2.29,2024/25,25,32,0.31056111205289033,0.27174097304627903,0.4176979149008307,True,0.04544745647365733,0.262408894940627,0.2571634323000109,0.4804276727593624,1.1431220426712423,1.6260670533206296,3589,516.2301676775062,1.1794465966672099,-0.04769954474468033
2024-12-26,Nott'm Forest,Tottenham,1,0,H,2.16,3.91,3.07,2024/25,23,29,0.44325991026753564,0.24486992485367703,0.3118701648787874,True,0.044450337689089015,0.29541529203479766,0.2390139960712943,0.4655707118939082,1.4023343528826147,1.8033142553990011,3589,516.2301676775062,1.1794465966672099,-0.04769954474468033
2024-12-26,Newcastle,Aston Villa,3,0,H,1.94,3.79,3.8,2024/25,21,1,0.49446210680271646,0.2531019755137915,0.25243591768349205,True,0.04247405500667867,0.4957389882596499,0.2324226889802807,0.27183832276006925,1.9045729475319353,1.369458503099999,3589,516.2301676775062,1.1794465966672099,-0.04769954474468033
2024-12-26,Man City,Everton,1,1,D,1.34,5.41,8.72,2024/25,18,9,0.7135929232454084,0.17674944864119174,0.10965762811339991,True,0.04579043934797,0.7219254239219093,0.18608331166906913,0.0919912644090218,2.166989722939554,0.6404717979438928,3589,516.2301676775062,1.1794465966672099,-0.04769954474468033
2024-12-26,Chelsea,Fulham,1,2,A,1.46,4.92,6.28,2024/25,7,10,0.6539229961735126,0.19405032000270903,0.1520266838237784,True,0.04741920815944911,0.5522166597187301,0.23154665805677205,0.21623668222449743,1.9143325725040012,1.1271682934219935,3589,516.2301676775062,1.1794465966672099,-0.04769954474468033
2024-12-26,Liverpool,Leicester,3,1,H,1.08,12.79,27.21,2024/25,16,15,0.889575040278271,0.07511657885070624,0.035308380871022886,True,0.040863203216991995,0.7844189231629097,0.1338591988820691,0.08172187795502099,2.9540353179771106,0.905342737892737,3589,516.2301676775062,1.1794465966672099,-0.04769954474468033
2024-12-26,Bournemouth,Crystal Palace,0,0,D,2.08,3.64,3.47,2024/25,2,8,0.4606485871420444,0.2632277640811682,0.2761236487767874,True,0.043678943534851244,0.4123017766557184,0.2714456378182942,0.3162525855259873,1.4257008356049912,1.2188143533610414,3589,516.2301676775062,1.1794465966672099,-0.04769954474468033
2024-12-27,Arsenal,Ipswich,1,0,H,1.14,8.78,18.59,2024/25,0,13,0.8395150754544238,0.10900309635740811,0.051481828188167995,True,0.04488056034172083,0.8307760374634301,0.1196042416149241,0.04961972092164578,2.8416060439434814,0.595026413865134,3597,523.1827551038623,1.1834399896724028,-0.04785603205580378
2024-12-27,Brighton,Brentford,0,0,D,1.62,4.5,4.89,2024/25,4,3,0.5912652350551364,0.2128554846198491,0.19587928032501453,True,0.044005150344618604,0.4435755605205212,0.24312025926130312,0.31330418021817574,1.7325401572598995,1.4282603010748645,3597,523.1827551038623,1.1834399896724028,-0.04785603205580378
2024-12-29,Crystal Palace,Southampton,2,1,H,1.53,4.34,6.2,2024/25,8,25,0.6252701339864573,0.22042933294914277,0.15430053306439992,True,0.04529984036625412,0.5963692993736847,0.24554718582993637,0.15808351479637853,1.7264991079111838,0.7703052325807848,3599,523.086219949136,1.1822946454109726,-0.05212452015924462
2024-12-29,Everton,Nott'm Forest,0,2,A,2.69,3.08,2.89,2024/25,9,23,0.35661144608481404,0.31145610063900964,0.3319324532761763,True,0.04244329781691025,0.34849848062177846,0.31273931373028413,0.3387622056479376,1.064603029519553,1.0455967606307075,3599,523.086219949136,1.1822946454109726,-0.05212452015924462
2024-12-29,Fulham,Bournemouth,2,2,D,2.3,3.43,3.18,2024/25,10,2,0.4177415895581838,0.2801182670506771,0.30214014339113915,True,0.04079320700505673,0.4528542432418285,0.2632649576118228,0.28388079914634884,1.5563670387552184,1.1851587199610611,3599,523.086219949136,1.1822946454109726,-0.05212452015924462
2024-12-29,Leicester,Man City,0,2,A,9.62,6.36,1.27,2024/25,15,18,0.0991337517704209,0.14994759308670583,0.7509186551428731,True,0.048584383155769295,0.13078635110375345,0.17437010915682805,0.694843539739418,1.044234529268255,2.546783959209045,3599,523.086219949136,1.1822946454109726,-0.05212452015924462
2024-12-29,Tottenham,Wolves,2,2,D,1.66,4.53,4.58,2024/25,29,33,0.578405352662392,0.21195427934206856,0.20964036799553945,True,0.04150080178430837,0.6413422345549558,0.19004617761327683,0.16861158783176705,2.4322080467725202,1.198061098045463,3599,523.086219949136,1.1822946454109726,-0.05212452015924462
2024-12-29,West Ham,Liverpool,0,5,A,7.44,5.35,1.38,2024/25,32,16,0.1285023549192226,0.17870234029888157,0.692795304781896,True,0.045962171160425225,0.17131577815911722,0.2017439930315484,0.6269402288093345,1.1136840236871839,2.2581085804001715,3599,523.086219949136,1.1822946454109726,-0.05212452015924462
2024-12-30,Aston Villa,Brighton,2,2,D,1.89,3.73,4.06,2024/25,1,4,0.5070429137272364,0.25691986781353265,0.23603721845923076,True,0.04350246256504953,0.45046523831718205,0.2506692516296293,0.2988655100531887,1.6716143081475616,1.32546873807985,3605,528.0291049765817,1.170691589764456,-0.05173308860689101
2024-12-30,Ipswich,Chelsea,2,0,H,7.45,5.18,1.39,2024/25,13,7,0.12823905946386877,0.18443648513625913,0.6873244553998722,True,0.04670284140131087,0.16297291016149357,0.21978561303538838,0.617241476803118,0.9324043340532923,2.0020759066901386,3605,528.0291049765817,1.170691589764456,-0.05173308860689101
2024-12-30,Man United,Newcastle,0,2,A,2.74,3.53,2.52,2024/25,19,21,0.3492223016103578,0.2710677355275865,0.37970996286205566,True,0.04507501945520187,0.34789737334288495,0.25731762590245616,0.39478500075465867,1.4164939302118909,1.5221663644464078,3605,528.0291049765817,1.170691589764456,-0.05173308860689101
2025-01-01,Brentford,Arsenal,1,3,A,5.87,4.46,1.54,2024/25,3,0,0.16318985753794396,0.21478126989859442,0.6220288725634617,True,0.04392364726510367,0.18980368231936967,0.22071049574487445,0.5894858219357559,1.0770547978561917,2.033143646579445,3608,528.9092311308646,1.1717372644267694,-0.05149931964786898
2025-01-04,Tottenham,Newcastle,1,2,A,3.81,4.5,1.79,2024/25,29,21,0.25156230968866233,0.21298942220306746,0.5354482681082702,True,0.04334863170036707,0.4182828434206823,0.22820318872066123,0.3535139678586564,1.87480587932303,1.7149250599369135,3609,526.7392950620883,1.1701174554105558,-0.051651572215148656
2025-01-04,Southampton,Brentford,0,5,A,3.33,3.58,2.15,2024/25,25,3,0.2874385220648371,0.2673659995742758,0.4451954783608872,True,0.0447461883086151,0.21563081670114823,0.2432729851585614,0.5410961981402904,1.0521710115104004,1.7906298166397805,3609,526.7392950620883,1.1701174554105558,-0.051651572215148656
2025-01-04,Man City,West Ham,4,1,H,1.24,6.97,10.25,2024/25,18,32,0.7698935183139664,0.1369681438607343,0.09313833782529933,True,0.04748461146850569,0.7584978531854957,0.14969278144103726,0.09180936537346726,2.7365233184748456,0.8842135779897036,3609,526.7392950620883,1.1701174554105558,-0.051651572215148656
2025-01-04,Aston Villa,Leicester,2,1,H,1.33,5.63,8.49,2024/25,1,15,0.717932119023766,0.16960030520454863,0.11246757577168537,True,0.04728522282930547,0.5776844104397092,0.21354217729981773,0.2087734122604734,2.153077620850233,1.239551439273277,3609,526.7392950620883,1.1701174554105558,-0.051651572215148656
2025-01-04,Brighton,Arsenal,1,1,D,4.74,3.59,1.81,2024/25,4,0,0.20246526598512488,0.2673218275123933,0.5302129065024818,True,0.04200818401375117,0.19360493468987508,0.23386813207768956,0.5725269332324351,1.007979604270363,1.8812226094671787,3609,526.7392950620883,1.1701174554105558,-0.051651572215148656
2025-01-04,Bournemouth,Everton,1,0,H,1.69,3.86,5.1,2024/25,2,9,0.5652283768418876,0.24747045514580054,0.18730116801231178,True,0.04686176521686347,0.45729278550668034,0.29031273934917673,0.2523944751441431,1.3496267948792358,0.9329087287725153,3609,526.7392950620883,1.1701174554105558,-0.051651572215148656
2025-01-04,Crystal Palace,Chelsea,1,1,D,3.58,3.84,1.98,2024/25,8,7,0.26735305287142913,0.24925102324992618,0.48339592387864466,True,0.04479678065571924,0.30037105819111665,0.26073598896908684,0.4388929528397966,1.254350310594612,1.5617235423840843,3609,526.7392950620883,1.1701174554105558,-0.051651572215148656
2025-01-05,Fulham,Ipswich,2,2,D,1.56,4.16,6.02,2024/25,10,13,0.6119440914866582,0.2294790343074968,0.158576874205845,True,0.047523213220887595,0.5565068796296099,0.25198427466555035,0.19150884570483967,1.700301995528073,0.8998594339275687,3616,532.6728832392575,1.1667896940894618,-0.05499621849069024
2025-01-05,Liverpool,Man United,2,2,D,1.36,5.42,7.9,2024/25,16,19,0.7027039446475812,0.17632423703334144,0.12097181831907726,True,0.04637824114652167,0.6548913007330156,0.20138673472326402,0.14372196454372027,2.1955382634840634,0.9379456465289011,3616,532.6728832392575,1.1667896940894618,-0.05499621849069024
2025-01-06,Wolves,Nott'm Forest,0,3,A,3.86,3.46,2.01,2024/25,33,23,0.24776976571852025,0.27641366926979427,0.4758165650116857,True,0.045597136364361024,0.3582041821948294,0.2706842916560074,0.37111152614916326,1.343652058102353,1.3717290646491147,3618,533.6046061060046,1.1636587473078346,-0.054856666795594616
2025-01-14,West Ham,Fulham,3,2,H,3.07,3.3,2.42,2024/25,32,10,0.3126076472614537,0.29081984154323115,0.39657251119531517,True,0.041986342548972155,0.3490738388954669,0.2550309772036006,0.39589518390093253,1.445774625020423,1.5522449552187143,3619,526.1189982963136,1.1595171833452127,-0.05498187237781882
2025-01-14,Brentford,Man City,2,2,D,5.16,4.47,1.6,2024/25,3,18,0.18589563644303048,0.2145909360281963,0.5995134275287733,True,0.04251209614484153,0.19680865131889463,0.21095053760200025,0.592240811079105,1.2002087605596161,2.18276157308504,3619,526.1189982963136,1.1595171833452127,-0.05498187237781882
2025-01-14,Chelsea,Bournemouth,2,2,D,1.52,4.75,5.54,2024/25,7,2,0.6272076804637261,0.20070645774839233,0.17208586178788152,True,0.04892646779403398,0.5522876389065441,0.23077608901409288,0.21693627207936328,1.9423866694252934,1.1507269794541155,3619,526.1189982963136,1.1595171833452127,-0.05498187237781882
2025-01-14,Nott'm Forest,Liverpool,1,1,D,5.37,4.2,1.61,2024/25,23,16,0.17812690158765282,0.22774796702992753,0.5941251313824196,True,0.04543298980996324,0.19362176263073685,0.22963728559713065,0.5767409517721325,1.0419406180184745,1.937992578140193,3619,526.1189982963136,1.1595171833452127,-0.05498187237781882
2025-01-15,Newcastle,Wolves,3,0,H,1.37,5.26,7.88,2024/25,21,33,0.6971973369486598,0.18158942046001217,0.1212132425913279,True,0.04694462903982721,0.6461073977297116,0.1982985426908863,0.1555940595794023,2.2846486947746283,1.0489669223828024,3623,529.0598198312455,1.1625244707106368,-0.05888187983993628
2025-01-15,Leicester,Crystal Palace,0,2,A,3.93,3.61,1.95,2024/25,15,8,0.24366309799482866,0.2652620429694395,0.49107485903573167,True,0.04428174927847195,0.33509711247984175,0.2665961403745145,0.3983067471456436,1.326023522280071,1.4653117727893834,3623,529.0598198312455,1.1625244707106368,-0.05888187983993628
2025-01-15,Arsenal,Tottenham,2,1,H,1.38,5.31,7.55,2024/25,0,29,0.693159950412623,0.18014326394904326,0.12669678563833373,True,0.04541192942272465,0.623301660730506,0.202559492451856,0.1741388468176381,2.2711899160854374,1.1386975139767885,3623,529.0598198312455,1.1625244707106368,-0.05888187983993628
2025-01-15,Everton,Aston Villa,0,1,A,3.48,3.11,2.29,2024/25,9,1,0.27482933869467735,0.30752607673873866,0.417644584566584,True,0.045580952906632666,0.28726969315989614,0.29025895121199324,0.4224713556281109,1.0477576848225432,1.326124043721246,3623,529.0598198312455,1.1625244707106368,-0.05888187983993628
2025-01-16,Ipswich,Brighton,0,2,A,3.81,3.66,1.97,2024/25,13,4,0.2515727220390433,0.26188307949965983,0.48654419846129693,True,0.043305448514866285,0.2745352124983734,0.2703238885589162,0.4551408989427104,1.1155269507116818,1.5047720534568945,3627,531.9947656008314,1.1612176617379313,-0.055108549252003265
2025-01-16,Man United,Southampton,3,1,H,1.28,5.94,10.77,2024/25,19,25,0.7494359356439472,0.16149461239465526,0.08906945196139762,True,0.042450679027977056,0.6658391469696197,0.21133747821186638,0.1228233748185139,2.010199170154166,0.741596087252779,3627,531.9947656008314,1.1612176617379313,-0.055108549252003265
2025-01-18,Arsenal,Aston Villa,2,2,D,1.57,4.14,6.06,2024/25,0,1,0.6103877145860095,0.2314755342753708,0.15813675113861964,True,0.04350507052920749,0.6538366842917224,0.201677645463951,0.14448567024432632,2.194641443234593,0.9415996615225765,3629,531.8630528063002,1.1599362987891852,-0.055251715824139715
2025-01-18,Brentford,Liverpool,0,2,A,6.04,4.97,1.48,2024/25,3,16,0.15882159883921787,0.1930145788710012,0.648163822289781,True,0.042445833043724956,0.2124392782804892,0.21277242002138833,0.5747883016981226,1.2742395342851012,2.1777425668067494,3629,531.8630528063002,1.1599362987891852,-0.055251715824139715
2025-01-18,Leicester,Fulham,0,2,A,4.5,3.74,1.8,2024/25,15,10,0.21262080727686183,0.25582717453098347,0.5315520181921546,True,0.045157456922162886,0.31099036240541467,0.2501923890793257,0.43881724851525994,1.3764522378195245,1.6700701027556244,3629,531.8630528063002,1.1599362987891852,-0.055251715824139715
2025-01-18,Newcastle,Bournemouth,1,4,A,1.64,4.23,5.05,2024/25,21,2,0.5839554737880904,0.22640354066488613,0.18964098554702344,True,0.04418251892651637,0.5689578331174232,0.22614579170407628,0.20489637517850032,1.991402752160175,1.1251174138931395,3629,531.8630528063002,1.1599362987891852,-0.055251715824139715
2025-01-18,West Ham,Crystal Palace,0,2,A,2.78,3.26,2.64,2024/25,32,8,0.3441403688360711,0.2934693942835207,0.36239023688040817,True,0.045248575261374935,0.3647059292144569,0.2664519686994483,0.36884210208609497,1.3911686173720115,1.4002760352117631,3629,531.8630528063002,1.1599362987891852,-0.055251715824139715
2025-01-19,Everton,Tottenham,3,2,H,2.57,3.39,2.79,2024/25,9,29,0.37323751908984365,0.28295587730409977,0.3438066036060567,True,0.04251324817132218,0.23956358678774559,0.26248936353157,0.4979470496806847,1.0375839103529683,1.5999264155040516,3634,535.7903997113335,1.1463681709187894,-0.05390825250082533
2025-01-19,Ipswich,Man City,0,6,A,7.72,5.21,1.39,2024/25,13,18,0.12444431461029422,0.18439733374116532,0.6911583516485406,True,0.0408967188426419,0.10136438361114151,0.17850888483263636,0.7201267315562221,0.767385219837967,2.332674434112225,3634,535.7903997113335,1.1463681709187894,-0.05390825250082533
2025-01-19,Man United,Brighton,1,3,A,2.31,3.4,3.18,2024/25,19,4,0.41565750928424794,0.2824026018960626,0.30193988881968953,True,0.04148348876428787,0.4193069664995066,0.26793040376022,0.31276262974027336,1.477874153080528,1.2453056365406412,3634,535.7903997113335,1.1463681709187894,-0.05390825250082533
2025-01-19,Nott'm Forest,Southampton,3,2,H,1.4,4.88,8.13,2024/25,23,25,0.6853601066880411,0.19661970273837248,0.11802019057358641,True,0.042204977084899564,0.631593890700418,0.2276453735890139,0.14076073571056782,1.877344228126899,0.766255440755721,3634,535.7903997113335,1.1463681709187894,-0.05390825250082533
2025-01-20,Chelsea,Wolves,3,1,H,1.43,5.16,6.64,2024/25,7,33,0.6700197902081492,0.18568377906931263,0.14429643072253814,True,0.043701558551656694,0.6315046423150469,0.2025653665156826,0.16592999116927035,2.2361518188140748,1.0741072853780536,3638,538.7118977733494,1.1391200991723298,-0.05326344142461619
2025-01-25,Man City,Chelsea,3,1,H,2.34,3.8,2.84,2024/25,18,7,0.409880894506563,0.25240034030140984,0.33771876519202726,True,0.042620998143607425,0.6011118177623176,0.2089081966426685,0.18997998559501356,2.196113846774152,1.1733771795253998,3639,534.3416746629525,1.1401824608846598,-0.05321459428020613
2025-01-25,Southampton,Newcastle,1,3,A,6.48,4.91,1.46,2024/25,25,21,0.14797032584599,0.1952846662896161,0.6567450078643938,True,0.042918482283676784,0.1256636803163749,0.19006504728806756,0.6842712723955576,0.8829957571210052,2.2822473090381012,3639,534.3416746629525,1.1401824608846598,-0.05321459428020613
2025-01-25,Wolves,Arsenal,0,1,A,5.87,4.07,1.6,2024/25,33,0,0.16363905927643996,0.23601014200312098,0.6003507987204391,True,0.04105799697792878,0.12531802419001464,0.1911142229516422,0.6835677528583434,0.8733330733780933,2.2661780232240636,3639,534.3416746629525,1.1401824608846598,-0.05321459428020613
2025-01-25,Liverpool,Ipswich,4,1,H,1.11,11.32,21.57,2024/25,16,13,0.8699306648881306,0.08530238851818243,0.044766946593686845,True,0.03560080965389667,0.8261926005619218,0.12014283796833812,0.053664561469739844,2.90825831489289,0.6571222372008649,3639,534.3416746629525,1.1401824608846598,-0.05321459428020613
2025-01-25,Bournemouth,Nott'm Forest,5,0,H,1.99,3.64,3.77,2024/25,2,23,0.4820311429745651,0.2635280149778529,0.25444084204758216,True,0.042489826929265284,0.4107960304406616,0.2696912694853257,0.3195127000740127,1.4490160826967275,1.2506386093670039,3639,534.3416746629525,1.1401824608846598,-0.05321459428020613
2025-01-25,Brighton,Everton,0,1,A,1.7,3.74,5.37,2024/25,4,9,0.564614796406041,0.25664308927547314,0.17874211431848597,True,0.04183471255439697,0.4914084566956506,0.28388183678673323,0.22470970651761618,1.4209251104494578,0.874152750218059,3639,534.3416746629525,1.1401824608846598,-0.05321459428020613
2025-01-26,Aston Villa,West Ham,1,1,D,1.47,4.75,6.52,2024/25,1,32,0.6514938921132846,0.20162021503295333,0.14688589285376202,True,0.044172657761845535,0.5429249030137221,0.22285755890647665,0.23421753807980109,2.022083552704594,1.2746237491156232,3645,539.2620712768806,1.1463316900595775,-0.04335641848827571
2025-01-26,Crystal Palace,Brentford,1,2,A,1.97,3.76,3.7,2024/25,8,3,0.48629413944253747,0.2547870890164359,0.2589187715410267,True,0.04384193027675032,0.3957639246945064,0.26350389787057105,0.340732177434923,1.4522973301049271,1.3312037320681682,3645,539.2620712768806,1.1463316900595775,-0.04335641848827571
2025-01-26,Fulham,Man United,0,1,A,2.39,3.44,2.99,2024/25,10,19,0.40094646692628233,0.2785645511493648,0.3204889819243528,True,0.043555876794725945,0.3966762517070235,0.26640649541045514,0.33691725288252145,1.4302801236188467,1.299889221605887,3645,539.2620712768806,1.1463316900595775,-0.04335641848827571
2025-01-26,Tottenham,Leicester,1,2,A,1.51,4.92,5.58,2024/25,29,15,0.6339064296698578,0.19455258308973275,0.1715409872404095,True,0.04471515768351453,0.6647065497325187,0.17797676359278433,0.15731668667469736,2.577338033379518,1.2132936285294564,3645,539.2620712768806,1.1463316900595775,-0.04335641848827571
2025-02-01,Bournemouth,Liverpool,0,2,A,4.51,4.22,1.71,2024/25,2,16,0.21248803757306284,0.2270902960792686,0.5604216663476687,True,0.04349163630414954,0.20779823803664355,0.2201304937946154,0.5720712681687409,1.1589858560286244,2.0356995604438426,3649,536.7818852994676,1.1392427674669032,-0.041678344612094825
2025-02-01,Everton,Leicester,4,0,H,1.95,3.35,4.33,2024/25,9,15,0.4920204195851636,0.2863999457286773,0.2215796346861591,True,0.042274857724170056,0.4154063572676801,0.28861590213006444,0.2959777406022555,1.2949580873224855,1.0505208884261108,3649,536.7818852994676,1.1392427674669032,-0.041678344612094825
2025-02-01,Ipswich,Southampton,1,2,A,1.92,3.64,4.01,2024/25,13,25,0.49843602737293574,0.26291131114176824,0.23865266148529593,True,0.0449351666620994,0.4465261392187779,0.27255928286594266,0.2809145779152794,1.4492552450974643,1.0971320270319818,3649,536.7818852994676,1.1392427674669032,-0.041678344612094825
2025-02-01,Newcastle,Fulham,1,2,A,1.73,3.88,4.83,2024/25,21,10,0.5543070274810922,0.24715236019131173,0.19854061232759612,True,0.04280597831793154,0.5310296254847706,0.2330464189205035,0.235923955594726,1.887579591147473,1.1957894889661327,3649,536.7818852994676,1.1392427674669032,-0.041678344612094825
2025-02-01,Nott'm Forest,Brighton,7,0,H,2.63,3.39,2.72,2024/25,23,4,0.3646011680459943,0.2828616731448274,0.35253715880917824,True,0.042860446443121925,0.36270195849898296,0.2691107196019817,0.36818732189903564,1.3378360440907069,1.3497139415575574,3649,536.7818852994676,1.1392427674669032,-0.041678344612094825
2025-02-01,Wolves,Aston Villa,2,0,H,3.17,3.43,2.3,2024/25,33,1,0.30280465664354717,0.2798515339825203,0.4173438093739325,True,0.04178521144923675,0.2841969042488141,0.24484484251402522,0.4709582532371608,1.299389422943144,1.7288581680795387,3649,536.7818852994676,1.1392427674669032,-0.041678344612094825
2025-02-02,Brentford,Tottenham,0,2,A,2.0,4.12,3.34,2024/25,3,29,0.4797913586789769,0.23290842654319266,0.28730021477783046,True,0.0421196442067322,0.37718973039389453,0.22498577976272738,0.3978244898433778,1.798711629868357,1.849989737522193,3655,541.6974063692918,1.151003568293127,-0.04231637289946832
2025-02-02,Arsenal,Man City,5,1,H,1.91,3.93,3.81,2024/25,0,18,0.5031908780207482,0.24455332748591074,0.252255794493341,True,0.04048032723378503,0.40494352491042684,0.2586449263510214,0.3364115487385519,1.507928099628272,1.3551799949486734,3655,541.6974063692918,1.151003568293127,-0.04231637289946832
2025-02-02,Man United,Crystal Palace,0,2,A,1.79,3.63,4.74,2024/25,19,8,0.5345449461764296,0.26359103406496115,0.20186401975860946,True,0.045111775676027754,0.43062629022751064,0.27892878018884637,0.2904449295836429,1.3834694358758655,1.0896257225548096,3655,541.6974063692918,1.151003568293127,-0.04231637289946832
2025-02-03,Chelsea,West Ham,2,1,H,1.29,6.25,9.4,2024/25,7,32,0.7442502707804176,0.1536132558890782,0.10213647333050413,True,0.041576777173016666,0.6122282453309102,0.2020971446454668,0.18567461002362293,2.2555306017960235,1.181294446900083,3658,543.6091002254657,1.1502691776672354,-0.04136097254969997
2025-02-12,Everton,Liverpool,2,2,D,7.49,4.55,1.46,2024/25,9,16,0.1285960133880781,0.21168882203883627,0.6597151645730855,True,0.038223075094154346,0.15387175638716696,0.2356796158522569,0.6104486277605763,0.7782870433848831,1.7909349995182087,3659,534.8938361091687,1.1501990333247054,-0.04132889256981994
2025-02-14,Brighton,Chelsea,3,0,H,2.93,3.66,2.36,2024/25,4,7,0.32872333137972765,0.26315829533950874,0.4081183732807636,True,0.03824978560281411,0.31684897706109705,0.2449965982105978,0.43815442472830524,1.4092348192863549,1.6899359670623213,3660,533.7545422049315,1.151414866393054,-0.04151768813784715
2025-02-15,Aston Villa,Ipswich,1,1,D,1.43,4.94,7.18,2024/25,1,13,0.6717549734094937,0.19445538703959028,0.13378963955091588,True,0.04100561511498335,0.6587356971028949,0.2006414892584038,0.14062281363870172,2.1607105996614058,0.8980038743055525,3661,533.6861019169564,1.156069452915306,-0.04188381408985892
2025-02-15,Crystal Palace,Everton,1,2,A,2.02,3.18,4.36,2024/25,8,9,0.47652566023728676,0.3026986898362639,0.22077564992644938,True,0.038872711920663994,0.43487502107906406,0.30614309579166654,0.25898188312926945,1.2124670134739504,0.8691155315656316,3661,533.6861019169564,1.156069452915306,-0.04188381408985892
2025-02-15,Fulham,Nott'm Forest,2,1,H,2.16,3.44,3.5,2024/25,10,23,0.44542441103350305,0.2796850953001066,0.27489049366639046,True,0.03937492309585311,0.41628609816726336,0.263565658818545,0.3201482430141916,1.483334190332009,1.272463348532506,3661,533.6861019169564,1.156069452915306,-0.04188381408985892
2025-02-15,Leicester,Arsenal,0,2,A,10.1,5.41,1.32,2024/25,15,0,0.0950712381946423,0.17748974228574624,0.7274390195196114,True,0.04142854211483993,0.10649769913667259,0.16916481131200878,0.7243374895513184,0.854469277640103,2.469898412486124,3661,533.6861019169564,1.156069452915306,-0.04188381408985892
2025-02-15,Man City,Newcastle,4,0,H,2.07,4.02,3.26,2024/25,18,21,0.4651390604369862,0.23951190425486604,0.29534903530814766,True,0.038596472602755005,0.5943041340437825,0.2058190045425496,0.19987686141366798,2.2271715911102934,1.2365162178323905,3661,533.6861019169564,1.156069452915306,-0.04188381408985892
2025-02-15,Southampton,Bournemouth,1,3,A,6.02,4.73,1.51,2024/25,25,2,0.15975762239107436,0.20332788304318553,0.6369144945657402,True,0.03978110292602821,0.19297529570418454,0.23369774381024125,0.573326960485574,0.9877214277856349,1.8585484199236988,3661,533.6861019169564,1.156069452915306,-0.04188381408985892
2025-02-15,West Ham,Brentford,0,1,A,2.38,3.65,2.88,2024/25,32,3,0.4034790084979311,0.26309042197947285,0.33343056952259587,True,0.04136289218883915,0.3488571745114928,0.24021254383979831,0.41093028164870876,1.5511824860916013,1.6975836240777251,3661,533.6861019169564,1.156069452915306,-0.04188381408985892
2025-02-16,Liverpool,Wolves,2,1,H,1.23,6.99,11.94,2024/25,16,33,0.7818726023354834,0.13758273259980608,0.08054466506471061,True,0.03982174033572017,0.7668902271080453,0.1462403263186114,0.08686944657334292,2.7198625284063818,0.8360323890691824,3668,539.6058103647719,1.1545408672198496,-0.03881143791178443
2025-02-16,Tottenham,Man United,1,0,H,2.2,3.85,3.08,2024/25,29,19,0.4375,0.25,0.3125,True,0.03896103896103886,0.49766952140205106,0.23278198280534143,0.26954849579260737,1.878541305625196,1.337534932402194,3668,539.6058103647719,1.1545408672198496,-0.03881143791178443
2025-02-19,Aston Villa,Liverpool,2,2,D,3.83,3.98,1.9,2024/25,1,16,0.25137621998244825,0.24190224184240622,0.5067215381751456,True,0.03866867662484452,0.21580414705927659,0.21973217490982025,0.564463678030903,1.189014180185714,2.0288113982502916,3670,538.3659049385723,1.1542584238871254,-0.03433092306267922
2025-02-21,Leicester,Brentford,0,4,A,3.66,3.84,1.98,2024/25,15,3,0.2630464565948437,0.25071615394196045,0.486237389463196,True,0.038691215433018566,0.28203719864532645,0.23533058584488228,0.48263221550979124,1.3552920118430978,1.8275986777928794,3671,537.2127504985698,1.155276794693524,-0.03434847868339801
2025-02-22,Southampton,Brighton,0,4,A,5.7,4.5,1.56,2024/25,25,4,0.1689042875703768,0.21394543092247728,0.6171502815071459,True,0.03868645973909124,0.19688528770527952,0.23190044577187333,0.5712142665228472,1.0039804497375953,1.8629593441240515,3672,537.1374007058154,1.1505057402551488,-0.03418873076092928
2025-02-22,Ipswich,Tottenham,1,4,A,3.38,3.8,2.07,2024/25,13,29,0.2839034742624501,0.2525246692123898,0.4635718565251601,True,0.04210767034213614,0.16834501622949835,0.20121837798979184,0.6304366057807104,1.0628042901482464,2.208976555410397,3672,537.1374007058154,1.1505057402551488,-0.03418873076092928
2025-02-22,Fulham,Crystal Palace,0,2,A,2.08,3.46,3.72,2024/25,10,8,0.46289955980090336,0.2782748798803119,0.2588255603187847,True,0.038603776110768484,0.41889018444047854,0.2744417868035775,0.30666802875594407,1.3842385970675368,1.1469427490007194,3672,537.1374007058154,1.1505057402551488,-0.03418873076092928
2025-02-22,Arsenal,West Ham,0,1,A,1.29,5.63,11.79,2024/25,0,32,0.7470801749025037,0.17117822835243868,0.08174159674505767,True,0.03763133394722673,0.7563558097433658,0.15423492612341014,0.08940926413322386,2.5799751318902238,0.7903147302222415,3672,537.1374007058154,1.1505057402551488,-0.03418873076092928
2025-02-22,Bournemouth,Wolves,0,1,A,1.64,4.18,5.22,2024/25,2,33,0.585987603261395,0.22990901180590617,0.18410338493269882,True,0.040561428547794875,0.5322644976493577,0.2357025463252225,0.23203295602542012,1.8363425261174635,1.1429441355978862,3672,537.1374007058154,1.1505057402551488,-0.03418873076092928
2025-02-22,Aston Villa,Chelsea,2,1,H,2.62,3.53,2.65,2024/25,1,7,0.36618113919541534,0.27178316846798534,0.3620356923365993,True,0.04232399885918481,0.3615990505095702,0.24204301339235096,0.3963579360980789,1.5498777064739435,1.6310346479817457,3672,537.1374007058154,1.1505057402551488,-0.03418873076092928
2025-02-22,Everton,Man United,2,2,D,2.65,3.13,2.92,2024/25,9,19,0.36308452612217496,0.3074038320203717,0.32951164185745324,True,0.03931306188206918,0.330863358382366,0.3026390145614641,0.3664976270561701,1.0499345193942102,1.1203334835117127,3672,537.1374007058154,1.1505057402551488,-0.03418873076092928
2025-02-23,Man City,Liverpool,0,2,A,3.14,3.82,2.19,2024/25,18,16,0.307146108997988,0.25247088540672313,0.4403830055952888,True,0.036872446857869834,0.4469538293128943,0.23208853175305266,0.32095763893405294,1.7923276050395986,1.4929081302034164,3679,543.0502134540511,1.135948927701652,-0.01926875047224522
2025-02-23,Newcastle,Nott'm Forest,4,3,H,1.91,3.84,3.89,2024/25,21,23,0.502917321787495,0.2501489803682593,0.24693369784424563,True,0.04104628483111039,0.5181186332355123,0.22898272621055096,0.2528986405539365,1.8811621173285138,1.2567255172760727,3679,543.0502134540511,1.135948927701652,-0.01926875047224522
2025-02-25,Brighton,Bournemouth,2,1,H,1.98,3.87,3.64,2024/25,4,2,0.48647976627090206,0.24889662460371728,0.26462360912538074,True,0.038173712592317166,0.41864044685850116,0.25040304184253886,0.3309565112989597,1.5508534982575253,1.3540360110045504,3681,542.8743671938829,1.1332212040201786,-0.018300804453751315
2025-02-25,Chelsea,Southampton,4,0,H,1.17,8.31,16.08,2024/25,7,25,0.8240249973637327,0.11601795991763744,0.05995704271862981,True,0.03722685286885952,0.7595823848790705,0.14972100219108397,0.09069661292984528,2.6232360430854014,0.8105168516206698,3681,542.8743671938829,1.1332212040201786,-0.018300804453751315
2025-02-25,Crystal Palace,Aston Villa,4,1,H,2.26,3.52,3.19,2024/25,8,1,0.42543969325664743,0.27315162123864295,0.3014086855047095,True,0.040048409021555376,0.38325756473138173,0.2649141241896381,0.3518283110789802,1.3627030953989756,1.2949673738949312,3681,542.8743671938829,1.1332212040201786,-0.018300804453751315
2025-02-25,Wolves,Fulham,1,2,A,2.42,3.28,3.1,2024/25,33,10,0.3970696199565754,0.2929599025289367,0.3099704775144879,True,0.040681834437645836,0.32705175820761406,0.2588038251594354,0.41414441663295043,1.2770969588754206,1.4677289232536,3681,542.8743671938829,1.1332212040201786,-0.018300804453751315
2025-02-26,Nott'm Forest,Arsenal,0,0,D,4.23,3.45,1.94,2024/25,23,0,0.22693751335076134,0.27824512506484655,0.4948173615843921,True,0.04172560937488412,0.18665795789652948,0.2220739118370722,0.591268130266398,0.986168544346269,1.926268865364862,3685,545.7817114794282,1.1399721357629722,-0.018394537524284528
2025-02-26,Man United,Ipswich,3,2,H,1.51,4.5,6.35,2024/25,19,13,0.6355861516732098,0.21327446422812146,0.15113938409866876,True,0.04195419281199131,0.6303884902568954,0.215613415930077,0.1539980938130276,1.948811471490404,0.8463600975926523,3685,545.7817114794282,1.1399721357629722,-0.018394537524284528
2025-02-26,Tottenham,Man City,0,1,A,3.88,4.29,1.82,2024/25,29,18,0.24775183565712405,0.22407392129362266,0.5281742430492533,True,0.040282741313669046,0.2626562825479866,0.21094851404359088,0.5263952034084227,1.4760765952977584,2.1384991933389035,3685,545.7817114794282,1.1399721357629722,-0.018394537524284528
2025-02-26,Brentford,Everton,1,1,D,2.08,3.6,3.54,2024/25,3,9,0.4618194468603235,0.2668290137415203,0.2713515393981562,True,0.04103288425322327,0.4769417783683617,0.2643809604376867,0.25867726119395135,1.4939892273926605,1.0298616488838157,3685,545.7817114794282,1.1399721357629722,-0.018394537524284528
2025-02-26,Liverpool,Newcastle,2,0,H,1.37,5.47,7.71,2024/25,16,21,0.7002073707087628,0.17537186432742322,0.12442076496381389,True,0.04244404991113493,0.6058927366524147,0.19928996857857412,0.194817294769011,2.2528960690830298,1.2163475238073311,3685,545.7817114794282,1.1399721357629722,-0.018394537524284528
2025-02-27,West Ham,Leicester,2,0,H,1.77,3.77,4.77,2024/25,32,15,0.5433113687244514,0.25508252589980873,0.20160610537573984,True,0.03986734667237091,0.516227313076337,0.23036029581681822,0.2534123911068448,1.8765178570530499,1.258196925935587,3690,549.6812488858836,1.1417978140791485,-0.024247803842566716
2025-03-08,Brentford,Aston Villa,0,1,A,2.16,3.88,3.15,2024/25,3,1,0.4459477210035465,0.24825955602259295,0.30579272297386045,True,0.038155239186167034,0.43291769829814347,0.2380688910383374,0.3290134106635188,1.715605489450898,1.4722848577260539,3691,540.8576639061179,1.1437878266471582,-0.024406797692892168
2025-03-08,Brighton,Fulham,2,1,H,2.01,3.55,3.85,2024/25,4,10,0.47886411015538777,0.27113151025699417,0.25000437958761795,True,0.03894283839627555,0.4285115956682478,0.2547174287374423,0.31677097559430967,1.5399984366183825,1.2917727680471771,3691,540.8576639061179,1.1437878266471582,-0.024406797692892168
2025-03-08,Crystal Palace,Ipswich,1,0,H,1.55,4.2,6.26,2024/25,8,13,0.6185625220562286,0.22827902599694153,0.15315845194682978,True,0.04300093736350563,0.6262092401347267,0.2182503276817043,0.1555404321835691,1.9368345152618587,0.8504296064477601,3691,540.8576639061179,1.1437878266471582,-0.024406797692892168
2025-03-08,Liverpool,Southampton,3,1,H,1.11,10.91,23.99,2024/25,16,25,0.871071944311227,0.08862418498491861,0.040303870703854196,True,0.034243964329789156,0.8831106117443132,0.08333975221911431,0.033549636036572295,3.349579186819632,0.5868925224660196,3691,540.8576639061179,1.1437878266471582,-0.024406797692892168
2025-03-08,Nott'm Forest,Man City,1,0,H,3.8,3.79,1.95,2024/25,23,18,0.25307764746168987,0.2537453985104015,0.4931769540279086,True,0.0398306503014183,0.1917689096523225,0.21218836401104818,0.5960427263366294,1.0983299773751385,2.0752506750770996,3691,540.8576639061179,1.1437878266471582,-0.024406797692892168
2025-03-08,Wolves,Everton,1,1,D,2.84,2.98,2.84,2024/25,33,9,0.3386363636363636,0.3227272727272727,0.3386363636363636,True,0.039795821911333906,0.36162142057569163,0.2895077203186144,0.34887085910569415,1.1671583572539568,1.1413071172043665,3691,540.8576639061179,1.1437878266471582,-0.024406797692892168
2025-03-09,Chelsea,Leicester,1,0,H,1.23,6.96,12.22,2024/25,7,15,0.7828531349581103,0.13834904540207985,0.0787978196398098,True,0.0385193515573059,0.6952514426764251,0.17137798909427326,0.13337056822930168,2.4927057984646757,1.01384958115483,3697,545.7650415648543,1.1450303540588596,-0.012151444482068098
2025-03-09,Man United,Arsenal,1,1,D,5.1,3.55,1.78,2024/25,19,0,0.18861560503850516,0.27096889737926094,0.5404154975822338,True,0.039566325026608284,0.19765300787790382,0.23581917596623558,0.56652781615586,0.9422260747753821,1.76660131064574,3697,545.7650415648543,1.1450303540588596,-0.012151444482068098
2025-03-09,Tottenham,Bournemouth,2,2,D,2.8,3.75,2.4,2024/25,29,2,0.34324942791762014,0.25629290617848965,0.40045766590389015,True,0.040476190476190554,0.5164762023425375,0.22002356315314905,0.26350023450431354,1.9832158025842632,1.3701326417180286,3697,545.7650415648543,1.1450303540588596,-0.012151444482068098
2025-03-10,West Ham,Newcastle,0,1,A,3.35,3.49,2.2,2024/25,32,21,0.28714074683520635,0.2756222068475476,0.4372370463172461,True,0.039585868521419876,0.2809986835648404,0.22561496141133583,0.49338635502382383,1.3903108933989758,1.8983998717246133,3700,547.6686082804866,1.1449244975345028,-0.011899897268739974
2025-03-15,Southampton,Wolves,1,2,A,3.9,3.38,2.04,2024/25,25,33,0.24596549805230944,0.2838063439065109,0.47022815804117973,True,0.0424643230073094,0.2519181353798755,0.24567093236454887,0.5024109322555758,1.1006671381827884,1.6561800529602098,3701,543.2092644114832,1.144429340977817,-0.00734725458722306
2025-03-15,Ipswich,Nott'm Forest,2,4,A,3.99,3.56,1.96,2024/25,13,23,0.24058698590461475,0.2696466499324194,0.48976636416296576,True,0.04172952445318767,0.21564567922103042,0.2339490660247276,0.5504052547542421,1.0275197562289573,1.7843401594092863,3701,543.2092644114832,1.144429340977817,-0.00734725458722306
2025-03-15,Man City,Brighton,2,2,D,1.81,4.03,4.15,2024/25,18,4,0.5304262883638913,0.23823116177137546,0.23134254986473327,True,0.041589001083367716,0.6666885080402521,0.18477591557454243,0.14853557638520523,2.3193370733045198,1.0061406982214822,3701,543.2092644114832,1.144429340977817,-0.00734725458722306
2025-03-15,Bournemouth,Brentford,1,2,A,1.76,4.2,4.29,2024/25,2,3,0.5466559871846217,0.22907488986784144,0.22426912294753706,True,0.03937728937728924,0.4156235221525123,0.24214107344947794,0.34223540439800965,1.6011375729931974,1.4332427262385359,3701,543.2092644114832,1.144429340977817,-0.00734725458722306
2025-03-15,Everton,West Ham,1,1,D,2.14,3.22,3.82,2024/25,9,32,0.449477453774757,0.2987210407074472,0.25180150551779584,True,0.03962883054939015,0.40909905197797314,0.27796816697482024,0.3129327810472066,1.2906235892778886,1.0926328868707655,3701,543.2092644114832,1.144429340977817,-0.00734725458722306
2025-03-16,Arsenal,Chelsea,1,0,H,1.73,3.68,5.24,2024/25,0,7,0.5554748983142637,0.2611335799140424,0.1833915217716939,True,0.04061350717219603,0.589756005520548,0.21801719034223083,0.1922268041372209,1.9617376197113352,1.0281807487222359,3706,547.1139415706087,1.1381766871178043,-0.010359036724329532
2025-03-16,Fulham,Tottenham,2,0,H,1.85,3.94,4.04,2024/25,10,29,0.5188164507864904,0.2436067091256364,0.23757684008787314,True,0.04187239961477274,0.3420651043712886,0.234377866176164,0.42355702945254725,1.5155554593250304,1.7071674360532605,3706,547.1139415706087,1.1381766871178043,-0.010359036724329532
2025-03-16,Leicester,Man United,0,3,A,4.5,3.74,1.81,2024/25,15,19,0.2132470608989302,0.2565806882473759,0.5301722508536939,True,0.042088089211911095,0.25228042752852736,0.24226520002863283,0.5054543724428396,1.1318231198355067,1.7002206324818376,3706,547.1139415706087,1.1381766871178043,-0.010359036724329532
2025-04-01,Arsenal,Fulham,2,1,H,1.49,4.16,7.46,2024/25,0,10,0.6418876713122112,0.2299068822728833,0.12820544641490544,True,0.04557381235458502,0.6495390463833561,0.20698745636368152,0.14347349725296238,1.9973051855018678,0.8146635501781041,3709,532.7889733046655,1.1382357568476935,-0.007100696210838263
2025-04-01,Nott'm Forest,Man United,1,0,H,2.36,3.39,3.11,2024/25,23,19,0.407330708691839,0.2835694609182124,0.3090998303899486,True,0.04025747265691382,0.4062666928139646,0.2545598094705186,0.3391734977155169,1.4657664217312296,1.3180812041464425,3709,532.7889733046655,1.1382357568476935,-0.007100696210838263
2025-04-01,Wolves,West Ham,1,0,H,2.37,3.25,3.21,2024/25,33,32,0.40526052045822697,0.2955284410726148,0.29921103846915825,True,0.04115971571312871,0.39203676842070134,0.25019571768030135,0.35776751389899725,1.4782146094219244,1.4016882181927848,3709,532.7889733046655,1.1382357568476935,-0.007100696210838263
2025-04-02,Southampton,Crystal Palace,1,1,D,5.68,4.04,1.61,2024/25,25,8,0.1685234892373382,0.23693401457130717,0.5945424961913546,True,0.044699102925776835,0.17714396355553283,0.22901144372339238,0.593844592721075,0.8587538819366758,1.7880580846713892,3712,534.7184662219747,1.1406584219402798,0.001520251572615715
2025-04-02,Newcastle,Brentford,2,1,H,1.67,4.32,4.68,2024/25,21,3,0.5735879889694618,0.22173424573587988,0.2046777652946584,True,0.04395909036627588,0.5037038825869512,0.22084159817478266,0.2754545192382661,1.931573788993825,1.3827801703206084,3712,534.7184662219747,1.1406584219402798,0.001520251572615715
2025-04-02,Man City,Leicester,2,0,H,1.2,7.6,13.22,2024/25,18,15,0.8008544828465758,0.12645070781788037,0.07269480933554393,True,0.040555245905990356,0.8308781196029784,0.1092718254908465,0.059850054906175065,3.0866008316514373,0.7554172547506276,3712,534.7184662219747,1.1406584219402798,0.001520251572615715
2025-04-02,Bournemouth,Ipswich,1,2,A,1.39,5.13,7.75,2024/25,2,13,0.68950775831719,0.1868256889007591,0.12366655278205085,True,0.04338849237531317,0.6475438732456087,0.19521354807547092,0.15724257867892052,2.1641071134380487,0.9649727991182416,3712,534.7184662219747,1.1406584219402798,0.001520251572615715
2025-04-02,Brighton,Aston Villa,0,3,A,2.35,3.49,3.03,2024/25,4,1,0.40834160337031356,0.274957813157661,0.3167005834720254,True,0.042097869483345374,0.4282338070656274,0.23906368176908926,0.3327025111652832,1.6321653365515771,1.4130941918033435,3712,534.7184662219747,1.1406584219402798,0.001520251572615715
2025-04-02,Liverpool,Everton,1,0,H,1.48,4.38,7.07,2024/25,16,9,0.6463143306771079,0.21838931721509583,0.13529635210779628,True,0.04542889365892222,0.6887430999811511,0.19308758991349428,0.1181693101053549,2.067476666539112,0.7166526463448596,3712,534.7184662219747,1.1406584219402798,0.001520251572615715
2025-04-03,Chelsea,Tottenham,1,0,H,1.68,4.36,4.58,2024/25,7,29,0.5707328226820625,0.21991539956556536,0.20935177775237226,True,0.04293650475694455,0.44923812007494857,0.2209367146250205,0.329825165300031,1.8881996674734678,1.5967840488075777,3718,539.6381100058655,1.134558723455354,0.000662852927496192
2025-04-05,Ipswich,Wolves,1,2,A,2.84,3.2,2.63,2024/25,13,33,0.33700126535646213,0.29908862300386013,0.36391011163967774,True,0.04484081293846742,0.30955499222313887,0.24535064296524817,0.445094364811613,1.2774006327983791,1.5800633822620005,3719,538.4798769096778,1.1356549785680643,0.005739501892087768
2025-04-05,Everton,Arsenal,1,1,D,4.1,3.17,2.07,2024/25,9,0,0.2339700277045843,0.3026110768418913,0.46341889545352444,True,0.042451639713215084,0.16161659959129185,0.2446486279041523,0.5937347725045556,0.7060647701170878,1.6183703390626645,3719,538.4798769096778,1.1356549785680643,0.005739501892087768
2025-04-05,West Ham,Bournemouth,2,2,D,2.98,3.49,2.38,2024/25,32,2,0.32196071135091553,0.27491201141138344,0.4031272772377009,True,0.04227148831494687,0.3556426068450117,0.2453364042156199,0.3990209889393684,1.4092583898709699,1.5066778395000409,3719,538.4798769096778,1.1356549785680643,0.005739501892087768
2025-04-05,Aston Villa,Nott'm Forest,2,1,H,2.14,3.39,3.57,2024/25,1,23,0.4482881241040572,0.2829901432397293,0.2687217326562136,True,0.04238701518155841,0.4355734069355316,0.2399557115970121,0.3244708814674562,1.6228714375760827,1.3699059719337032,3719,538.4798769096778,1.1356549785680643,0.005739501892087768
2025-04-05,Crystal Palace,Brighton,2,1,H,2.53,3.39,2.81,2024/25,8,4,0.37783348339474615,0.28198192123560695,0.34018459536964685,True,0.046114053854507064,0.4081322381012255,0.25848012122694264,0.33338764067183174,1.4064725169824013,1.2453940600749671,3719,538.4798769096778,1.1356549785680643,0.005739501892087768
2025-04-06,Brentford,Chelsea,0,0,D,2.89,3.57,2.41,2024/25,3,7,0.3323701320023642,0.26906153543048533,0.39856833256715046,True,0.04107056539970144,0.351044681347416,0.2365159486707929,0.41243936998179115,1.4890873883504738,1.6312724961332425,3724,542.3940033913346,1.1382029288172397,0.002259334830931768
2025-04-06,Fulham,Liverpool,3,2,H,4.19,3.52,1.92,2024/25,10,16,0.228695181375203,0.27222523010286953,0.49907958852192746,True,0.04358772691111601,0.20260570708224318,0.21741452669373942,0.5799797662240174,1.0618075608027884,1.9475023841114583,3724,542.3940033913346,1.1382029288172397,0.002259334830931768
2025-04-06,Man United,Man City,0,0,D,3.39,3.67,2.11,2024/25,19,18,0.28325877261969645,0.261647749095578,0.4550934782847256,True,0.041398464059260176,0.21506120584903352,0.2226810337154079,0.5622577604355585,1.0850348536228114,1.8919604233880594,3724,542.3940033913346,1.1382029288172397,0.002259334830931768
2025-04-06,Tottenham,Southampton,3,1,H,1.37,5.41,7.68,2024/25,29,25,0.698509299436301,0.17688682813821302,0.12460387242548598,True,0.04497822418158681,0.7709449227410798,0.13874513131143798,0.09030994594748223,2.7734414655985984,0.8658455416533551,3724,542.3940033913346,1.1382029288172397,0.002259334830931768
2025-04-07,Leicester,Newcastle,0,3,A,7.18,4.63,1.45,2024/25,15,21,0.13328925764226818,0.20669910796360377,0.660011634394128,True,0.044913659812795714,0.1821574690490624,0.20100669164460372,0.616835839306334,1.1071345735676814,2.1814275661302913,3728,545.3023074443976,1.142727103261063,-0.011988277138538927
2025-04-12,Arsenal,Brentford,1,1,D,1.63,4.15,5.21,2024/25,0,3,0.5862932944306002,0.23027905299322365,0.18342765257617624,True,0.046399367591534624,0.6486493786645957,0.20191719207975403,0.14943342925565029,2.0890632190599825,0.8925333145020743,3729,540.8665086621128,1.140187497030312,-0.012123950162860829
2025-04-12,Brighton,Leicester,2,2,D,1.29,5.98,10.04,2024/25,4,15,0.7439340809119633,0.16048076327365096,0.09558515581438574,True,0.042019472342668784,0.622394030284008,0.20559044731327025,0.17201552240272128,2.0947401118849474,1.0076428037887573,3729,540.8665086621128,1.140187497030312,-0.012123950162860829
2025-04-12,Man City,Crystal Palace,5,2,H,1.63,4.25,5.16,2024/25,18,8,0.5884357483437667,0.22568241642360934,0.18588183523262397,True,0.04258949977479931,0.6398568417085584,0.20685580101412065,0.1532873572773209,2.035869947773587,0.8843273560079805,3729,540.8665086621128,1.140187497030312,-0.012123950162860829
2025-04-12,Nott'm Forest,Everton,0,1,A,1.97,3.34,4.21,2024/25,23,9,0.4859667736885214,0.2866330970558046,0.22740012925567396,True,0.0445451020141614,0.45465760768623303,0.2774249518370433,0.2679174404767238,1.3613439591590704,0.9780553377179273,3729,540.8665086621128,1.140187497030312,-0.012123950162860829
2025-04-12,Southampton,Aston Villa,0,3,A,6.1,4.55,1.52,2024/25,25,1,0.15738570420772363,0.21100061443233276,0.6316136813599436,True,0.041609382851833354,0.1613451742245064,0.20233854709555874,0.6363162786799351,0.9653986565988646,2.114293282785214,3729,540.8665086621128,1.140187497030312,-0.012123950162860829
2025-04-13,Newcastle,Man United,4,1,H,1.61,4.29,5.26,2024/25,21,19,0.5947513105909453,0.2232050373080238,0.18204365210103082,True,0.044332313963658,0.4940559840013511,0.23873494007964655,0.2672090759190024,1.7355304304348913,1.2179328498976856,3734,544.7758666503476,1.1349389390692517,-0.010930903521170212
2025-04-13,Wolves,Tottenham,4,2,H,2.28,3.56,3.1,2024/25,33,29,0.4208872345618746,0.26955699292165003,0.3095557725164755,True,0.04207601279385487,0.26919303465728667,0.22487197232137118,0.5059349930213424,1.345579200305957,1.9106998726047149,3734,544.7758666503476,1.1349389390692517,-0.010930903521170212
2025-04-13,Chelsea,Ipswich,2,2,D,1.2,7.33,13.53,2024/25,7,13,0.7984653026522681,0.13071737560473692,0.07081732174299495,True,0.04366881136255252,0.7201632802143694,0.16657890447392376,0.11325781531170663,2.4608035783298474,0.877087707223703,3734,544.7758666503476,1.1349389390692517,-0.010930903521170212
2025-04-13,Liverpool,West Ham,2,1,H,1.28,5.9,10.63,2024/25,16,32,0.7477401001962434,0.162221581059524,0.0900383187442325,True,0.04481490265797161,0.7376671885191992,0.15642642682862773,0.10590638465217296,2.5933768049083588,0.8942064718768041,3734,544.7758666503476,1.1349389390692517,-0.010930903521170212
2025-04-14,Bournemouth,Fulham,1,0,H,2.24,3.41,3.3,2024/25,2,10,0.4281409558885076,0.2812421528417176,0.29061689126977486,True,0.042714006423683726,0.3947674043374688,0.2513906250510439,0.35384197061148703,1.480753118613899,1.3894901844234182,3738,547.6794117374446,1.1384106041953121,-0.010517340224674637
2025-04-16,Newcastle,Crystal Palace,5,0,H,1.67,3.99,5.1,2024/25,21,8,0.57273855662791,0.23971764149589211,0.18754380187619799,True,0.04550739299816997,0.5211639357044496,0.23175665228859646,0.24707941200695424,1.8119704995546078,1.1798020931141902,3739,546.4890776790563,1.1397412406602152,-0.005985096074529277
2025-04-19,Everton,Man City,0,2,A,4.06,3.64,1.91,2024/25,9,18,0.23579127296899483,0.2629979583115711,0.5012107687194339,True,0.04459090286857048,0.17380660188290728,0.23464069291198156,0.5915527052051112,0.8260602460421422,1.7459981392626733,3740,544.2139783363024,1.1456497776263397,-0.006386023164392525
2025-04-19,Crystal Palace,Bournemouth,0,0,D,2.57,3.49,2.72,2024/25,8,2,0.3729613986838228,0.27464492682447694,0.35239367449170017,True,0.04328506847868652,0.4033950603807213,0.25792298989628687,0.33868194972299204,1.4301982720470405,1.2892258549025495,3740,544.2139783363024,1.1456497776263397,-0.006386023164392525
2025-04-19,West Ham,Southampton,1,1,D,1.6,4.3,5.37,2024/25,32,25,0.5987864014729145,0.2228042424085263,0.17840935611855924,True,0.043777878827248706,0.6287896034078512,0.2082634027596226,0.1629469938325262,2.024593716868642,0.9226819070569238,3740,544.2139783363024,1.1456497776263397,-0.006386023164392525
2025-04-19,Aston Villa,Newcastle,4,1,H,2.54,3.6,2.69,2024/25,1,21,0.3773879020755555,0.2662681309088642,0.35634396701558035,True,0.043225777075263316,0.3500307727500373,0.2312563585600047,0.4187128686899582,1.5622785976099756,1.725167709999396,3740,544.2139783363024,1.1456497776263397,-0.006386023164392525
2025-04-19,Brentford,Brighton,4,2,H,2.64,3.58,2.59,2024/25,3,4,0.3627479363092211,0.26750127146825237,0.3697507922225265,True,0.044217873826812415,0.4447624534006983,0.2405553819133431,0.3146821646859585,1.6595721243173152,1.3618510813352986,3740,544.2139783363024,1.1456497776263397,-0.006386023164392525
2025-04-20,Fulham,Chelsea,1,2,A,3.07,3.57,2.3,2024/25,10,7,0.3130158318688314,0.26917607950625,0.41780808862491847,True,0.04062755253638084,0.34528563999434936,0.2537791553432297,0.4009352046624209,1.3623358866006083,1.4860475975846568,3745,548.1166480756671,1.1491393000574361,-0.017015391990857755
2025-04-20,Ipswich,Arsenal,0,4,A,9.07,5.12,1.35,2024/25,13,0,0.10537404584807661,0.18666847575040135,0.7079574784015221,True,0.04630682398219599,0.09013752505000878,0.15872103583689248,0.751141439113099,0.7347305054138537,2.458395606956963,3745,548.1166480756671,1.1491393000574361,-0.017015391990857755
2025-04-20,Leicester,Liverpool,0,1,A,11.84,6.92,1.22,2024/25,15,16,0.08054188132035871,0.13780576225911087,0.7816523564205304,True,0.04864026112723163,0.09441373698242829,0.15016372056091565,0.7554225424566559,0.8434792919481718,2.6418336318094835,3745,548.1166480756671,1.1491393000574361,-0.017015391990857755
2025-04-20,Man United,Wolves,0,1,A,2.56,3.44,2.76,2024/25,19,33,0.37429039989907903,0.27854169294815184,0.347167907152769,True,0.04364151499831492,0.4967867291084837,0.2480644491350134,0.2551488217565027,1.6526491253136248,1.1162176681260139,3745,548.1166480756671,1.1491393000574361,-0.017015391990857755
2025-04-21,Tottenham,Nott'm Forest,1,2,A,2.4,3.49,2.96,2024/25,29,23,0.40024176301025943,0.2752378886030437,0.3245203483866968,True,0.04103745579390283,0.4914877020732528,0.2247020155604156,0.2838102823663316,1.902476677394461,1.4046030825949987,3749,551.0135182770244,1.1440624190420257,-0.00922731729601913
2025-04-22,Man City,Aston Villa,2,1,H,1.91,3.92,3.84,2024/25,18,1,0.5038695337814315,0.24550785957207505,0.25062260664649333,True,0.0390789169070771,0.6391539284571659,0.1923325121626365,0.16851355938019777,2.272665159161173,1.0882278350476606,3750,550.9105945318568,1.142106986392863,-0.009606635485816476
2025-04-23,Arsenal,Crystal Palace,2,2,D,1.4,4.77,8.6,2024/25,0,8,0.6866755942417141,0.2015400066956813,0.11178439906260462,True,0.0402083899231771,0.6610949106483288,0.20639106672463914,0.13251402262703219,1.982511247781317,0.7552903820614298,3751,550.8078764284691,1.1418896074158964,-0.009649852702477769
2025-04-26,Wolves,Leicester,3,0,H,1.53,4.39,6.11,2024/25,33,15,0.6254188244236719,0.217970569787749,0.15661060578857905,True,0.045051325156582056,0.5293150872338879,0.23670276259958775,0.23398215016652454,1.7633709452079078,1.094383985430713,3752,548.5069418763524,1.1401083539624886,-0.009688525313492046
2025-04-26,Newcastle,Ipswich,3,0,H,1.17,8.08,15.61,2024/25,21,13,0.8198374869431205,0.11871409154993204,0.06144842150694753,True,0.042524729977555964,0.7578050920734629,0.1427797998167096,0.09941510810982788,2.813361390328321,0.9547710767268439,3752,548.5069418763524,1.1401083539624886,-0.009688525313492046
2025-04-26,Southampton,Fulham,1,2,A,5.15,4.08,1.65,2024/25,25,10,0.18575390091469723,0.23446877198791438,0.5797773270973884,True,0.04533340255784579,0.17540409415137065,0.2216792221734835,0.602916683675146,0.9126811018056034,1.8936420868629413,3752,548.5069418763524,1.1401083539624886,-0.009688525313492046
2025-04-26,Brighton,West Ham,3,2,H,1.78,3.96,4.36,2024/25,4,32,0.5382850301790791,0.24195640245423256,0.21975856736668825,True,0.04368080349937897,0.49254769267107423,0.23451519585861114,0.2729371114703146,1.7802040540248762,1.271987221078168,3752,548.5069418763524,1.1401083539624886,-0.009688525313492046
2025-04-26,Chelsea,Everton,1,0,H,1.44,4.79,7.31,2024/25,7,9,0.6677275839119432,0.20073647616559462,0.13153593992246213,True,0.040011617276581646,0.5260879271152482,0.2594702769218675,0.21444179596288446,1.5383556767349262,0.8812331067357303,3752,548.5069418763524,1.1401083539624886,-0.009688525313492046
2025-04-27,Bournemouth,Man United,1,1,D,1.95,3.83,3.69,2024/25,2,19,0.490774984633656,0.24987238121034697,0.2593526341559971,True,0.044919828591738487,0.40527942645099196,0.2618401217319132,0.3328804518170947,1.4031789347430486,1.2472042440374365,3757,552.401034268843,1.145884969448204,-0.007264777329011079
2025-04-27,Liverpool,Tottenham,5,1,H,1.2,7.4,12.79,2024/25,16,29,0.7961875599374127,0.1291114962060669,0.07470094385652036,True,0.04665455134571639,0.6371001126677925,0.185411304191643,0.17748858314056448,2.4089082204907912,1.2138881236318204,3757,552.401034268843,1.145884969448204,-0.007264777329011079
2025-05-01,Nott'm Forest,Brentford,0,2,A,2.31,3.54,3.07,2024/25,23,3,0.41580294526129724,0.27132904055186347,0.31286801418683935,True,0.04111920762944887,0.405721311126583,0.24775113099738796,0.346527557876029,1.5351159162069514,1.4017108720283409,3759,549.9835196133672,1.1493522001289973,-0.01042243231014127
2025-05-02,Man City,Wolves,1,0,H,1.34,5.42,9.09,2024/25,18,33,0.7170272095378919,0.17727240973815042,0.10570038072395767,True,0.040781502834978056,0.7357487656400239,0.15861629693118293,0.10563493742879308,2.5479442090303164,0.8705362023563017,3760,549.8826538069021,1.1464824537145637,-0.009902038673670505
2025-05-03,Arsenal,Bournemouth,1,2,A,1.68,4.04,4.93,2024/25,0,2,0.5692775561068746,0.2367292807573142,0.19399316313581125,True,0.045602604305634786,0.6600745566663241,0.20015339949136812,0.1397720438423078,2.071949438802364,0.8331546540894653,3761,549.7819895304528,1.1458200767936184,-0.007391368261608409
2025-05-03,Aston Villa,Fulham,1,0,H,1.86,3.75,4.18,2024/25,1,10,0.5152047014277825,0.25554153190818013,0.22925376666403724,True,0.0435355250295828,0.4653462507177721,0.2420090307491932,0.29264471853303486,1.6696091716210442,1.2776830834484765,3761,549.7819895304528,1.1458200767936184,-0.007391368261608409
2025-05-03,Leicester,Southampton,2,0,H,2.42,3.55,2.87,2024/25,15,25,0.3960559613448449,0.26998744407169706,0.333956594583458,True,0.04334533709006716,0.4893641059016073,0.2516792617062879,0.2589566323921047,1.5906655775923804,1.0872361182816535,3761,549.7819895304528,1.1458200767936184,-0.007391368261608409
2025-05-03,Everton,Ipswich,2,2,D,1.56,4.28,5.91,2024/25,9,13,0.61408261958865,0.22382450620520888,0.16209287420614113,True,0.04387523857138165,0.5460075738950755,0.2565502796947232,0.19744214641020136,1.5588013425833056,0.8249383015405493,3761,549.7819895304528,1.1458200767936184,-0.007391368261608409
2025-05-04,Brentford,Man United,4,3,H,1.65,4.36,4.79,2024/25,3,19,0.5804140415042007,0.21965210286282824,0.19993385563297103,True,0.04418667144912569,0.448999222505114,0.25078305822238955,0.3002177192724963,1.5539705371819519,1.2255457799431964,3765,552.675532377364,1.1446830896826885,-0.003325344328660831
2025-05-04,Brighton,Newcastle,1,1,D,3.12,3.71,2.21,2024/25,4,21,0.30743358518157443,0.2585425298562028,0.4340238849622228,True,0.042543287271367136,0.31821787667930185,0.223676203942848,0.45810591937784995,1.5339972795406425,1.8722107625363753,3765,552.675532377364,1.1446830896826885,-0.003325344328660831
2025-05-04,Chelsea,Liverpool,3,1,H,2.35,3.71,2.86,2024/25,7,16,0.40731513506666006,0.25800284835758786,0.3346820165757522,True,0.04472404351970782,0.2730529619608046,0.2315831070711492,0.4953639309680463,1.283287634671784,1.8002641186096693,3765,552.675532377364,1.1446830896826885,-0.003325344328660831
2025-05-04,West Ham,Tottenham,1,1,D,1.86,3.93,3.97,2024/25,32,29,0.5149870775446344,0.24373434204402544,0.24127858041134004,True,0.043976503576545145,0.30930180155716097,0.2219526556602778,0.4687455427825611,1.5201202749604934,1.907182420135984,3765,552.675532377364,1.1446830896826885,-0.003325344328660831
2025-05-05,Crystal Palace,Nott'm Forest,1,1,D,2.2,3.43,3.39,2024/25,8,23,0.4366112565100989,0.2800422053417544,0.2833465381481468,True,0.04107589478729068,0.397846433335548,0.2646170340184446,0.33753653264600725,1.3774648203280515,1.2481094608220642,3769,555.563293921811,1.1498143589570016,-0.011471216157900628
2025-05-10,Southampton,Man City,0,0,D,13.84,7.49,1.19,2024/25,25,18,0.06907007903487407,0.1276274891645737,0.8033024318005522,True,0.04610181817851666,0.056358766135491685,0.1171547006736194,0.8264865331908886,0.6562991642618031,2.891479292396757,3770,551.0253966181783,1.1497467534754742,-0.014887633200957831
2025-05-10,Wolves,Brighton,0,2,A,2.98,3.34,2.45,2024/25,33,4,0.32169421162706585,0.2870205840265438,0.39128520434639025,True,0.043134932709570695,0.3629130947164171,0.24808097866167286,0.38900592662190997,1.4510275674158781,1.5100155564436868,3770,551.0253966181783,1.1497467534754742,-0.014887633200957831
2025-05-10,Fulham,Everton,1,3,A,1.76,3.68,4.89,2024/25,10,9,0.5440166392570378,0.26018187094901807,0.19580148979394407,True,0.044419926121713305,0.4454215619721966,0.28783343721047566,0.2667450008173275,1.2871933248049445,0.9290247436058545,3770,551.0253966181783,1.1497467534754742,-0.014887633200957831
2025-05-10,Bournemouth,Aston Villa,0,1,A,2.58,3.53,2.68,2024/25,2,1,0.3712552291403411,0.27134234877679325,0.3574024220828657,True,0.04401734656318501,0.373109033089682,0.2505935271785091,0.37629743973180885,1.4524909742748056,1.4596446779318923,3770,551.0253966181783,1.1497467534754742,-0.014887633200957831
2025-05-10,Ipswich,Brentford,0,1,A,5.66,4.68,1.53,2024/25,13,3,0.16924058710912573,0.20467985534992558,0.6260795575409488,True,0.04394843014672567,0.19692770070515964,0.20670998567630436,0.5963623136185362,1.1537546432796357,2.1339492451211113,3770,551.0253966181783,1.1497467534754742,-0.014887633200957831
2025-05-11,Liverpool,Arsenal,2,2,D,2.24,3.56,3.16,2024/25,16,0,0.4277024149887463,0.2691161262850539,0.3031814587261999,True,0.043783144035597354,0.41058393399906884,0.25207236077056955,0.33734370523036117,1.5081979831080494,1.3451808777635255,3775,554.9144571347385,1.1460713172756298,-0.012522605756075509
2025-05-11,Man United,West Ham,0,2,A,2.01,3.67,3.66,2024/25,19,32,0.47690259359855147,0.26119188368749,0.2619055227139585,True,0.04321604555948988,0.48694491735974627,0.24649315337583935,0.2665619292644144,1.6524231441944623,1.1607043926410114,3775,554.9144571347385,1.1460713172756298,-0.012522605756075509
2025-05-11,Newcastle,Chelsea,2,0,H,2.24,3.75,3.03,2024/25,21,7,0.4279709375247178,0.2556413066814314,0.3163877557938508,True,0.043128241395568034,0.44040974833131574,0.23262372097724562,0.3269665306914389,1.759547239287677,1.4914069157897962,3775,554.9144571347385,1.1460713172756298,-0.012522605756075509
2025-05-11,Nott'm Forest,Leicester,2,2,D,1.39,5.03,7.8,2024/25,23,15,0.6874992333666856,0.18998487761027688,0.12251588902303756,True,0.04643674569443701,0.6062607973864013,0.21759781746821966,0.17614138514537883,1.9498834121790383,0.9479145720517579,3775,554.9144571347385,1.1460713172756298,-0.012522605756075509
2025-05-11,Tottenham,Crystal Palace,0,2,A,3.05,3.64,2.27,2024/25,29,8,0.31431473317026964,0.2633681143322314,0.4223171524974988,True,0.043122761545524746,0.48725703503384055,0.23182076041117872,0.28092220455498074,1.8170706889419113,1.3332695803515655,3775,554.9144571347385,1.1460713172756298,-0.012522605756075509
2025-05-16,Aston Villa,Tottenham,2,0,H,1.26,6.66,10.21,2024/25,1,29,0.7618481022869358,0.14413342475698787,0.09401847295607631,True,0.04174413674903388,0.4528553421433089,0.2255406235162087,0.3216040343404822,1.864342989899142,1.546951464631856,3780,554.3432152000036,1.1401622800321567,-0.012112559436086667
2025-05-16,Chelsea,Man United,1,0,H,1.57,4.53,5.46,2024/25,7,19,0.6119486071834154,0.2120881486264817,0.17596324419010295,True,0.0408434101857984,0.5161481847188758,0.24026833825683339,0.2435834770242907,1.7288734983561551,1.1145350661272113,3780,554.3432152000036,1.1401622800321567,-0.012112559436086667
2025-05-18,Arsenal,Newcastle,1,0,H,1.9,3.76,3.99,2024/25,0,21,0.5046657292598747,0.2550172568068516,0.2403170139332737,True,0.04289980269823479,0.5545865292219332,0.22214282514273512,0.22327064563533144,1.9344489880944293,1.1533895358155235,3782,554.1222871565271,1.1431988844538423,-0.008992926198703621
2025-05-18,Brentford,Fulham,2,3,A,2.04,3.75,3.5,2024/25,3,10,0.4701773240193445,0.2557764642665234,0.27404621171413224,True,0.04257703081232478,0.4667415223276698,0.24146535296854263,0.29179312470378754,1.6807796235672186,1.2827141081970128,3782,554.1222871565271,1.1431988844538423,-0.008992926198703621
2025-05-18,Everton,Southampton,2,0,H,1.43,4.76,7.54,2024/25,9,25,0.6711070056881715,0.20161407943993384,0.12727891487189458,True,0.04201072760910507,0.5958935980355776,0.24745262608750063,0.15665377587692159,1.6198184581745247,0.6932278449437573,3782,554.1222871565271,1.1431988844538423,-0.008992926198703621
2025-05-18,Leicester,Ipswich,2,0,H,2.27,3.67,3.04,2024/25,15,13,0.4227902305928719,0.2615078537999508,0.3157019156071774,True,0.04195556681498358,0.45213895318547936,0.2476809561075476,0.3001800907069732,1.6012455999602013,1.2613237222061884,3782,554.1222871565271,1.1431988844538423,-0.008992926198703621
2025-05-18,West Ham,Nott'm Forest,1,2,A,3.0,3.39,2.41,2024/25,32,23,0.31951239543369353,0.28275433224220664,0.39773327232409983,True,0.04325634340689599,0.35693517672735325,0.25256982949709816,0.39049499377554836,1.3837324916516434,1.4582337156932224,3782,554.1222871565271,1.1431988844538423,-0.008992926198703621
2025-05-19,Brighton,Liverpool,3,2,H,2.22,3.89,2.97,2024/25,4,16,0.43137496499579947,0.24618314197703725,0.32244189302716325,True,0.04422019589114701,0.21355617163088983,0.20779938911467027,0.5786444392544399,1.2203998876748698,2.1170561945083795,3787,558.0051600816645,1.144085390887766,-0.006082615046824782
2025-05-20,Man City,Bournemouth,3,1,H,1.34,5.59,8.53,2024/25,18,2,0.7159188330943569,0.17161560578648272,0.11246556111916042,True,0.042392827537281574,0.6649434755704237,0.19163540898450127,0.1434211154450747,2.1950256341313175,0.9132845954033773,3788,557.8882670268539,1.1464811863981441,-0.006423028159203234
2025-05-20,Crystal Palace,Wolves,4,2,H,2.37,3.31,3.12,2024/25,8,33,0.40393799650320933,0.2892244869222375,0.3068375165745532,True,0.0445685524082402,0.4745413097619602,0.2557142227131033,0.2697444675249367,1.540766118811804,1.097248040734649,3788,557.8882670268539,1.1464811863981441,-0.006423028159203234
2025-05-25,Bournemouth,Leicester,2,0,H,1.34,5.6,8.53,2024/25,2,15,0.716138298287013,0.17136166423296384,0.11250003748002317,True,0.042073379543414946,0.5890943990262588,0.2210838050079552,0.18982179596578613,1.9106528821722135,0.9861275100493958,3790,554.3172856880464,1.1491046753302658,-0.0063702351477030635
2025-05-25,Wolves,Brentford,1,1,D,2.91,3.74,2.32,2024/25,33,3,0.32977340620415485,0.256588398944944,0.4136381948509012,True,0.042056773586854446,0.31965010575521313,0.2398835544943488,0.4404663397504377,1.383758123246581,1.6611056777094924,3790,554.3172856880464,1.1491046753302658,-0.0063702351477030635
2025-05-25,Southampton,Arsenal,1,2,A,11.73,6.4,1.25,2024/25,25,0,0.08185441169699544,0.15002378893839943,0.7681217993646051,True,0.0415014919011083,0.06340188294618748,0.1384065453234302,0.7981915717303821,0.5784823251901731,2.5375374968067135,3790,554.3172856880464,1.1491046753302658,-0.0063702351477030635
2025-05-25,Nott'm Forest,Chelsea,0,1,A,3.44,3.78,2.06,2024/25,23,7,0.2793330559182678,0.2542078604123919,0.4664590836693404,True,0.04068483217275265,0.33035483046143566,0.2509707592122707,0.41867441032629354,1.3210901460562905,1.5173069807067363,3790,554.3172856880464,1.1491046753302658,-0.0063702351477030635
2025-05-25,Newcastle,Everton,0,1,A,1.27,6.18,10.88,2024/25,21,9,0.756298324271185,0.15542052942142479,0.08828114630739017,True,0.041125637243659696,0.5567005092676073,0.2410671376154778,0.2022323531169151,1.7012735654436304,0.9221085105390957,3790,554.3172856880464,1.1491046753302658,-0.0063702351477030635
2025-05-25,Tottenham,Brighton,1,4,A,3.71,4.02,1.91,2024/25,29,4,0.2587125360109169,0.23876206681604528,0.5025253971730377,True,0.04185820730529777,0.46137845855020226,0.22061770876865863,0.31800383268113896,1.9265753514051482,1.5754338610444445,3790,554.3172856880464,1.1491046753302658,-0.0063702351477030635
2025-05-25,Liverpool,Crystal Palace,1,1,D,1.37,5.95,6.99,2024/25,16,8,0.7011411318260975,0.16143921858853,0.13741964958537245,True,0.04105575064210076,0.6473491467205934,0.19511720190501544,0.15753365137439132,2.1890845148586666,0.9835538274057593,3790,554.3172856880464,1.1491046753302658,-0.0063702351477030635
2025-05-25,Ipswich,West Ham,1,3,A,3.2,3.59,2.22,2024/25,13,32,0.30004743654421007,0.2674517540226942,0.43250080943309555,True,0.04150198248387671,0.2647821859045839,0.24035162950119396,0.49486618459422205,1.186268727154197,1.7065492163916884,3790,554.3172856880464,1.1491046753302658,-0.0063702351477030635
2025-05-25,Fulham,Man City,0,2,A,6.06,4.53,1.52,2024/25,10,18,0.1581130047808655,0.21151541036910484,0.6303715848500296,True,0.04366179036865003,0.2016879538488423,0.21878096334924083,0.5795310828019171,1.0645587032727537,1.9524606278102024,3790,554.3172856880464,1.1491046753302658,-0.0063702351477030635
2025-05-25,Man United,Aston Villa,2,0,H,4.74,4.29,1.67,2024/25,19,1,0.20229735109996694,0.22351735296359984,0.5741852959364332,True,0.04287309244483506,0.34469310664275726,0.2570041405083591,0.39830275284888356,1.3116191908709307,1.4287693338509888,3790,554.3172856880464,1.1491046753302658,-0.0063702351477030635
2025-08-15,Liverpool,Bournemouth,4,2,H,1.29,6.02,8.68,2025/26,16,2,0.7337278106508877,0.15722738799661878,0.10904480135249367,True,0.05651412853213289,0.649670013438571,0.1916713284775106,0.15865865808391838,2.234194312284488,1.0123226662555096,3800,478.9597940368227,1.142419808611584,-0.003140130604514792
2025-08-16,Wolves,Man City,0,4,A,6.24,4.32,1.51,2025/26,33,18,0.15204743790557168,0.21962407697471467,0.6283284851197136,True,0.05398954736703088,0.15022719508934504,0.19309052258560488,0.6566822823250505,0.9425618866903395,2.186157682242769,3801,479.00083372871063,1.143251168136477,-0.002875030571782461
2025-08-16,Aston Villa,Newcastle,0,0,D,2.38,3.41,2.93,2025/26,1,21,0.3983692510117422,0.2780407089172863,0.3235900400709714,True,0.054720127519345185,0.3713004170051167,0.23816187194650562,0.3905377110483778,1.5381942369715011,1.5827189369777293,3801,479.00083372871063,1.143251168136477,-0.002875030571782461
2025-08-16,Brighton,Fulham,1,1,D,1.83,3.64,4.26,2025/26,4,10,0.5175113638639139,0.26017741644806663,0.2223112196880194,True,0.05591514619452731,0.4529996381446934,0.23890502187264087,0.308095339982666,1.6787832925004451,1.346658614274877,3801,479.00083372871063,1.143251168136477,-0.002875030571782461
2025-08-16,Sunderland,West Ham,3,0,H,3.4,3.17,2.25,2025/26,27,32,0.2790438371706344,0.2992899199937404,0.4216662428356253,True,0.054019504752479186,0.42648854276183273,0.24719626928622715,0.3263151879519402,1.5570563365166694,1.332624310582905,3801,479.00083372871063,1.143251168136477,-0.002875030571782461
2025-08-16,Tottenham,Burnley,3,0,H,1.55,4.01,6.16,2025/26,29,5,0.6104420846606088,0.23595641676407572,0.15360149857531552,True,0.056875511263734246,0.6175734339404377,0.19805478128712717,0.18437178477243482,2.20455321492679,1.1276660200350006,3801,479.00083372871063,1.143251168136477,-0.002875030571782461
2025-08-17,Nott'm Forest,Brentford,3,1,H,1.91,3.44,4.16,2025/26,23,3,0.4964338245497183,0.27563622235173313,0.22792995309854852,True,0.0546424992273038,0.38715708341330635,0.24857614929149013,0.36426676729520335,1.5036070656910734,1.4519038287173256,3806,483.0337994179087,1.144835189664392,-0.015769374809268932
2025-08-17,Chelsea,Crystal Palace,0,0,D,1.82,3.72,4.26,2025/26,7,8,0.521790667351535,0.25528468133865423,0.22292465130981076,True,0.05300953778918327,0.49872029971428755,0.24895274787336008,0.25232695241235237,1.641678878915197,1.097082887341518,3806,483.0337994179087,1.144835189664392,-0.015769374809268932
2025-08-17,Man United,Arsenal,0,1,A,3.79,3.7,1.93,2025/26,19,0,0.2507488052474305,0.2568481005102058,0.4924030942423636,True,0.052257228040240467,0.2043427915142183,0.24314557573311876,0.552511632752663,0.9364295932237923,1.703117570997009,3806,483.0337994179087,1.144835189664392,-0.015769374809268932
2025-08-18,Leeds,Everton,1,0,H,2.34,3.21,3.16,2025/26,14,9,0.4049438309899639,0.29519269922632874,0.29986346978370737,True,0.05533260330373779,0.3203451197535726,0.27429177107850994,0.40536310916791757,1.154782680343385,1.3330253807881018,3809,485.0627032389506,1.1470083909194537,-0.018711483143907855
2025-08-22,West Ham,Chelsea,1,5,A,4.75,3.82,1.72,2025/26,32,7,0.19979687034367832,0.24843851678860526,0.5517646128677164,True,0.05370176933872495,0.265087460010621,0.24275918220732354,0.4921533577820555,1.1844601408997155,1.6968539669227007,3810,482.1897142250141,1.1488874490620609,-0.01349794529480681
2025-08-23,Arsenal,Leeds,5,0,H,1.33,5.36,8.94,2025/26,0,14,0.7158688565734552,0.17763163791841333,0.1064995055081315,True,0.05030368669344387,0.7567049910110932,0.15378912689088925,0.0895058820980177,2.5262541490612147,0.7580349965878848,3811,482.22430053206153,1.1429849723104637,-0.013645748607409188
2025-08-23,Bournemouth,Wolves,1,0,H,1.8,3.74,4.32,2025/26,2,33,0.5268842451279644,0.2535806527353839,0.21953510213665178,True,0.054416716181421965,0.49903658472793444,0.241337284795637,0.25962613047642874,1.7159095018782635,1.1742676162913959,3811,482.22430053206153,1.1429849723104637,-0.013645748607409188
2025-08-23,Brentford,Aston Villa,1,0,H,3.25,3.45,2.18,2025/26,3,1,0.2913027480295138,0.2744156322017159,0.4342816197687705,True,0.056262976486350924,0.3896773235664899,0.24460406714544444,0.3657186092880654,1.541838563781156,1.4871238837321155,3811,482.22430053206153,1.1429849723104637,-0.013645748607409188
2025-08-23,Burnley,Sunderland,2,0,H,2.38,3.11,3.22,2025/26,5,27,0.3992966394998326,0.3055710617394217,0.2951322987607458,True,0.052270481798199375,0.1482840833092144,0.20878922201445702,0.6429266946763289,0.8446387674296248,2.0042987614920116,3811,482.22430053206153,1.1429849723104637,-0.013645748607409188
2025-08-23,Man City,Tottenham,0,2,A,1.54,4.53,5.46,2025/26,18,29,0.6165201005025125,0.2095896147403685,0.1738902847571189,True,0.05325138437721222,0.6853895920383631,0.17124775706527226,0.14336265089636463,2.5504055588119505,1.1042094992998304,3811,482.22430053206153,1.1429849723104637,-0.013645748607409188
2025-08-24,Crystal Palace,Nott'm Forest,1,1,D,2.39,3.24,3.06,2025/26,8,23,0.39703020255171917,0.29287104447487927,0.31009875297340156,True,0.05384940277056116,0.4150547157974479,0.26193863296338704,0.3230066512391651,1.4093532089426175,1.2118810457031974,3816,486.2508257302907,1.1502905273189683,-0.0031815945807612037
2025-08-24,Everton,Brighton,2,0,H,2.9,3.34,2.43,2025/26,9,4,0.32661816074561756,0.28359061861146434,0.38979122064291805,True,0.055751417556543004,0.3459616231998326,0.27639204385107413,0.3776463329490934,1.1737051729604937,1.2391836876155609,3816,486.2508257302907,1.1502905273189683,-0.0031815945807612037
2025-08-24,Fulham,Man United,1,1,D,3.45,3.51,2.08,2025/26,10,19,0.27460759865043277,0.2699134516649553,0.45547894968461194,True,0.05552458813328376,0.4123866386414395,0.26243537427199143,0.3251779870865693,1.4011435001011832,1.2142671762493162,3816,486.2508257302907,1.1502905273189683,-0.0031815945807612037
2025-08-25,Newcastle,Liverpool,2,3,A,2.92,3.65,2.29,2025/26,21,16,0.32519170690144844,0.26015336552115875,0.4146549275773928,True,0.05311957887180707,0.3217740392981718,0.22767440231626018,0.45055155838556804,1.5216299927224672,1.8305243926379886,3819,488.27330192847324,1.153275237754072,-0.010944588983478552
2025-08-30,Tottenham,Bournemouth,0,1,A,1.89,3.75,3.84,2025/26,29,2,0.5009549453646013,0.252481292463759,0.24656376217163967,True,0.05618386243386264,0.4765983881296018,0.22875124170208086,0.29465037016831713,1.8437528331104094,1.411600780959185,3820,484.4049512321914,1.1519789442733057,-0.010919285619276924
2025-08-30,Wolves,Everton,2,3,A,3.33,3.11,2.32,2025/26,33,9,0.2852184637764803,0.30539468950986476,0.40938684671365494,True,0.0528781914190497,0.34649633478913044,0.2923758509228474,0.3611278142880222,1.0970042832875486,1.1261994003293743,3820,484.4049512321914,1.1519789442733057,-0.010919285619276924
2025-08-30,Sunderland,Brentford,2,1,H,3.1,3.25,2.35,2025/26,27,3,0.3055305530553056,0.29142914291429145,0.4030403040304031,True,0.05580486774721494,0.3652080508090691,0.2545283449970445,0.3802636041938863,1.391355166362774,1.4246360409306824,3820,484.4049512321914,1.1519789442733057,-0.010919285619276924
2025-08-30,Leeds,Newcastle,0,0,D,3.67,3.36,2.06,2025/26,14,21,0.2581434378846082,0.28196024316562857,0.4598963189497631,True,0.05553550485562875,0.1864244504181496,0.19518225677854031,0.6183932928033101,1.185387650109062,2.278477956616516,3820,484.4049512321914,1.1519789442733057,-0.010919285619276924
2025-08-30,Chelsea,Fulham,2,0,H,1.67,3.93,5.03,2025/26,7,10,0.5691699946157767,0.24186104096904504,0.18896896441517833,True,0.0520624784758863,0.5324715533100715,0.23635338760147132,0.2311750590884569,1.7701862024546708,1.0872115323309401,3820,484.4049512321914,1.1519789442733057,-0.010919285619276924
2025-08-30,Man United,Burnley,3,2,H,1.38,5.06,7.6,2025/26,19,5,0.6876130942589243,0.1875308438887975,0.12485606185227832,True,0.0538450870258651,0.547796109463913,0.2450843227066751,0.20711956782941138,1.6735409740255796,0.9288780984794864,3820,484.4049512321914,1.1519789442733057,-0.010919285619276924
2025-08-31,Aston Villa,Crystal Palace,0,3,A,2.09,3.51,3.44,2025/26,1,8,0.45392651852074634,0.27028673040124207,0.2757867510780116,True,0.05406685884042073,0.4500628593230845,0.2616597754543562,0.2882773652225594,1.478927826927416,1.1312792471026898,3826,489.42512148608307,1.1538630256090139,-0.012411585627527998
2025-08-31,Brighton,Man City,2,1,H,3.47,3.64,2.03,2025/26,4,18,0.2730258903861573,0.2602746812197708,0.46669942839407197,True,0.05552055020404412,0.21013375632007286,0.2140136616430154,0.5758525820369119,1.16018401279759,2.041469992469662,3826,489.42512148608307,1.1538630256090139,-0.012411585627527998
2025-08-31,Liverpool,Arsenal,1,0,H,2.37,3.33,3.01,2025/26,16,0,0.40014611303400116,0.2847886750422171,0.3150652119237817,True,0.05446714219160498,0.3876199890709055,0.2473576375490464,0.3650223733800482,1.5080650242266953,1.4569498073663902,3826,489.42512148608307,1.1538630256090139,-0.012411585627527998
2025-08-31,Nott'm Forest,West Ham,0,3,A,1.65,4.01,4.98,2025/26,23,32,0.5737904164260286,0.23609830102317886,0.19011128255079257,True,0.056240377515502926,0.5166025770851784,0.23466338918973312,0.24873403372508862,1.793422069177764,1.1779374847911481,3826,489.42512148608307,1.1538630256090139,-0.012411585627527998
2025-09-13,Newcastle,Wolves,1,0,H,1.36,5.0,8.48,2025/26,21,33,0.6981400495284261,0.18989409347173192,0.11196585699984192,True,0.05321864594894565,0.6265382106159577,0.1997234284795684,0.17373836090447375,2.1652436597773286,1.0530090775813072,3830,480.7614099583508,1.147784589609969,-0.006474291498054482
2025-09-13,Arsenal,Nott'm Forest,3,0,H,1.41,4.78,7.48,2025/26,0,23,0.6740898550178165,0.1988424049320337,0.12706774005014987,True,0.05211471864872297,0.6620988893462274,0.20050744995956665,0.13739366069420636,2.058187304239599,0.8140316779573522,3830,480.7614099583508,1.147784589609969,-0.006474291498054482
2025-09-13,Bournemouth,Brighton,2,1,H,2.42,3.51,2.82,2025/26,2,4,0.3925240315979823,0.2706291044065861,0.3368468639954316,True,0.05273335447416683,0.40664723751240245,0.2466219055811743,0.3467308569064233,1.5381877258955015,1.403061046453695,3830,480.7614099583508,1.147784589609969,-0.006474291498054482
2025-09-13,Brentford,Chelsea,2,2,D,4.21,3.72,1.83,2025/26,3,7,0.22561818308360765,0.25533670719945917,0.5190451097169333,True,0.05279498294417051,0.33203412416087325,0.24328002574397262,0.424685850095154,1.3914326432583264,1.602255949748208,3830,480.7614099583508,1.147784589609969,-0.006474291498054482
2025-09-13,Crystal Palace,Sunderland,0,0,D,1.68,3.65,5.41,2025/26,8,27,0.5647133178712683,0.2599228421982824,0.17536383993044932,True,0.05405358152680462,0.4048018363912007,0.271734876416831,0.32346328719196876,1.3254669267417534,1.155171433805079,3830,480.7614099583508,1.147784589609969,-0.006474291498054482
2025-09-13,Everton,Aston Villa,0,0,D,2.62,3.2,2.8,2025/26,9,1,0.3630470016207455,0.2972447325769854,0.33970826580226904,True,0.051322246455834275,0.3420656949825687,0.28649116294064464,0.3714431420767866,1.1119517787175526,1.1712427330547857,3830,480.7614099583508,1.147784589609969,-0.006474291498054482
2025-09-13,Fulham,Leeds,1,0,H,2.04,3.37,3.76,2025/26,10,14,0.4655722285092812,0.28183007304419394,0.2525976984465249,True,0.05288943028439341,0.5575684127762802,0.22992289971718674,0.21250868750653326,1.826371617746539,1.0384815842370572,3830,480.7614099583508,1.147784589609969,-0.006474291498054482
2025-09-13,West Ham,Tottenham,0,3,A,3.27,3.51,2.17,2025/26,32,29,0.2908214109804011,0.27093618629798055,0.4382424027216183,True,0.05154017554135937,0.32476522694126236,0.22582660962570658,0.44940816343303097,1.5410997814469996,1.841234180156319,3830,480.7614099583508,1.147784589609969,-0.006474291498054482
2025-09-14,Man City,Man United,3,0,H,1.65,4.14,4.83,2025/26,18,19,0.5746579417013682,0.22903033908387863,0.19631171921475307,True,0.05464583725453309,0.6581347086881274,0.19667992599544049,0.14518536531643195,2.1319887000204667,0.8904562800987015,3838,487.78486400989783,1.1489411789755446,-0.006887311559849293
2025-09-14,Burnley,Liverpool,0,1,A,8.63,5.54,1.32,2025/26,5,16,0.10994277947999387,0.171264654677319,0.7187925658426872,True,0.05395602789464338,0.11970975974694584,0.16412651811172796,0.7161637221413261,0.9484663035954398,2.5302021282674896,3838,487.78486400989783,1.1489411789755446,-0.006887311559849293
2025-09-20,Brighton,Tottenham,2,2,D,2.17,3.63,3.14,2025/26,4,29,0.43689510178580326,0.2611742068526703,0.30193069136152645,True,0.054782924331087335,0.4073043617756847,0.2249282469423704,0.367767391281945,1.774682272780162,1.6788509373076819,3840,483.9425695161075,1.1527877049615194,-0.0037724453065605076
2025-09-20,Burnley,Nott'm Forest,1,1,D,3.41,3.31,2.18,2025/26,5,23,0.2782080989485941,0.2866131774666785,0.4351787235847275,True,0.05408553192046206,0.2962491662671115,0.2553065277115143,0.44844430602137464,1.181347546531758,1.512772534821403,3840,483.9425695161075,1.1527877049615194,-0.0037724453065605076
2025-09-20,Fulham,Brentford,3,1,H,2.12,3.29,3.58,2025/26,10,3,0.4471160781395914,0.28811127223584615,0.26477264962456254,True,0.054979089927249536,0.38835452381057306,0.24738351625626764,0.3642619599331592,1.4887881524327176,1.4346331676765174,3840,483.9425695161075,1.1527877049615194,-0.0037724453065605076
2025-09-20,Liverpool,Everton,2,1,H,1.51,4.35,6.31,2025/26,16,9,0.6303464683741683,0.21880992350459638,0.15084360812123523,True,0.050615318488676175,0.6452496906654157,0.21117527770397387,0.14357503163061053,1.9406557808704956,0.7859570472410089,3840,483.9425695161075,1.1527877049615194,-0.0037724453065605076
2025-09-20,Man United,Chelsea,2,1,H,2.64,3.62,2.51,2025/26,19,7,0.35957323877891834,0.262230207286283,0.37819655393479856,True,0.05343734721252291,0.3005368490745954,0.25398549927321595,0.4454776516521886,1.2040683862938746,1.5211632284190117,3840,483.9425695161075,1.1527877049615194,-0.0037724453065605076
2025-09-20,West Ham,Crystal Palace,1,2,A,3.04,3.42,2.31,2025/26,32,8,0.31202161188653765,0.27735254389914454,0.4106258442143179,True,0.054245462140198875,0.3183460236459298,0.2556271478982887,0.42602682845578177,1.2453122048584533,1.4804719263965656,3840,483.9425695161075,1.1527877049615194,-0.0037724453065605076
2025-09-20,Wolves,Leeds,1,3,A,2.88,3.08,2.58,2025/26,33,14,0.3277244382856577,0.30644363060477087,0.3658319311095714,True,0.059494446122352995,0.4869741258085144,0.248060918140303,0.2649649560511826,1.6156701080020055,1.1258948525095176,3840,483.9425695161075,1.1527877049615194,-0.0037724453065605076
2025-09-21,Arsenal,Man City,1,1,D,2.05,3.56,3.54,2025/26,0,18,0.4640503140948692,0.26721998424002297,0.26872970166510785,True,0.05118963015948963,0.42722962886608123,0.2591553545978983,0.3136150165360207,1.4608916047337932,1.2147312471543035,3847,489.9616656079514,1.152828641572688,-0.007796955154661828
2025-09-21,Bournemouth,Newcastle,0,0,D,2.38,3.29,3.02,2025/26,2,21,0.39817100538599637,0.28803859964093353,0.31379039497307,True,0.05524526282261544,0.3289798451005425,0.24889271503919902,0.4221274398602586,1.337360977893009,1.5457850451109505,3847,489.9616656079514,1.152828641572688,-0.007796955154661828
2025-09-21,Sunderland,Aston Villa,1,1,D,3.8,3.32,2.04,2025/26,27,1,0.2495431232682898,0.28562164711430765,0.4648352296174026,True,0.05455879244532302,0.3946103928142847,0.29068737919047377,0.31470222799524156,1.1892478776489523,1.0297472326097183,3847,489.9616656079514,1.152828641572688,-0.007796955154661828
2025-09-27,Nott'm Forest,Sunderland,0,1,A,1.75,3.69,4.73,2025/26,23,27,0.5422306585851556,0.257155461388624,0.20061388002622035,True,0.05384777194192969,0.3488428223808348,0.2968513790248189,0.35430579859434613,1.0983390610985426,1.1092068471279886,3850,487.08147731251876,1.1532807695611358,-0.022899029124750593
2025-09-27,Tottenham,Wolves,1,1,D,1.53,4.27,6.05,2025/26,29,33,0.6206529547294651,0.22238852944638915,0.15695851582414572,True,0.05307606491090322,0.590133303143692,0.20656800422108898,0.20329869263521916,2.1687485974458216,1.2096744865318338,3850,487.08147731251876,1.1532807695611358,-0.022899029124750593
2025-09-27,Leeds,Bournemouth,2,2,D,2.96,3.23,2.46,2025/26,14,2,0.3205476799444897,0.29375267264262833,0.3856996474128819,True,0.0539394260983026,0.29212510776168293,0.25834685395348694,0.4495280382848304,1.1864640051017392,1.530627052006221,3850,487.08147731251876,1.1532807695611358,-0.022899029124750593
2025-09-27,Man City,Burnley,5,1,H,1.19,7.02,14.17,2025/26,18,5,0.7977688578428818,0.13523432205598707,0.06699682010113121,True,0.05335790710858168,0.7858362737910805,0.14100109217326776,0.07316263403565174,2.638366522542027,0.695767397512579,3850,487.08147731251876,1.1532807695611358,-0.022899029124750593
2025-09-27,Chelsea,Brighton,1,3,A,1.98,3.75,3.57,2025/26,7,4,0.4801639820523581,0.25352658252364507,0.26630943542399693,True,0.051829216535098865,0.5221251153302627,0.22896640277860955,0.2489084818911275,1.8910600649854281,1.2471671257670347,3850,487.08147731251876,1.1532807695611358,-0.022899029124750593
2025-09-27,Brentford,Man United,3,1,H,3.3,3.74,2.07,2025/26,3,19,0.28764100049043656,0.25380088278567925,0.45855811672388436,True,0.05350176961430142,0.44232139795351383,0.2478279349973483,0.3098506670491376,1.6214925297823013,1.3218003311179134,3850,487.08147731251876,1.1532807695611358,-0.022899029124750593
2025-09-27,Crystal Palace,Liverpool,2,1,H,4.01,3.71,1.87,2025/26,8,16,0.2366725228990056,0.255810462756068,0.5075170143449264,True,0.05367769586800253,0.238568152349307,0.23767522912784508,0.5237566185228475,1.1340974780703457,1.785540642711931,3850,487.08147731251876,1.1532807695611358,-0.022899029124750593
2025-09-28,Aston Villa,Fulham,3,1,H,2.25,3.24,3.34,2025/26,1,10,0.4222799747137739,0.29324998244012074,0.2844700428461052,True,0.05248761735787699,0.45168110210351375,0.25960265342057276,0.2887162444759134,1.5237913369794907,1.1687645281888952,3857,493.09430186240223,1.1545747500666843,-0.023745505995835702
2025-09-28,Newcastle,Arsenal,1,2,A,3.4,3.26,2.21,2025/26,21,0,0.2792199235735934,0.291210963236263,0.4295691131901436,True,0.05335480109929769,0.2715455127946829,0.25680140722749384,0.4716530799778233,1.1305107494497773,1.568067840831202,3857,493.09430186240223,1.1545747500666843,-0.023745505995835702
2025-09-29,Everton,West Ham,1,1,D,1.65,3.87,5.28,2025/26,9,32,0.5750905544719978,0.24519364725550288,0.17971579827249928,True,0.05385247827108297,0.4542076836669577,0.27605107770129045,0.269741238631752,1.394157355119432,1.0110474842886086,3859,494.10510278748535,1.156108531575749,-0.02394894092766918
2025-10-03,Bournemouth,Fulham,3,1,H,1.95,3.43,4.01,2025/26,2,10,0.48666598259872695,0.2766759959380517,0.23665802146322132,True,0.053742260928377306,0.4292373953033905,0.2640013929449919,0.30676121175161764,1.467273039178946,1.2020772479430322,3860,491.16006316386887,1.1556078551114994,-0.027704871171860462
2025-10-04,Leeds,Tottenham,1,2,A,2.75,3.35,2.55,2025/26,14,29,0.34490764106187544,0.2831331381851216,0.371959220753003,True,0.05430068906802887,0.27555911937210775,0.22671687383820627,0.4977240067896862,1.393433916600503,1.9277886792040422,3861,491.176726701782,1.1580978290949944,-0.027763721431246235
2025-10-04,Arsenal,West Ham,2,0,H,1.18,7.28,14.63,2025/26,0,32,0.8046708904942724,0.13042742455813755,0.06490168494758997,True,0.05317296441292885,0.7473669563461434,0.16118518249362457,0.09144786116023183,2.459336130028347,0.7486462579857377,3861,491.176726701782,1.1580978290949944,-0.027763721431246235
2025-10-04,Chelsea,Liverpool,2,1,H,2.87,3.64,2.31,2025/26,7,16,0.32993655066333394,0.26014228033070563,0.40992116900596043,True,0.05605776337483648,0.30643003407066766,0.2383234377400463,0.45524652818928624,1.403168463130149,1.750797535112612,3861,491.176726701782,1.1580978290949944,-0.027763721431246235
2025-10-04,Man United,Sunderland,2,0,H,1.61,4.22,5.1,2025/26,19,27,0.5892047570030005,0.22479138833526796,0.18600385466173155,True,0.05416326843945907,0.31328506531391975,0.31547625331540885,0.37123868137067134,0.9439342553295559,1.0546132555379044,3861,491.176726701782,1.1580978290949944,-0.027763721431246235
2025-10-05,Newcastle,Nott'm Forest,2,0,H,1.51,4.42,6.06,2025/26,21,23,0.628613001642807,0.21475240553860597,0.1566345928185872,True,0.05351250117070672,0.5500657374481863,0.23304694042229704,0.2168873221295167,1.8462151864335716,1.079542453172643,3865,494.18736294192615,1.1631897873951915,-0.027633799236170053
2025-10-05,Everton,Crystal Palace,2,1,H,2.65,3.1,2.82,2025/26,9,8,0.3578387228817028,0.30589439214081043,0.3362668849774867,True,0.054549064805342384,0.3365838056466642,0.30811210120126736,0.35530409315206846,1.0251305647053766,1.0615058425189052,3865,494.18736294192615,1.1631897873951915,-0.027633799236170053
2025-10-05,Wolves,Brighton,1,1,D,3.46,3.53,2.08,2025/26,33,4,0.27445146338728366,0.2690090830934848,0.45653945351923136,True,0.05307269078986332,0.3045419311799964,0.2430673977623959,0.45239067105760783,1.3546493794602301,1.6947886182897745,3865,494.18736294192615,1.1631897873951915,-0.027633799236170053
2025-10-05,Aston Villa,Burnley,2,1,H,1.55,4.05,6.13,2025/26,1,5,0.6114073216682469,0.23399539471253894,0.15459728361921415,True,0.055207007600489355,0.6201207493042789,0.21520969531102607,0.16466955538469466,1.998231769485566,0.9270453686816131,3865,494.18736294192615,1.1631897873951915,-0.027633799236170053
2025-10-05,Brentford,Man City,0,1,A,5.03,4.18,1.62,2025/26,3,18,0.18838467016825422,0.22669255764266003,0.5849227721890856,True,0.055325557435703665,0.21164807579010683,0.2138897097723777,0.5744622144375157,1.2020614904366973,2.0867900112836937,3865,494.18736294192615,1.1631897873951915,-0.027633799236170053
2025-10-18,Sunderland,Wolves,2,0,H,2.49,3.03,3.08,2025/26,27,33,0.38019579325601005,0.31243812713117664,0.30736607961281337,True,0.056314753678465834,0.46990087526397445,0.2939098720797471,0.23618925265627833,1.2922315974462935,0.8302366295100133,3870,486.37576400357693,1.1671640052679513,-0.02672121232749945
2025-10-18,Nott'm Forest,Chelsea,0,3,A,3.07,3.43,2.27,2025/26,23,7,0.3079323395992106,0.27561291037013885,0.4164547500306504,True,0.057806722888408046,0.2951908203787759,0.25540602342850843,0.44940315619271576,1.2248813666299616,1.5660250567419656,3870,486.37576400357693,1.1671640052679513,-0.02672121232749945
2025-10-18,Man City,Everton,2,0,H,1.44,4.46,7.29,2025/26,18,9,0.6577212977460583,0.21235844590904124,0.1299202563449004,True,0.05583390232950114,0.6568629453028062,0.21618541046361614,0.12695164423357796,1.9022723051013737,0.6998301139802418,3870,486.37576400357693,1.1671640052679513,-0.02672121232749945
2025-10-18,Brighton,Newcastle,2,1,H,2.86,3.44,2.42,2025/26,4,21,0.33187160147342576,0.2759165058761621,0.39221189265041223,True,0.05357116456482203,0.3469087605784064,0.24348991468585074,0.4096013247357428,1.4790824528057893,1.6239138044739807,3870,486.37576400357693,1.1671640052679513,-0.02672121232749945
2025-10-18,Crystal Palace,Bournemouth,3,3,D,2.13,3.39,3.44,2025/26,8,2,0.44493790419504375,0.2795627539632576,0.2754993418416986,True,0.055166493231185276,0.4230205037112323,0.2700520454089702,0.3069274508797976,1.407883513607077,1.1607821173101256,3870,486.37576400357693,1.1671640052679513,-0.02672121232749945
2025-10-18,Burnley,Leeds,2,0,H,3.48,3.22,2.19,2025/26,5,14,0.2724954209269435,0.2944981567781874,0.4330064222948692,True,0.054536332616470506,0.382517070586574,0.2575438783049028,0.3599390511085234,1.4394249010228413,1.3894117346967638,3870,486.37576400357693,1.1671640052679513,-0.02672121232749945
2025-10-18,Fulham,Arsenal,0,1,A,6.77,4.18,1.5,2025/26,10,0,0.14019443873033477,0.22706132780008764,0.6327442334695775,True,0.05361160387204089,0.18055492960854436,0.23401082629825243,0.5854342440932037,0.8970191722749753,1.8066527855069887,3870,486.37576400357693,1.1671640052679513,-0.02672121232749945
2025-10-19,Liverpool,Man United,1,2,A,1.67,4.3,4.55,2025/26,16,19,0.5696690882091748,0.22124357611844692,0.20908733567237842,True,0.05114075452468425,0.6522923130269601,0.19467486281983326,0.15303282415320643,2.233437178091914,0.9922145536952329,3877,492.38999856959225,1.1709458534770683,-0.024359790760906587
2025-10-19,Tottenham,Aston Villa,1,2,A,2.24,3.36,3.21,2025/26,29,1,0.4229249011857707,0.28194993412384717,0.295125164690382,True,0.05557409879839792,0.4333382936942388,0.23947528312598565,0.3271864231797754,1.700481649615518,1.453086297864954,3877,492.38999856959225,1.1709458534770683,-0.024359790760906587
2025-10-20,West Ham,Brentford,0,2,A,2.75,3.29,2.57,2025/26,32,3,0.3441268523379853,0.287644025510474,0.3682291221515407,True,0.05669278978327741,0.32402131810175877,0.23883772150597626,0.43714096039226524,1.4487398451009112,1.712756302144471,3879,493.402206693593,1.1653875085350982,-0.024213464460635367
2025-10-24,Leeds,West Ham,2,1,H,1.79,3.64,4.56,2025/26,14,32,0.5307004642478034,0.26097632719878244,0.2083232085534141,True,0.05268273821640479,0.3690018537682332,0.25384765591604036,0.37715049031572645,1.435805223618473,1.4540257272591428,3880,490.46276780591324,1.1627256322806405,-0.024143751420766493
2025-10-25,Man United,Brighton,4,2,H,1.99,3.85,3.41,2025/26,19,4,0.4760860026327337,0.24608081694523118,0.2778331804220352,True,0.05550795451913926,0.39964224537961407,0.2518579299050072,0.34849982471537866,1.5177387506303408,1.402785346266795,3881,490.48082454088086,1.1642550881493703,-0.02417730216251902
2025-10-25,Brentford,Liverpool,3,2,H,3.92,4.01,1.82,2025/26,3,16,0.2420485675813716,0.23661605608952038,0.521335376329108,True,0.05392914887036726,0.26026841026545233,0.22106768702170337,0.5186639027128441,1.3726289733329013,2.0009541915544347,3881,490.48082454088086,1.1642550881493703,-0.02417730216251902
2025-10-25,Chelsea,Sunderland,1,2,A,1.44,4.52,7.2,2025/26,7,27,0.6585081585081585,0.2097902097902098,0.1317016317016317,True,0.054572271386430726,0.44421606833726945,0.2959482109693822,0.2598357206933484,1.2521610745073393,0.8878379209361629,3881,490.48082454088086,1.1642550881493703,-0.02417730216251902
2025-10-25,Newcastle,Fulham,2,1,H,1.6,3.99,5.62,2025/26,21,10,0.5932253609807459,0.23788485653363242,0.16888978248562161,True,0.0535625094765384,0.5423712417720058,0.23488617004742246,0.22274258818057197,1.818497581059709,1.0867449174430333,3881,490.48082454088086,1.1642550881493703,-0.02417730216251902
2025-10-26,Aston Villa,Man City,1,0,H,4.16,3.77,1.82,2025/26,1,18,0.22783389450056118,0.2514029180695848,0.5207631874298542,True,0.05508715422508503,0.2298620788385584,0.23891917630949605,0.5312187448519458,1.0911586895131125,1.7752412606548118,3885,493.49285119447,1.167579684463828,-0.024572105540641292
2025-10-26,Wolves,Burnley,2,3,A,1.92,3.3,4.34,2025/26,33,5,0.49401879216855005,0.28742911544352,0.21855209238792997,True,0.05427838290741516,0.4548219530612592,0.2575110696159033,0.2876669773228374,1.5477254912287954,1.1812987847393943,3885,493.49285119447,1.167579684463828,-0.024572105540641292
2025-10-26,Everton,Tottenham,0,3,A,2.2,3.34,3.32,2025/26,9,29,0.4307869219293884,0.28375186474390857,0.28546121332670316,True,0.05515147142735333,0.35005630998585197,0.2725563301217874,0.3773873598923608,1.249811764067029,1.3077320366966434,3885,493.49285119447,1.167579684463828,-0.024572105540641292
2025-10-26,Arsenal,Crystal Palace,1,0,H,1.38,4.91,8.08,2025/26,0,8,0.6887758468028959,0.19358669421344116,0.1176374589836629,True,0.05206604517708491,0.632428566438755,0.2217382487153218,0.14583318484592336,1.8803840240517933,0.7773093128222697,3885,493.49285119447,1.167579684463828,-0.024572105540641292
2025-10-26,Bournemouth,Nott'm Forest,2,0,H,1.95,3.59,3.82,2025/26,2,23,0.48693867551032727,0.2644931524359716,0.24856817205370105,True,0.05315214956598102,0.47654046816009415,0.25326762522507235,0.27019190661483383,1.6069436831329538,1.1511266104007756,3885,493.49285119447,1.167579684463828,-0.024572105540641292
2025-11-01,Brighton,Leeds,3,0,H,1.93,3.61,3.88,2025/26,4,14,0.4921141853315767,0.26309705753184015,0.24478875713658324,True,0.05287498403810087,0.5967037227938412,0.20789849036168653,0.1953977868444719,2.110676806471722,1.1318232504225019,3890,492.54668532914735,1.1659004504583341,-0.013598764253591397
2025-11-01,Burnley,Arsenal,0,2,A,13.66,5.78,1.24,2025/26,5,0,0.06954368506235178,0.1643541069120632,0.766102208025585,True,0.05266843569297386,0.11862481317577055,0.19101113349422738,0.690364053330002,0.7563600461422109,2.1342983514860605,3890,492.54668532914735,1.1659004504583341,-0.013598764253591397
2025-11-01,Crystal Palace,Brentford,2,0,H,2.06,3.43,3.6,2025/26,8,3,0.4602345153523321,0.27640906752938893,0.26335641711827895,True,0.05475986048603443,0.41684974185323054,0.25111761581294173,0.3320326423338278,1.5300742105408747,1.340709097507009,3890,492.54668532914735,1.1659004504583341,-0.013598764253591397
2025-11-01,Fulham,Wolves,3,0,H,1.79,3.69,4.44,2025/26,10,33,0.5295914508199105,0.25690208589908947,0.21350646328099998,True,0.054887153129420385,0.5077261530305422,0.24378225741556797,0.24849158955388956,1.6927749282445803,1.1128295700254218,3890,492.54668532914735,1.1659004504583341,-0.013598764253591397
2025-11-01,Liverpool,Aston Villa,2,0,H,1.65,4.28,4.67,2025/26,16,1,0.5750983308924446,0.22170846868517136,0.20319320042238403,True,0.05383822818632411,0.5744045963954049,0.21573082252821857,0.2098645810763765,2.0209449897096716,1.146934526171537,3890,492.54668532914735,1.1659004504583341,-0.013598764253591397
2025-11-01,Nott'm Forest,Man United,2,2,D,3.27,3.63,2.12,2025/26,23,19,0.2904208226250184,0.2616187575712976,0.44796041980368406,True,0.05299060442497572,0.3547892030456591,0.26358105167229223,0.38162974528204846,1.3017797318531206,1.359658893950433,3890,492.54668532914735,1.1659004504583341,-0.013598764253591397
2025-11-01,Tottenham,Chelsea,0,1,A,3.02,3.44,2.31,2025/26,29,7,0.31394549491533463,0.27561494030357864,0.4104395647810868,True,0.05472393513360707,0.3776884966440386,0.23481598019811703,0.38749552315784463,1.6156800808273484,1.6388107718016554,3890,492.54668532914735,1.1659004504583341,-0.013598764253591397
2025-11-02,Man City,Bournemouth,3,1,H,1.41,5.08,6.86,2025/26,18,2,0.6742640884448245,0.1871481032888194,0.13858780826635603,True,0.0518428466090024,0.6597486516835324,0.19498511644258879,0.14526623187387902,2.156823971392429,0.903795550983554,3897,498.5485903861304,1.17556324709717,-0.007407228494850064
2025-11-02,West Ham,Newcastle,3,1,H,4.99,4.08,1.64,2025/26,32,21,0.18990747573366634,0.2322642901742635,0.5778282340920702,True,0.05525493837986817,0.2434578321740014,0.22924947409601082,0.5272926937299875,1.1870121964511842,1.8465563984205158,3897,498.5485903861304,1.17556324709717,-0.007407228494850064
2025-11-03,Sunderland,Everton,1,1,D,3.24,3.09,2.37,2025/26,27,9,0.2927715611844709,0.306983772892455,0.4002446659230741,True,0.054207499047939756,0.47184501843149446,0.3175850497882621,0.2105699317802435,1.137574229323817,0.654614479946546,3899,499.54849363547436,1.180746209066478,-0.0073861658151471235
2025-11-08,Sunderland,Arsenal,2,2,D,7.33,4.23,1.46,2025/26,27,0,0.12897553436987688,0.22349661156765896,0.647527854062464,True,0.057763774256486045,0.23396718184650142,0.3053154442627082,0.46071737389079037,0.7616608170088357,1.1946834286471528,3900,495.56795290719793,1.179966899298249,-0.011274530423719845
2025-11-08,West Ham,Burnley,3,2,H,1.86,3.56,4.23,2025/26,32,5,0.509635104676427,0.26627002660060517,0.2240948687229679,True,0.05493990439198759,0.4782206183903223,0.2408731782907025,0.2809062033189749,1.7026765063257439,1.2534513486977281,3900,495.56795290719793,1.179966899298249,-0.011274530423719845
2025-11-08,Tottenham,Man United,2,2,D,2.9,3.47,2.38,2025/26,29,19,0.3274155949190441,0.27363262975943164,0.39895177532152426,True,0.05318009147413316,0.47102500668001657,0.23353743545835332,0.29543755786163,1.7807083148530278,1.3699935052593968,3900,495.56795290719793,1.179966899298249,-0.011274530423719845
2025-11-08,Chelsea,Wolves,3,0,H,1.36,5.1,8.12,2025/26,7,33,0.6972750171742614,0.1859400045798031,0.11678497824593544,True,0.05452525837921374,0.6569907456727248,0.19581143345241103,0.1471978208748645,2.162239406855254,0.9183781740692547,3900,495.56795290719793,1.179966899298249,-0.011274530423719845
2025-11-08,Everton,Fulham,2,0,H,2.31,3.21,3.23,2025/26,9,10,0.41071195141950584,0.2955590678439434,0.2937289807365506,True,0.05402443587102601,0.3732053323493114,0.2916888325440604,0.335105835106628,1.1531683424516952,1.077027602669729,3900,495.56795290719793,1.179966899298249,-0.011274530423719845
2025-11-09,Aston Villa,Bournemouth,4,0,H,2.3,3.37,3.1,2025/26,1,2,0.4124684144030323,0.2815066329753632,0.30602495262160456,True,0.05409915890145278,0.4576089605928189,0.25396046248886134,0.2884305769183196,1.5520912038294197,1.1809376252130432,3905,499.5678174701989,1.18600121885772,-0.011121733384015743
2025-11-09,Brentford,Newcastle,3,1,H,2.83,3.38,2.47,2025/26,3,21,0.33522994205773343,0.2806806911311792,0.3840893668110873,True,0.0540731782201862,0.37321305380671455,0.24059788401681317,0.38618906217647186,1.5383280706978248,1.568297844483663,3905,499.5678174701989,1.18600121885772,-0.011121733384015743
2025-11-09,Crystal Palace,Brighton,0,0,D,2.38,3.39,2.97,2025/26,8,4,0.3994548722282395,0.2804432436292655,0.3201018841424949,True,0.05185365466469061,0.4374696768602069,0.24814838978597023,0.31438193335382286,1.583480330851648,1.307375681372942,3905,499.5678174701989,1.18600121885772,-0.011121733384015743
2025-11-09,Man City,Liverpool,3,0,H,1.89,3.94,3.69,2025/26,18,16,0.502035615501756,0.24082419119246665,0.2571401933057775,True,0.05391034572661413,0.5004935220079837,0.22955046972659943,0.26995600826541655,1.848362617106154,1.306267182972612,3905,499.5678174701989,1.18600121885772,-0.011121733384015743
2025-11-09,Nott'm Forest,Leeds,3,1,H,2.23,3.14,3.46,2025/26,23,14,0.4246825942835699,0.30160579148164357,0.2737116142347864,True,0.05591917189362294,0.5317077742138676,0.23995672645717198,0.22833549932896027,1.7305531920818862,1.0509419697402191,3905,499.5678174701989,1.18600121885772,-0.011121733384015743
2025-11-22,Liverpool,Nott'm Forest,0,3,A,1.45,4.6,6.58,2025/26,16,23,0.6512188300092515,0.2052755007637858,0.1435056692269627,True,0.05902216065219679,0.6835235978093943,0.17989751626405348,0.13657888592655226,2.3799818215888053,0.9763966029674055,3910,491.61812964851737,1.2001511078250917,-0.01767002269971416
2025-11-22,Fulham,Sunderland,1,0,H,2.02,3.33,3.81,2025/26,10,27,0.4679916341142231,0.28388681709030955,0.24812154879546738,True,0.05781699685184516,0.3242149512663541,0.2900729122410282,0.38571213649261743,1.0719202494524986,1.1957448955614716,3910,491.61812964851737,1.2001511078250917,-0.01767002269971416
2025-11-22,Newcastle,Man City,2,1,H,3.67,3.7,1.95,2025/26,21,18,0.258134917085562,0.2560419312713547,0.48582315164308343,True,0.055570347123480524,0.2579981593499193,0.2387799203178659,0.5032219203322149,1.1956100175006732,1.7559969521927665,3910,491.61812964851737,1.2001511078250917,-0.01767002269971416
2025-11-22,Brighton,Brentford,2,1,H,2.1,3.44,3.47,2025/26,4,3,0.45133432648462257,0.27552386209817076,0.2731418114172068,True,0.055072588649426546,0.43964911326835177,0.2329995163861991,0.3273513703454494,1.767189987410644,1.5011293238151624,3910,491.61812964851737,1.2001511078250917,-0.01767002269971416
2025-11-22,Bournemouth,West Ham,2,2,D,1.67,3.97,4.95,2025/26,2,32,0.568818944132639,0.2392764827963494,0.19190457307101152,True,0.05271176599552607,0.5265342250226356,0.23053775081214717,0.24292802416521678,1.857415916648001,1.1964300787649023,3910,491.61812964851737,1.2001511078250917,-0.01767002269971416
2025-11-22,Burnley,Chelsea,0,2,A,5.46,4.14,1.58,2025/26,5,7,0.17317406360199514,0.2283889824316168,0.5984369539663882,True,0.057607469275053,0.20788193117793954,0.22443135466452954,0.5676867141575308,1.0775138142795857,1.9177282748930289,3910,491.61812964851737,1.2001511078250917,-0.01767002269971416
2025-11-22,Wolves,Crystal Palace,0,2,A,4.43,3.65,1.81,2025/26,33,8,0.21453645642213007,0.2603826032739825,0.5250809403038874,True,0.05219242489654241,0.2779073875096437,0.2632881384371964,0.45880447405316,1.098410453431948,1.4859358947051589,3910,491.61812964851737,1.2001511078250917,-0.01767002269971416
2025-11-23,Arsenal,Tottenham,4,1,H,1.47,4.29,7.15,2025/26,0,29,0.6458897922312556,0.22131887985546522,0.13279132791327913,True,0.05323248180391027,0.6571265843002491,0.19541311317305715,0.1474603025266938,2.17208269032654,0.9254060517441821,3917,497.62188996098774,1.1930996244667114,-0.01251918664792114
2025-11-23,Leeds,Aston Villa,1,2,A,3.22,3.3,2.27,2025/26,14,1,0.2946150457791901,0.28747286285120977,0.4179120913696001,True,0.0541179436027166,0.21740076001638187,0.23398714088249042,0.5486120991011275,1.0454340957139039,1.7975663912926614,3917,497.62188996098774,1.1930996244667114,-0.01251918664792114
2025-11-24,Man United,Everton,0,1,A,1.86,3.69,4.09,2025/26,19,9,0.5105081030616075,0.25732928772211117,0.2321626092162812,True,0.0531358961353634,0.44932146934944117,0.2811249545553676,0.2695535760951911,1.3302176462813005,0.9644579212844278,3919,498.62364475901603,1.1952391211298397,-0.012108598144444444
2025-11-29,Brentford,Burnley,3,1,H,1.48,4.36,6.61,2025/26,3,5,0.6396509170972496,0.2171292103908095,0.1432198725119409,True,0.056319404249285165,0.6268517097407569,0.19885016408383901,0.1742981261754043,2.1806653751347014,1.064751207972421,3920,494.6523064308173,1.1931148186073814,-0.0069065356380849105
2025-11-29,Everton,Newcastle,1,4,A,2.68,3.3,2.65,2025/26,9,21,0.3541776355757158,0.2876351707099753,0.35818719371430885,True,0.05352312195454978,0.3121852422275512,0.2809694192569459,0.406845338515503,1.073121486070615,1.266461238679231,3920,494.6523064308173,1.1931148186073814,-0.0069065356380849105
2025-11-29,Man City,Leeds,3,2,H,1.22,6.58,11.56,2025/26,18,14,0.7746253396282522,0.14362354321374887,0.08175111715799893,True,0.05815300534953716,0.8330888819204667,0.11183521295420985,0.055075905125323336,2.9690429339259805,0.6702209603806945,3920,494.6523064308173,1.1931148186073814,-0.0069065356380849105
2025-11-29,Sunderland,Bournemouth,3,2,H,3.14,3.3,2.3,2025/26,27,2,0.30150154921744654,0.2868832922856916,0.41161515849686187,True,0.056284249305573075,0.45862257548556445,0.2777871360834475,0.2635902884309881,1.3526274717687963,0.9544571892020846,3920,494.6523064308173,1.1931148186073814,-0.0069065356380849105
2025-11-29,Tottenham,Fulham,1,2,A,2.34,3.35,3.04,2025/26,29,10,0.40514628072213427,0.2829977005641176,0.3118560187137481,True,0.05480525845804718,0.493287782436973,0.230488273956555,0.276223943606472,1.8221983495861118,1.313804048282627,3920,494.6523064308173,1.1931148186073814,-0.0069065356380849105
2025-11-30,Aston Villa,Wolves,1,0,H,1.46,4.46,6.83,2025/26,1,33,0.6488799706892291,0.21241362269198982,0.13870640661878106,True,0.05555963781990769,0.6225211317682688,0.21265708454269625,0.16482178368903472,1.9769872257789465,0.9069814365981007,3925,498.6540004566984,1.1855919236886356,-0.00754033414064569
2025-11-30,Chelsea,Arsenal,1,1,D,3.01,3.14,2.46,2025/26,7,0,0.31425037835023023,0.30124001236757736,0.38450960928219224,True,0.0572013162415308,0.2842363855004742,0.2638596447032536,0.4519039697962724,1.095433635135912,1.4520430039346075,3925,498.6540004566984,1.1855919236886356,-0.00754033414064569
2025-11-30,Crystal Palace,Man United,1,2,A,2.07,3.6,3.4,2025/26,8,19,0.4579124579124579,0.26329966329966326,0.27878787878787875,True,0.05498721227621495,0.4477581985820246,0.26450084531804186,0.2877409560999336,1.442257582824803,1.10225977976937,3925,498.6540004566984,1.1855919236886356,-0.00754033414064569
2025-11-30,Nott'm Forest,Brighton,0,2,A,2.85,3.29,2.51,2025/26,23,4,0.3331423799515086,0.2885883838485713,0.37826923619992014,True,0.05323493526560319,0.3766692656953306,0.24748373395221332,0.3758470003524561,1.471536335589785,1.4696832621441875,3925,498.6540004566984,1.1855919236886356,-0.00754033414064569
2025-11-30,West Ham,Liverpool,0,2,A,5.07,4.49,1.58,2025/26,32,16,0.18733479274659284,0.2115339419209857,0.6011312653324213,True,0.052867200402673564,0.202173409643508,0.2005994467134389,0.5972271436430531,1.225512319890076,2.214731144829678,3925,498.6540004566984,1.1855919236886356,-0.00754033414064569
2025-12-02,Bournemouth,Everton,0,1,A,2.17,3.4,3.34,2025/26,2,9,0.4370751833976091,0.27895680822729757,0.28396800837509334,True,0.05434833775117154,0.44166741355048195,0.2742333700998765,0.2840992163496417,1.3635460688877807,1.0371467034504689,3930,501.64340831993394,1.17995602881283,-0.008808413464912944
2025-12-02,Fulham,Man City,4,5,A,5.14,4.08,1.63,2025/26,10,18,0.1847343596353313,0.23272907071705953,0.5825365696476091,True,0.05314750091390308,0.199795004007726,0.2260697324372476,0.5741352635550264,1.0079241717213818,1.8681710979054307,3930,501.64340831993394,1.17995602881283,-0.008808413464912944
2025-12-02,Newcastle,Tottenham,2,2,D,1.83,3.78,4.07,2025/26,21,29,0.5171276735204251,0.25035546099004713,0.23251686548952774,True,0.05669859768220431,0.5186115495942637,0.21669901835272903,0.2646894320530072,2.022855264029327,1.4014757534769808,3930,501.64340831993394,1.17995602881283,-0.008808413464912944
2025-12-03,Wolves,Nott'm Forest,0,1,A,3.1,3.23,2.37,2025/26,33,23,0.3060191644246875,0.2937026036274091,0.40027823194790346,True,0.05411909665114667,0.32530209407616545,0.2598663190689463,0.41483158685488836,1.231387873924368,1.4245504059607532,3933,503.6351301175891,1.1759139970193437,-0.00257036004928597
2025-12-03,Liverpool,Sunderland,1,1,D,1.35,5.25,7.98,2025/26,16,27,0.7011070110701108,0.18028465998945706,0.11860832894043227,True,0.0565302144249511,0.5335094302914172,0.23914575281093242,0.2273448168976502,1.7182939817625928,1.0352689465464333,3933,503.6351301175891,1.1759139970193437,-0.00257036004928597
2025-12-03,Leeds,Chelsea,3,1,H,3.94,3.45,1.95,2025/26,14,7,0.2402378274144303,0.27435856232256683,0.4854036102630029,True,0.05648269188326571,0.18341449974648813,0.21099552436437008,0.6055899758891417,1.0151616590014279,2.0177634335400048,3933,503.6351301175891,1.1759139970193437,-0.00257036004928597
2025-12-03,Burnley,Crystal Palace,0,1,A,4.99,3.62,1.73,2025/26,5,8,0.19001125637532573,0.2619215937328386,0.5480671498918356,True,0.054678577606783296,0.25346915276011095,0.2509808010657619,0.4955500461741271,1.0622867247157355,1.5895302905103985,3933,503.6351301175891,1.1759139970193437,-0.00257036004928597
2025-12-03,Brighton,Aston Villa,3,4,A,2.25,3.42,3.17,2025/26,4,1,0.42235545738227975,0.27786543248834195,0.29977911012937836,True,0.052299518512369136,0.39957003075507375,0.2504911872511573,0.34993878199376854,1.4794446325545394,1.3691226977119062,3933,503.6351301175891,1.1759139970193437,-0.00257036004928597
2025-12-03,Arsenal,Brentford,2,0,H,1.43,4.53,7.43,2025/26,0,3,0.6630700522254421,0.2093135043448967,0.12761644342966114,True,0.054640753195921654,0.6563498446825672,0.19740606603822744,0.14624408927920507,2.11341791138044,0.8843550739524791,3933,503.6351301175891,1.1759139970193437,-0.00257036004928597
2025-12-04,Man United,West Ham,1,1,D,1.4,5.03,7.21,2025/26,19,32,0.6791149444874097,0.18901807600047188,0.1318669795121184,True,0.05178912654447787,0.5321981377562064,0.22870280206641685,0.23909906017737678,1.8317915026858496,1.154739652234604,3939,508.61687844844033,1.1770453197337263,0.0005738001606089302
2025-12-06,Aston Villa,Arsenal,2,1,H,4.18,3.47,1.9,2025/26,1,0,0.22703480764197853,0.2734886155456686,0.4994765768123527,True,0.05373467727479575,0.238544833166852,0.2559336817730947,0.5055214850600531,0.9796041184060127,1.5506511177496405,3940,507.58248243919235,1.1761251825279,-0.003491646083099836
2025-12-06,Bournemouth,Chelsea,0,0,D,3.33,3.75,2.05,2025/26,2,7,0.28470640519971113,0.2528192878173435,0.4624743069829454,True,0.0547718450157475,0.3130596752519038,0.2464814822778654,0.4404588424702309,1.2998403585758769,1.5854322934620386,3940,507.58248243919235,1.1761251825279,-0.003491646083099836
2025-12-06,Everton,Nott'm Forest,3,0,H,2.08,3.28,3.72,2025/26,9,23,0.45593686476144923,0.2891306947267727,0.2549324405117781,True,0.05446448385079372,0.3969022308840737,0.29241117706188136,0.3106865920540451,1.1755209391588135,1.00467250418602,3940,507.58248243919235,1.1761251825279,-0.003491646083099836
2025-12-06,Leeds,Liverpool,3,3,D,4.4,3.88,1.76,2025/26,14,16,0.21579532814238042,0.24471635150166857,0.5394883203559512,True,0.053186504217431985,0.1657038534653547,0.18512214024992593,0.6491740062847192,1.1220923383438768,2.3636197081120893,3940,507.58248243919235,1.1761251825279,-0.003491646083099836
2025-12-06,Man City,Sunderland,3,0,H,1.25,6.18,10.59,2025/26,18,27,0.75740290040239,0.15319637953122778,0.08940072006638221,True,0.05624100406135124,0.575317257030852,0.23476477089188844,0.18991797207725994,1.7516256677548525,0.8966687995950786,3940,507.58248243919235,1.1761251825279,-0.003491646083099836
2025-12-06,Newcastle,Burnley,2,1,H,1.3,5.53,9.5,2025/26,21,5,0.7289036268279823,0.17135166634292534,0.09974470682909232,True,0.05532575352695268,0.6886468266312261,0.17891410610080102,0.1324390672679729,2.3350114338602865,0.9235689779927456,3940,507.58248243919235,1.1761251825279,-0.003491646083099836
2025-12-06,Tottenham,Brentford,2,0,H,2.42,3.35,2.9,2025/26,29,3,0.39110305958132047,0.2825281803542673,0.3263687600644123,True,0.05655818938933144,0.4458634507554359,0.22341557186049435,0.33072097738406975,1.8606657885495914,1.581321081140709,3940,507.58248243919235,1.1761251825279,-0.003491646083099836
2025-12-07,Brighton,West Ham,1,1,D,1.6,4.24,5.16,2025/26,4,32,0.5926150645748461,0.22362832625465892,0.1837566091704949,True,0.054647506216176645,0.5696121708808514,0.21169767212218982,0.21869015699695932,2.078806273758369,1.2231668874719421,3947,513.5543459535118,1.1902389037400911,-0.010754273544122388
2025-12-07,Fulham,Crystal Palace,1,2,A,2.49,3.32,2.85,2025/26,10,8,0.38114343029087255,0.2858575727181545,0.3329989969909729,True,0.05368843796237588,0.3794665998155567,0.26875852512308435,0.3517748750613589,1.3105288009430587,1.251796202131823,3947,513.5543459535118,1.1902389037400911,-0.010754273544122388
2025-12-08,Wolves,Man United,1,4,A,5.04,4.09,1.64,2025/26,33,19,0.18848561826295146,0.23226589634358813,0.5792484853934605,True,0.052667573479786345,0.2836653951283676,0.25763661003281924,0.45869799483881335,1.1470231522115069,1.5275233365146317,3949,514.5242676832344,1.1874646979368229,-0.014458995959101741
2025-12-13,Liverpool,Brighton,2,0,H,1.74,3.98,4.37,2025/26,16,4,0.5448536414214826,0.23820234574708035,0.21694401283143702,True,0.05480187703027606,0.5974508048242019,0.19866422846658777,0.20388496670920983,2.2668438871492675,1.2689867759024027,3950,510.39471551344786,1.1831683957582673,-0.013638967437918904
2025-12-13,Chelsea,Everton,2,0,H,1.71,3.84,4.77,2025/26,7,9,0.5543842445043718,0.24687423388085314,0.19874152161477485,True,0.054855594174114675,0.5188438753262833,0.2679217243878699,0.21323440028584678,1.4756296665844857,0.8434744587033076,3950,510.39471551344786,1.1831683957582673,-0.013638967437918904
2025-12-13,Arsenal,Wolves,2,1,H,1.12,8.9,22.31,2025/26,0,33,0.8503080326592558,0.10700505579532209,0.042686911545422083,True,0.05003964276900774,0.7887168232193867,0.14386322314231043,0.0674199536383031,2.505925925947939,0.5992478638079372,3950,510.39471551344786,1.1831683957582673,-0.013638967437918904
2025-12-13,Burnley,Fulham,2,3,A,3.88,3.41,1.99,2025/26,5,10,0.244643610367043,0.27836281766103416,0.4769935719719229,True,0.05349965354176622,0.2892744255601247,0.24939544668717073,0.4613301277527044,1.222049498299541,1.605317633354623,3950,510.39471551344786,1.1831683957582673,-0.013638967437918904
2025-12-14,Brentford,Leeds,1,1,D,2.14,3.25,3.56,2025/26,3,14,0.442559116258788,0.29140815655194047,0.26603272718927146,True,0.05588090372297039,0.5902816061924168,0.20354452739365678,0.2061738664139264,2.1910248818664395,1.2332201036236732,3954,513.3669541863352,1.1845572301474512,-0.01296018411121446
2025-12-14,Crystal Palace,Man City,0,3,A,4.01,3.73,1.85,2025/26,8,18,0.23570259903061522,0.2533960917192405,0.5109013092501442,True,0.05801361388934012,0.23603933396243731,0.24434304602442897,0.5196176200131339,1.0578444571712162,1.687912547255234,3954,513.3669541863352,1.1845572301474512,-0.01296018411121446
2025-12-14,Nott'm Forest,Tottenham,3,0,H,2.62,3.31,2.7,2025/26,23,29,0.36206812730926297,0.2865916898943411,0.3513401827963959,True,0.0541645633087251,0.3510267698443735,0.24292008215971372,0.4060531479959126,1.463491426419328,1.589667550453569,3954,513.3669541863352,1.1845572301474512,-0.01296018411121446
2025-12-14,Sunderland,Newcastle,1,0,H,3.41,3.35,2.16,2025/26,27,21,0.2780392774667532,0.28301908542138166,0.438941637111865,True,0.054725557614339504,0.36599486991321606,0.27147694178223974,0.3625281883045443,1.2685547500604213,1.2612439267320064,3954,513.3669541863352,1.1845572301474512,-0.01296018411121446
2025-12-14,West Ham,Aston Villa,2,3,A,3.31,3.42,2.18,2025/26,32,1,0.28684651964480834,0.2776204619954139,0.43553301835977776,True,0.05322806077436626,0.28023115847048513,0.24495903029081964,0.47480981123869526,1.2226727120626206,1.660654281083109,3954,513.3669541863352,1.1845572301474512,-0.01296018411121446
2025-12-15,Man United,Bournemouth,4,4,D,1.76,4.18,4.1,2025/26,19,2,0.5404467878451505,0.22755654225058972,0.23199666990425974,True,0.05131870696697405,0.4568259965103435,0.24902753017189383,0.2941464733177627,1.600329367092229,1.2375777341186465,3959,517.3312563210603,1.1850433348721277,-0.011985906711049108
2025-12-20,Wolves,Brentford,0,2,A,3.42,3.37,2.15,2025/26,33,3,0.2773513908719602,0.2814663966712474,0.4411822124567925,True,0.05424984493299112,0.2712835787468158,0.24233335741398906,0.48638306383919516,1.207798963979368,1.6942141376910527,3960,513.1737741476632,1.1835664878856942,-0.011951005485181175
2025-12-20,Newcastle,Chelsea,2,2,D,2.79,3.53,2.41,2025/26,21,7,0.3392078915785151,0.2680991551002995,0.39269295332118553,True,0.05664681738436972,0.4016818950113027,0.25225577534432303,0.3460623296443742,1.4893581397029296,1.365586776861481,3960,513.1737741476632,1.1835664878856942,-0.011951005485181175
2025-12-20,Man City,West Ham,3,0,H,1.2,7.44,12.02,2025/26,18,32,0.7929434797412326,0.12789410963568268,0.0791624106230848,True,0.050936611024636314,0.7783156920774423,0.13723765429057583,0.08444665363198237,2.7933258111618207,0.8385717089858397,3960,513.1737741476632,1.1835664878856942,-0.011951005485181175
2025-12-20,Tottenham,Liverpool,1,2,A,3.54,3.59,2.02,2025/26,29,16,0.2674835492342648,0.2637581516126177,0.4687582991531175,True,0.05608691269013599,0.2947518504573271,0.21865909843941894,0.48658905110325423,1.5199562529004662,1.992040356925859,3960,513.1737741476632,1.1835664878856942,-0.011951005485181175
2025-12-20,Everton,Arsenal,0,1,A,6.26,4.02,1.54,2025/26,9,0,0.15100838122371718,0.23515235484091287,0.6138392639353699,True,0.05785127720180894,0.18361541317714583,0.27083862664945246,0.5455459601734018,0.7192521988241735,1.4526096133971373,3960,513.1737741476632,1.1835664878856942,-0.011951005485181175
2025-12-20,Brighton,Sunderland,0,0,D,1.83,3.65,4.27,2025/26,4,27,0.5181504765767593,0.25978503346177245,0.22206448996146827,True,0.054612727642145975,0.3876789495221293,0.27484700080136426,0.33747404967650646,1.2854007745579727,1.1806390805190536,3960,513.1737741476632,1.1835664878856942,-0.011951005485181175
2025-12-20,Bournemouth,Burnley,1,1,D,1.47,4.62,6.47,2025/26,2,5,0.6470882393053599,0.20589171250625088,0.14702004818838935,True,0.05128183070333647,0.5889735532925643,0.21463761796371178,0.1963888287437235,2.0149772834827786,1.079289561188561,3960,513.1737741476632,1.1835664878856942,-0.011951005485181175
2025-12-20,Leeds,Crystal Palace,4,1,H,2.83,3.06,2.66,2025/26,14,8,0.3345884442105955,0.30943963958038734,0.355971916209017,True,0.05609412570433925,0.30001220685756835,0.25341041897583816,0.44657737416659327,1.2238033657836493,1.5468349442215188,3960,513.1737741476632,1.1835664878856942,-0.011951005485181175
2025-12-21,Aston Villa,Man United,2,1,H,2.01,3.67,3.53,2025/26,1,19,0.47234669359866704,0.2586966904995424,0.26895661590179054,True,0.05327812082381289,0.4911292201784261,0.24148417564352612,0.26738660417804794,1.7257984891945255,1.2163145854013562,3968,520.1324682523651,1.1855920186636668,-0.01982081727114301
2025-12-22,Fulham,Nott'm Forest,1,0,H,2.55,3.33,2.75,2025/26,10,23,0.37132777811568646,0.284350100358859,0.34432212152545466,True,0.05609352668176193,0.4478463854577434,0.25363020139582276,0.29852341314643394,1.5648882101038215,1.2342285044233718,3969,520.091244886301,1.1863129240789942,-0.019899109469370423
2025-12-26,Man United,Newcastle,1,0,H,2.47,3.64,2.66,2025/26,19,21,0.3835616438356165,0.2602739726027397,0.35616438356164387,True,0.0555234239444764,0.3629518311982203,0.24340623288701066,0.393641935914769,1.4966014187363446,1.5670528781399737,3970,516.9391454693848,1.1875155783310782,-0.015744382309011883
2025-12-27,Arsenal,Brighton,2,1,H,1.32,5.45,8.87,2025/26,0,4,0.7188979223394241,0.1741183958693651,0.1069836817912108,True,0.05380156769749567,0.656888192841161,0.2009557100238176,0.14215609713502128,2.0741005148891194,0.8471890565533415,3971,516.9043023664966,1.1894619897088603,-0.009450051112475521
2025-12-27,Brentford,Bournemouth,4,1,H,2.28,3.47,3.04,2025/26,3,2,0.41544447770128706,0.2729721640227477,0.3115833582759653,True,0.05572829768946863,0.4764722757744773,0.23578591979184338,0.28774180443367914,1.7540220759158756,1.3171944219025278,3971,516.9043023664966,1.1894619897088603,-0.009450051112475521
2025-12-27,Burnley,Everton,0,0,D,3.66,3.1,2.18,2025/26,5,9,0.2590979496066373,0.3059027405033202,0.4349993098900425,True,0.05452028520741248,0.30063985399931226,0.2859633400392676,0.41339680596142,1.0215512052736542,1.2490945799662292,3971,516.9043023664966,1.1894619897088603,-0.009450051112475521
2025-12-27,Chelsea,Aston Villa,1,2,A,1.77,3.94,4.23,2025/26,7,1,0.5354241159632603,0.2405331688464393,0.22404271519030042,True,0.05518547739675683,0.46376679566306184,0.25013501513439484,0.2860981892025437,1.5904826369551233,1.1970435280494558,3971,516.9043023664966,1.1894619897088603,-0.009450051112475521
2025-12-27,Liverpool,Wolves,2,1,H,1.24,6.43,11.22,2025/26,16,33,0.7672459816272574,0.147960344823919,0.08479367354882346,True,0.05109916795239111,0.7627741610767966,0.1461841598383581,0.09104167908484533,2.6656034166462703,0.8276116660215231,3971,516.9043023664966,1.1894619897088603,-0.009450051112475521
2025-12-27,Nott'm Forest,Man City,1,2,A,5.17,4.16,1.61,2025/26,23,18,0.18335272458491317,0.22786865050576946,0.5887786249093173,True,0.05492622548589243,0.17332416102524364,0.21192036371785836,0.6147554752568982,0.9644290000362807,2.007019126501584,3971,516.9043023664966,1.1894619897088603,-0.009450051112475521
2025-12-27,West Ham,Fulham,0,1,A,2.98,3.33,2.39,2025/26,32,10,0.3182932535603876,0.2848390076906772,0.39686773874893516,True,0.05428081193996226,0.3538742426114057,0.24628422813650694,0.39984152925208755,1.4318148164371218,1.5358669312489146,3971,516.9043023664966,1.1894619897088603,-0.009450051112475521
2025-12-28,Crystal Palace,Tottenham,0,1,A,2.23,3.38,3.22,2025/26,8,29,0.4251140553715393,0.28047465783388537,0.2944112867945753,True,0.05484748765040326,0.42226928519849216,0.24715533496602488,0.3305753798354832,1.5671773800437008,1.360607159728136,3978,522.8575408721783,1.1888402971830636,-0.009598405716126931
2025-12-28,Sunderland,Leeds,1,1,D,2.84,3.1,2.63,2025/26,27,14,0.3337809401380485,0.3057864096748573,0.3604326501870942,True,0.05492145809975768,0.5364715824936639,0.25051845029137376,0.21300996721496268,1.619216249428455,0.9213453506235132,3978,522.8575408721783,1.1888402971830636,-0.009598405716126931
2025-12-30,West Ham,Brighton,2,2,D,3.32,3.59,2.1,2025/26,32,4,0.2852461993658673,0.2637931425890472,0.4509606580450854,True,0.055946827501010876,0.31757653280948406,0.23878866002843285,0.44363480716208314,1.3886402145883237,1.6790727991962555,3980,522.7623039761302,1.186162074693763,-0.007059777986408094
2025-12-30,Nott'm Forest,Everton,0,2,A,1.9,3.37,4.29,2025/26,23,9,0.49833340801687614,0.28095948819942573,0.22070710378369807,True,0.05615192761842769,0.393311191139183,0.29816282969869445,0.3085259791621226,1.14427698932013,0.978152156448482,3980,522.7623039761302,1.186162074693763,-0.007059777986408094
2025-12-30,Man United,Wolves,1,1,D,1.37,5.04,7.63,2025/26,19,33,0.6889995359512373,0.18728757227245935,0.12371289177630343,True,0.059401304663475596,0.5995589118706668,0.21718404045212875,0.18325704767720452,1.9511689045461387,0.9790787379805845,3980,522.7623039761302,1.186162074693763,-0.007059777986408094
2025-12-30,Burnley,Newcastle,1,3,A,5.71,4.12,1.56,2025/26,5,21,0.1653937210499228,0.2292228512609367,0.6053834276891404,True,0.058875436138966286,0.21492337581284593,0.2249429121820892,0.5601337120050647,1.086796682735671,1.888676224258088,3980,522.7623039761302,1.186162074693763,-0.007059777986408094
2025-12-30,Arsenal,Aston Villa,4,1,H,1.37,5.03,7.76,2025/26,0,1,0.6901729463832615,0.1879795102475285,0.12184754336920986,True,0.057600143738367526,0.5902356225177641,0.22987817030322988,0.17988620717900652,1.8023740572961722,0.8824345333602844,3980,522.7623039761302,1.186162074693763,-0.007059777986408094
2025-12-30,Chelsea,Bournemouth,2,2,D,1.56,4.45,5.25,2025/26,7,2,0.6069048825156841,0.21275766667965557,0.18033745080466043,True,0.05622093262542682,0.5669045031809102,0.22157172771371958,0.21152376910536988,1.9282031515504023,1.0953482241973174,3980,522.7623039761302,1.186162074693763,-0.007059777986408094
2026-01-01,Brentford,Tottenham,0,0,D,2.4,3.4,2.91,2025/26,3,29,0.3951593577761802,0.27893601725377426,0.3259046249700455,True,0.05442692540933902,0.4502488689469498,0.22876497947966418,0.320986151573386,1.8163310731378628,1.5074615760295342,3986,526.6514792241618,1.1814787300031941,-0.010983328520455393
2026-01-01,Crystal Palace,Fulham,1,1,D,2.22,3.27,3.34,2025/26,8,10,0.426699484294421,0.28968588842006565,0.28361462728551345,True,0.05566204560875754,0.4286971761777362,0.2653396739648388,0.30596314985742507,1.4191316598787407,1.1574622550651579,3986,526.6514792241618,1.1814787300031941,-0.010983328520455393
2026-01-01,Liverpool,Leeds,0,0,D,1.47,4.45,6.68,2025/26,16,14,0.6449961052008046,0.21306612913374892,0.14193776566544652,True,0.05469180876952806,0.7090429518968775,0.16018922086944115,0.13076782723368072,2.688780732734921,1.1008034992081763,3986,526.6514792241618,1.1814787300031941,-0.010983328520455393
2026-01-01,Sunderland,Man City,0,0,D,7.23,4.7,1.42,2025/26,27,18,0.13106422421919184,0.2016158172563313,0.6673199585244769,True,0.05530389600485108,0.22739767460457067,0.2720256572013758,0.5005766681940534,0.8711052238433958,1.4324374859533962,3986,526.6514792241618,1.1814787300031941,-0.010983328520455393
2026-01-03,Aston Villa,Nott'm Forest,3,1,H,1.9,3.51,4.1,2025/26,1,23,0.49882149046793756,0.27001733102253034,0.23116117850953208,True,0.05511851339835938,0.5406662801496624,0.2412969398812588,0.2180367799690784,1.7768946405080817,1.0473146886157756,3990,528.5331128644724,1.180585360914358,-0.03681374767429221
2026-01-03,Bournemouth,Arsenal,2,3,A,5.95,4.43,1.51,2025/26,2,0,0.15914665626196994,0.21375228098391,0.62710106275412,True,0.056052516831407884,0.17738207621418509,0.22584728744584615,0.596770636339969,0.9473175446081288,1.9171084672516403,3990,528.5331128644724,1.180585360914358,-0.03681374767429221
2026-01-03,Brighton,Burnley,2,0,H,1.45,4.51,7.0,2025/26,4,5,0.6541717174856765,0.21032128389229066,0.13550699862203297,True,0.05424180529310885,0.6250415863495208,0.20644387642743056,0.16851453722304863,2.143445533698503,1.0286270733428926,3990,528.5331128644724,1.180585360914358,-0.03681374767429221
2026-01-03,Wolves,West Ham,3,0,H,2.63,3.36,2.66,2025/26,33,32,0.3608206635392528,0.28242807890126037,0.3567512575594868,True,0.05378703412523711,0.3653310830827613,0.2625273725821706,0.3721415443350685,1.3838102996927923,1.3987852620584151,3990,528.5331128644724,1.180585360914358,-0.03681374767429221
2026-01-04,Man City,Chelsea,1,1,D,1.47,4.9,5.88,2025/26,18,7,0.6451612903225806,0.19354838709677416,0.16129032258064516,True,0.054421768707483054,0.5932384207827122,0.2198508946318243,0.18691068458546367,1.9992620552125442,1.036779571332705,3994,531.4691109952798,1.1880338374871062,-0.03586536069252721
2026-01-04,Tottenham,Sunderland,1,1,D,1.97,3.39,3.95,2025/26,29,27,0.48080272025795057,0.2794045306513754,0.23979274909067405,True,0.05576402089745791,0.37886399316825026,0.2981307594094116,0.3230052474223382,1.1696015356462044,1.0579900430246032,3994,531.4691109952798,1.1880338374871062,-0.03586536069252721
2026-01-04,Newcastle,Crystal Palace,2,0,H,1.68,3.93,4.9,2025/26,21,8,0.5648638659603302,0.24146852285327092,0.1936676111863989,True,0.053772654099807804,0.5002357158399457,0.25265647133604796,0.24710781282400626,1.6528490405739742,1.0923912878976643,3994,531.4691109952798,1.1880338374871062,-0.03586536069252721
2026-01-04,Leeds,Man United,1,1,D,2.73,3.3,2.59,2025/26,14,19,0.3470623347829795,0.2871152042295558,0.36582246098746485,True,0.05543105543105531,0.35684052620917717,0.24753308205807747,0.3956263917327455,1.4892404766235878,1.5783377264680065,3994,531.4691109952798,1.1880338374871062,-0.03586536069252721
2026-01-04,Fulham,Liverpool,2,2,D,4.07,3.61,1.88,2025/26,10,16,0.23297438133129195,0.26266086759511315,0.5043647510735949,True,0.0546234495665745,0.26731945938174045,0.23881244801224055,0.49386809260601905,1.271414909691856,1.7973104539907137,3994,531.4691109952798,1.1880338374871062,-0.03586536069252721
2026-01-04,Everton,Brentford,2,4,A,2.46,3.16,3.01,2025/26,9,3,0.3852441089032718,0.29990522401963565,0.31485066707709264,True,0.05518567486444437,0.3554515196214141,0.2924204957400968,0.3521279846384893,1.1586253886282247,1.151884706423501,3994,531.4691109952798,1.1880338374871062,-0.03586536069252721
2026-01-06,West Ham,Nott'm Forest,1,2,A,2.92,3.39,2.39,2025/26,32,23,0.3243473700644924,0.2793788556307722,0.3962737743047354,True,0.055861046003124804,0.3711384397487164,0.2650415621359883,0.36381999811529525,1.3964193316768823,1.3803423140568334,4000,535.3235285769113,1.1864508753283296,-0.045955261667927086
2026-01-07,Bournemouth,Tottenham,3,2,H,2.17,3.51,3.21,2025/26,2,29,0.4358730342946672,0.26947136308245806,0.2946556026228747,True,0.05725625773862131,0.388216242903987,0.24081369236156497,0.37097006473444805,1.6543039522426561,1.6135501429315944,4001,535.251953452074,1.1849428893473246,-0.0459552220925287
2026-01-07,Brentford,Sunderland,3,0,H,2.01,3.22,4.07,2025/26,3,27,0.47212545436860326,0.2947118519505877,0.23316269368080894,True,0.05377168972237123,0.38299716436573616,0.3047252738829895,0.3122775617512744,1.1570575435435277,1.0171417136364072,4001,535.251953452074,1.1849428893473246,-0.0459552220925287
2026-01-07,Burnley,Man United,2,2,D,4.8,3.76,1.72,2025/26,5,19,0.19734400937408456,0.2519285226052143,0.550727468020701,True,0.05568612897905334,0.2521542329139104,0.2524945380400865,0.4953512290460032,1.1325024122070249,1.6759015145109384,4001,535.251953452074,1.1849428893473246,-0.0459552220925287
2026-01-07,Crystal Palace,Aston Villa,0,0,D,2.99,3.33,2.38,2025/26,8,1,0.3170375585539817,0.28466735738030186,0.3982950840657165,True,0.05491652806230807,0.34187931164937224,0.2745837227988643,0.38353696555176353,1.2598628192992147,1.3489287347629246,4001,535.251953452074,1.1849428893473246,-0.0459552220925287
2026-01-07,Everton,Wolves,1,1,D,1.84,3.46,4.51,2025/26,9,33,0.5155239284558003,0.27415145328285334,0.21032461826134646,True,0.054225091932200487,0.49262590188194466,0.2844230937065939,0.22295100441146146,1.4039648038760517,0.8546996135707433,4001,535.251953452074,1.1849428893473246,-0.0459552220925287
2026-01-07,Fulham,Chelsea,2,1,H,3.61,3.56,2.01,2025/26,10,7,0.262462724615142,0.2661489988372648,0.47138827654759335,True,0.05541962446474713,0.3175361351729159,0.26207843249063983,0.42038543233644393,1.2843003628506229,1.5113918916750648,4001,535.251953452074,1.1849428893473246,-0.0459552220925287
2026-01-07,Man City,Brighton,1,1,D,1.5,4.62,5.79,2025/26,18,4,0.6314157036029912,0.20500509857239976,0.1635791978246091,True,0.055828454792185234,0.6765801495672646,0.1864188075197457,0.1370010429129895,2.361293693484277,0.9821068533346968,4001,535.251953452074,1.1849428893473246,-0.0459552220925287
2026-01-07,Newcastle,Leeds,4,3,H,1.61,3.94,5.56,2025/26,21,14,0.588859559048853,0.2406253528093029,0.17051508814184416,True,0.054781234129258616,0.5994441908362234,0.21167128055586576,0.18888452860791072,2.1361450766545054,1.1296295339146516,4001,535.251953452074,1.1849428893473246,-0.0459552220925287
2026-01-08,Arsenal,Liverpool,0,0,D,1.57,4.16,5.65,2025/26,0,16,0.6041274157771226,0.22800001028126984,0.16787257394160754,True,0.054318440986328875,0.5246266506575366,0.24642945723002097,0.22894389211244245,1.7739725464038625,1.102225122980674,4009,542.1665353251027,1.1897849334746278,-0.05805279769455904
2026-01-17,Sunderland,Crystal Palace,2,1,H,2.38,3.13,3.15,2025/26,27,8,0.3974659254451562,0.3022264864407258,0.300307588114118,True,0.057117202578581994,0.38393816340751696,0.33791344124231726,0.27814839535016567,1.0250356980815263,0.8288128316799769,4010,533.4770050773843,1.1892463380211944,-0.06437701344090029
2026-01-17,Tottenham,West Ham,1,2,A,1.84,3.72,4.13,2025/26,29,32,0.5154255961566848,0.2549416927226613,0.22963271112065378,True,0.0544262157759674,0.5793112297331332,0.2181024866033952,0.20258628366347195,2.116334648766711,1.1928812539861162,4010,533.4770050773843,1.1892463380211944,-0.06437701344090029
2026-01-17,Nott'm Forest,Arsenal,0,0,D,5.79,3.87,1.6,2025/26,23,0,0.16353566646330353,0.2446696405226169,0.5917946930140796,True,0.0561095044918396,0.16219358286206356,0.24209652057079648,0.5957098965671401,0.8261914359931495,1.7912563047752899,4010,533.4770050773843,1.1892463380211944,-0.06437701344090029
2026-01-17,Liverpool,Burnley,1,1,D,1.23,6.38,11.91,2025/26,16,5,0.7715665219709085,0.14875028558373316,0.0796831924453583,True,0.05371099824877423,0.763273937631075,0.15191720451450103,0.08480885785442425,2.6733658370422884,0.8131626370314402,4010,533.4770050773843,1.1892463380211944,-0.06437701344090029
2026-01-17,Leeds,Fulham,1,0,H,2.31,3.34,3.1,2025/26,14,10,0.4103779567505866,0.2838242754772021,0.3057977677722113,True,0.054882275666513713,0.36919528325345663,0.2509662884513419,0.37983842829520176,1.5528297298672264,1.577495414629903,4010,533.4770050773843,1.1892463380211944,-0.06437701344090029
2026-01-17,Chelsea,Brentford,2,0,H,1.86,3.78,3.93,2025/26,7,3,0.5088162762022194,0.25036991368680644,0.24081381011097408,True,0.056637599361066604,0.48499773840076116,0.2477588138768803,0.2672434477223586,1.762630314917355,1.2609317090710108,4010,533.4770050773843,1.1892463380211944,-0.06437701344090029
2026-01-17,Man United,Man City,2,0,H,3.01,3.63,2.23,2025/26,19,18,0.3145666155011949,0.2608389842034702,0.42459440029533485,True,0.05613850055871694,0.20446055463550006,0.2333127836101506,0.5622266617543493,1.0897492560229356,1.9277478849711338,4010,533.4770050773843,1.1892463380211944,-0.06437701344090029
2026-01-18,Aston Villa,Everton,0,1,A,1.6,3.94,5.77,2025/26,1,9,0.5940402092511589,0.24123460274158737,0.16472518800725378,True,0.05211733190227763,0.5048403618067941,0.27887062048472033,0.216289017708486,1.4918609687185997,0.8893472226895884,4017,539.3971313009639,1.195514662462516,-0.06760212835649371
2026-01-18,Wolves,Newcastle,0,0,D,4.5,3.98,1.72,2025/26,33,21,0.21066236659732393,0.23818609288642154,0.5511515405162546,True,0.0548738524664667,0.2204173461499781,0.24063892618855914,0.5389437276614627,1.1218041480082848,1.859486101537011,4017,539.3971313009639,1.195514662462516,-0.06760212835649371
2026-01-19,Brighton,Bournemouth,1,1,D,1.96,3.79,3.55,2025/26,4,2,0.4832638312698224,0.24992008160655724,0.26681608712362026,True,0.055746465221786945,0.49119283837784145,0.23740266350532943,0.2714044981168291,1.8932469473279945,1.369025711340834,4019,540.3154191111225,1.1946592037899315,-0.06869550377244943
2026-01-24,Bournemouth,Liverpool,3,2,H,4.21,3.98,1.77,2025/26,2,16,0.22541205231008477,0.23843837694106954,0.5361495707488457,True,0.05375772403086598,0.2598712623781101,0.2355931381428505,0.5045355994790397,1.3427324541330998,1.9284634037845276,4020,535.9292406968281,1.1940972068147004,-0.071724445870436
2026-01-24,Burnley,Tottenham,2,2,D,3.85,3.33,2.01,2025/26,5,29,0.2456049581136271,0.28395768430554486,0.4704373575808281,True,0.05755299785150525,0.26309625019772853,0.24643360766401334,0.4904701421382578,1.2697583260084009,1.7974969934824607,4020,535.9292406968281,1.1940972068147004,-0.071724445870436
2026-01-24,Fulham,Brighton,2,1,H,2.57,3.28,2.76,2025/26,10,4,0.3683653705301193,0.28862774459219714,0.3430068848776836,True,0.05630194772595676,0.39464188450555965,0.2625169504517121,0.3428411650427283,1.5207885731709028,1.4042732875514883,4020,535.9292406968281,1.1940972068147004,-0.071724445870436
2026-01-24,Man City,Wolves,2,0,H,1.3,5.63,9.5,2025/26,18,33,0.7311288514640348,0.16882193728299208,0.1000492112529732,True,0.052113820553569834,0.7832301638492953,0.1470754167193214,0.06969441943138308,2.6411315083385385,0.6948291435990754,4020,535.9292406968281,1.1940972068147004,-0.071724445870436
2026-01-24,West Ham,Sunderland,3,1,H,2.21,3.32,3.28,2025/26,32,27,0.42745215029282924,0.2845389313696243,0.2880089183375465,True,0.058571555840401635,0.291163771412385,0.30651913318154683,0.4023170954060683,0.9982112567733271,1.220305226549824,4020,535.9292406968281,1.1940972068147004,-0.071724445870436
2026-01-25,Newcastle,Aston Villa,0,2,A,2.15,3.53,3.26,2025/26,21,1,0.4408054760728253,0.26847925596503525,0.2907152679621394,True,0.055150864307606184,0.4470445490326358,0.2556177985048205,0.2973376524625432,1.6644108382067233,1.3231163512637425,4025,539.8484633530373,1.2013339454698897,-0.07142859236168059
2026-01-25,Crystal Palace,Chelsea,1,3,A,3.39,3.48,2.11,2025/26,8,7,0.27926930844448505,0.2720468263295414,0.4486838652259736,True,0.056275221865643044,0.3087433343086244,0.28641071497750675,0.4048459507138685,1.150137460042507,1.3522073650588002,4025,539.8484633530373,1.2013339454698897,-0.07142859236168059
2026-01-25,Arsenal,Man United,2,3,A,1.54,4.32,5.69,2025/26,0,19,0.6145783849465699,0.21908581315224945,0.1663358019011806,True,0.056579055260953304,0.6488280611975723,0.21786928542808096,0.13330265337434666,2.0062966224675,0.799832198159875,4025,539.8484633530373,1.2013339454698897,-0.07142859236168059
2026-01-25,Brentford,Nott'm Forest,0,2,A,1.84,3.5,4.38,2025/26,3,23,0.5139259517519745,0.27017821463532377,0.21589583361270168,True,0.0575030488669559,0.5161811816526706,0.2493530562464252,0.23446576210090397,1.773872229065613,1.1319983503225304,4025,539.8484633530373,1.2013339454698897,-0.07142859236168059
2026-01-26,Everton,Leeds,1,1,D,2.49,3.07,3.03,2025/26,9,14,0.3798155248233031,0.30805884586645765,0.31212562931023924,True,0.05737232802594261,0.4336208197676666,0.28587644073700547,0.28050273949532806,1.3952371860956685,1.0742431933953207,4029,542.761853398489,1.1880130859345481,-0.0716297596178525
2026-01-31,Brighton,Everton,1,1,D,1.91,3.47,4.08,2025/26,4,9,0.49540032402434026,0.2726843282093631,0.23191534776629655,True,0.05684268668011594,0.45064796079083363,0.28972152579709365,0.25963051341207266,1.3917397534562064,0.9960761121309335,4030,538.3513325563135,1.187632649301795,-0.07482965832087896
2026-01-31,Chelsea,West Ham,3,2,H,1.59,4.34,5.11,2025/26,7,32,0.5961201949310403,0.21839426496321523,0.18548554010574445,True,0.055040280396503105,0.6401896685373193,0.20821012734886302,0.151600204113818,2.180003868916534,0.9800690411053501,4030,538.3513325563135,1.187632649301795,-0.07482965832087896
2026-01-31,Leeds,Arsenal,0,4,A,5.87,3.99,1.57,2025/26,14,0,0.1610297803426603,0.2369034613061193,0.6020667583512204,True,0.05792699285295888,0.16370133897495256,0.22414923840188736,0.6121494226231602,0.9510775466508617,2.010123400385329,4030,538.3513325563135,1.187632649301795,-0.07482965832087896
2026-01-31,Liverpool,Newcastle,4,1,H,1.64,4.22,4.78,2025/26,16,21,0.5774599503028776,0.22441571528358276,0.19812433441353958,True,0.05592794312602756,0.5166423340299616,0.23572183777231787,0.24763582819772056,1.9372776056355996,1.2950387735109568,4030,538.3513325563135,1.187632649301795,-0.07482965832087896
2026-01-31,Wolves,Bournemouth,0,2,A,2.94,3.41,2.37,2025/26,33,2,0.3223023820633383,0.2778794730985966,0.39981814483806516,True,0.055332114656620135,0.2985314119829542,0.26271438913213147,0.4387541988849143,1.2814538876466361,1.5956116406488987,4030,538.3513325563135,1.187632649301795,-0.07482965832087896
2026-02-01,Aston Villa,Brentford,0,1,A,2.3,3.32,3.13,2025/26,1,3,0.4119302640863216,0.2853733757224517,0.3026963601912267,True,0.055476245864134466,0.474817249272259,0.25323795760272716,0.27194479312501363,1.7316537139072716,1.2666142736884418,4035,542.2657158697598,1.18304626593671,-0.07854692894644924
2026-02-01,Man United,Fulham,3,2,H,1.52,4.63,5.47,2025/26,19,10,0.6225979089485498,0.20439499386647852,0.1730070971849718,True,0.056692814714339734,0.4497745662135369,0.26264356135749234,0.28758187242897004,1.617540835724782,1.2539840715643495,4035,542.2657158697598,1.18304626593671,-0.07854692894644924
2026-02-01,Nott'm Forest,Crystal Palace,1,1,D,2.09,3.22,3.73,2025/26,23,8,0.45261360938495115,0.29377715640203345,0.2536092342130155,True,0.057124420478019466,0.3823807479415028,0.29631157940360814,0.3213076726548888,1.2636173722117825,1.1376035775775697,4035,542.2657158697598,1.18304626593671,-0.07854692894644924
2026-02-01,Tottenham,Man City,2,2,D,4.98,4.01,1.65,2025/26,29,18,0.19011128255079257,0.23609830102317886,0.5737904164260286,True,0.056240377515502926,0.2107047861780361,0.227139462925509,0.5621557508964546,1.1933723388772028,2.042436208376065,4035,542.2657158697598,1.18304626593671,-0.07854692894644924
2026-02-02,Sunderland,Burnley,3,0,H,1.91,3.23,4.46,2025/26,27,5,0.4951518713673406,0.29279878461660086,0.21204934401605843,True,0.05737297928066942,0.5225974498298038,0.2828200152043084,0.19458253496588754,1.4755190074296891,0.8005567639159523,4039,545.1742762414617,1.1826237488325821,-0.07399654448197877
2026-02-06,Leeds,Nott'm Forest,3,1,H,2.14,3.37,3.4,2025/26,14,23,0.44161290073923337,0.28043074408960217,0.2779563551711645,True,0.058143271729502066,0.38315311981937045,0.26730424962722726,0.3495426305534023,1.4644491411856997,1.3896936192570217,4040,541.8223130945629,1.1859976728969,-0.07449332492326775
2026-02-07,Man United,Tottenham,2,0,H,1.59,4.38,4.95,2025/26,19,29,0.5937446084834742,0.21553742636728862,0.1907179651492372,True,0.05926152191336986,0.45095185698116375,0.24418200977490756,0.30486613324392875,1.7934151852374256,1.4479717791524087,4041,541.7377533895987,1.1886206925345237,-0.07444292793907956
2026-02-07,Fulham,Everton,1,2,A,2.13,3.41,3.4,2025/26,10,9,0.4442264735069523,0.277478706325457,0.2782948201675907,True,0.056856347098750204,0.41752196177442386,0.30235438228747574,0.28012365593810035,1.2704939673523927,0.9932609776127839,4041,541.7377533895987,1.1886206925345237,-0.07444292793907956
2026-02-07,Newcastle,Brentford,2,3,A,1.92,3.7,3.77,2025/26,21,3,0.4930473571474017,0.2558516015467598,0.25110104130583855,True,0.056355592993523995,0.46354176217189197,0.24736035191226008,0.289097885915848,1.7731747063361083,1.3658532989365542,4041,541.7377533895987,1.1886206925345237,-0.07444292793907956
2026-02-07,Bournemouth,Aston Villa,1,1,D,2.84,3.58,2.35,2025/26,2,1,0.33313270663889577,0.26427287342303457,0.4025944199380697,True,0.0569741998885025,0.34840863136227546,0.26054721348620535,0.3910441551515193,1.4401915479697942,1.5368317877243352,4041,541.7377533895987,1.1886206925345237,-0.07444292793907956
2026-02-07,Arsenal,Sunderland,3,0,H,1.26,5.65,12.04,2025/26,0,27,0.7532048797879431,0.16797135372262095,0.07882376648943593,True,0.05369842249858703,0.5941284112624908,0.26419923287645475,0.1416723558610545,1.5939829728497033,0.6497314358754082,4041,541.7377533895987,1.1886206925345237,-0.07444292793907956
2026-02-07,Burnley,West Ham,0,2,A,3.11,3.58,2.19,2025/26,5,32,0.3040616795101009,0.2641429673956463,0.4317953530942529,True,0.05749402186488606,0.3503103130158066,0.26297082814246686,0.3867188588417264,1.4254304671371667,1.5073987529675856,4041,541.7377533895987,1.1886206925345237,-0.07444292793907956
2026-02-07,Wolves,Chelsea,1,3,A,5.31,4.19,1.58,2025/26,33,7,0.17768103728236745,0.22517572982562553,0.5971432328920069,True,0.05989879402941334,0.1944002210132382,0.24917817126319958,0.5564216077235623,0.9616944013445724,1.7733718451028158,4041,541.7377533895987,1.1886206925345237,-0.07444292793907956
2026-02-08,Liverpool,Man City,1,2,A,2.15,3.84,3.01,2025/26,16,18,0.4397186324227057,0.24619663013250453,0.3140847374447898,True,0.057758859357696535,0.3471631577086691,0.25592649453706506,0.3969103477542659,1.484273700444371,1.5988329928855893,4048,547.6413746270416,1.185587382302938,-0.07858304250454286
2026-02-08,Brighton,Crystal Palace,0,1,A,2.19,3.27,3.39,2025/26,4,8,0.4318269466746135,0.2892052028187778,0.2789678505066087,True,0.05741665285719,0.4502576361706274,0.272864725369078,0.2768776384602944,1.528998419742057,1.1517492095053807,4048,547.6413746270416,1.185587382302938,-0.07858304250454286
2026-02-10,Chelsea,Leeds,2,2,D,1.51,4.4,6.03,2025/26,7,14,0.6275114530537141,0.21535052138888822,0.15713802555739773,True,0.05536186217218142,0.6199630786860649,0.20833221326048085,0.17170470805345428,2.219356455732061,1.102984867109736,4050,547.4472004025473,1.1823678450896402,-0.07222325045050272
2026-02-10,Everton,Bournemouth,1,2,A,2.32,3.41,3.0,2025/26,9,2,0.4075502366420729,0.27727758035472405,0.31517218300320304,True,0.05762294805676338,0.3871799095458554,0.2927869583332069,0.32003313212093726,1.2824050223140206,1.1432337705315239,4050,547.4472004025473,1.1823678450896402,-0.07222325045050272
2026-02-10,Tottenham,Newcastle,1,2,A,3.0,3.6,2.25,2025/26,29,21,0.3157894736842105,0.2631578947368421,0.42105263157894735,True,0.05555555555555558,0.3816663212987445,0.24416178959727491,0.37417188910398064,1.6654119104884013,1.6475924296165823,4050,547.4472004025473,1.1823678450896402,-0.07222325045050272
2026-02-10,West Ham,Man United,1,1,D,4.47,4.15,1.69,2025/26,32,19,0.21177113559572805,0.22810047617178414,0.5601283882324878,True,0.05639347828548624,0.30719054590909006,0.2529684803968024,0.43984097369410724,1.3776663951052115,1.683081503762456,4050,547.4472004025473,1.1823678450896402,-0.07222325045050272
2026-02-11,Aston Villa,Brighton,1,0,H,2.06,3.69,3.34,2025/26,1,4,0.45976334009788705,0.2566700489435359,0.28356661095857705,True,0.05584080083577425,0.4760102148917678,0.25900504096579374,0.2649847441424382,1.668982283290237,1.1947736792895312,4054,550.3454081612475,1.1779747744942362,-0.07560027633193393
2026-02-11,Crystal Palace,Burnley,2,3,A,1.46,4.45,6.9,2025/26,8,5,0.6494838818851003,0.21308909383196548,0.13742702428293427,True,0.054578144204794565,0.5700699866325073,0.2527532162781758,0.17717679708931705,1.7292010142724192,0.8645780852511122,4054,550.3454081612475,1.1779747744942362,-0.07560027633193393
2026-02-11,Man City,Fulham,3,0,H,1.37,5.23,7.38,2025/26,18,10,0.6908046985042893,0.18095648890074115,0.1282388125949697,True,0.056632951222953976,0.6783520730665902,0.1946443981889955,0.12700352874441392,2.284441977386601,0.902011597077315,4054,550.3454081612475,1.1779747744942362,-0.07560027633193393
2026-02-11,Nott'm Forest,Wolves,0,0,D,1.73,3.79,4.66,2025/26,23,33,0.5471330456414054,0.24974674642734335,0.20312020793125135,True,0.056479199503099764,0.5075533707527129,0.27047224605892956,0.2219743831883572,1.5786688666102187,0.9651165708919329,4054,550.3454081612475,1.1779747744942362,-0.07560027633193393
2026-02-11,Sunderland,Liverpool,0,1,A,4.45,3.83,1.75,2025/26,27,16,0.2125517306990978,0.24695958266605358,0.5404886866348487,True,0.057244278296292084,0.2643982798023025,0.28343601165937576,0.452165708538322,1.0451224257111278,1.4408027802301984,4054,550.3454081612475,1.1779747744942362,-0.07560027633193393
2026-02-12,Brentford,Arsenal,1,1,D,5.08,3.77,1.68,2025/26,3,0,0.18617502851297485,0.25086714717398206,0.562957824313043,True,0.05734047832880318,0.21648236453522685,0.2508622156210217,0.5326554198437514,1.04778188348831,1.7602952297700285,4059,554.2358272956509,1.1771765373344998,-0.07264739325809828
2026-02-18,Wolves,Arsenal,2,2,D,12.35,5.93,1.24,2025/26,33,0,0.0766735451660902,0.15968267838131772,0.763643776452592,True,0.056057336903198696,0.10628625210476558,0.2085738956308047,0.68513985226443,0.6775677146847805,2.034893642167789,4060,548.6128149183248,1.1782862722600227,-0.07576686719124048
2026-02-21,Man City,Newcastle,2,1,H,1.54,4.63,5.31,2025/26,18,21,0.6162825966525373,0.20498384424296054,0.17873355910450234,True,0.05365728787041513,0.6234243398754282,0.2105707749347162,0.1660048851898557,2.1850468163264916,1.0565347699560255,4061,546.3250113030656,1.1800645497979811,-0.07540672905231695
2026-02-21,Chelsea,Burnley,1,1,D,1.23,6.31,11.6,2025/26,7,5,0.7686612696415763,0.14983413021539446,0.08150460014302922,True,0.057693632021297514,0.7015094828958974,0.18454870767596643,0.1139418094281364,2.3694904121040303,0.8682475384239896,4061,546.3250113030656,1.1800645497979811,-0.07540672905231695
2026-02-21,West Ham,Bournemouth,0,0,D,2.66,3.62,2.46,2025/26,32,2,0.3551000877262939,0.2609298987160061,0.38397001355769994,True,0.05868700858736253,0.3432165543776982,0.24999925409343057,0.4067841915288713,1.5183509986884787,1.6669508890265845,4061,546.3250113030656,1.1800645497979811,-0.07540672905231695
2026-02-21,Aston Villa,Leeds,1,1,D,1.82,3.68,4.18,2025/26,1,14,0.518142254678721,0.2562551368248022,0.22560260849647665,True,0.06042412964609767,0.5638889376984381,0.23056625435715677,0.20554480794440522,1.9884758747375182,1.1356404423601307,4061,546.3250113030656,1.1800645497979811,-0.07540672905231695
2026-02-21,Brentford,Brighton,0,2,A,2.25,3.39,3.13,2025/26,3,4,0.4197154350947561,0.2785721914345727,0.3017123734706713,True,0.05891851307328122,0.4579303733429062,0.25250790250701,0.2895617241500837,1.716423143384237,1.3287988035474234,4061,546.3250113030656,1.1800645497979811,-0.07540672905231695
2026-02-22,Crystal Palace,Wolves,1,0,H,1.77,3.71,4.44,2025/26,8,33,0.5331236103424506,0.25434738283184294,0.2125290068257066,True,0.0597387556133957,0.5191462262689632,0.274286229398394,0.20656754433264352,1.573505280613685,0.9071150312568248,4066,550.2234631957494,1.1742285980192044,-0.08836645553035898
2026-02-22,Nott'm Forest,Liverpool,0,1,A,3.83,3.78,1.87,2025/26,23,16,0.24622319136410975,0.2494801118847991,0.5042966967510911,True,0.060406228583159916,0.22728617902502782,0.2533085763870219,0.5194052445879501,1.108111943354402,1.7718580982388679,4066,550.2234631957494,1.1742285980192044,-0.08836645553035898
2026-02-22,Sunderland,Fulham,1,3,A,2.85,3.18,2.55,2025/26,27,10,0.3317989320567114,0.29736696740931684,0.37083410053397164,True,0.0574994645325857,0.39276043965035884,0.3101677099837058,0.2970718503659354,1.214120094446218,1.02238588421854,4066,550.2234631957494,1.1742285980192044,-0.08836645553035898
2026-02-22,Tottenham,Arsenal,1,4,A,7.2,4.35,1.45,2025/26,29,0,0.13122171945701355,0.21719457013574658,0.6515837104072397,True,0.05842911877394652,0.19489272112347997,0.23813167031222124,0.5669756085642986,1.0552209005865811,1.9236937264434246,4066,550.2234631957494,1.1742285980192044,-0.08836645553035898
2026-02-23,Everton,Man United,0,1,A,3.52,3.62,1.99,2025/26,9,19,0.2672924937850173,0.2599087232384698,0.4727987829765129,True,0.06284656582763137,0.3402265340292028,0.30302582972524805,0.3567476362455491,1.146878040139334,1.1804913081404063,4070,553.116123977689,1.168237651388202,-0.08090685203601948
2026-02-27,Wolves,Aston Villa,2,0,H,4.6,3.74,1.74,2025/26,33,1,0.20518609138720378,0.2523679198880046,0.5424459887247916,True,0.05948362717037203,0.2159263197651342,0.26773433473562996,0.5163393454992359,0.9581274197853092,1.6070989671742837,4071,549.700879511677,1.1669114670842338,-0.0770065477670244
2026-02-28,Newcastle,Everton,2,3,A,1.78,3.73,4.34,2025/26,21,9,0.5298434186064781,0.25284752952266243,0.21730905187085964,True,0.060309014098075764,0.49123946934418034,0.27807468149264475,0.23068584916317478,1.5121505077387805,0.960779390395978,4072,549.6005784205117,1.170802041690383,-0.07683209085864905
2026-02-28,Liverpool,West Ham,5,2,H,1.41,4.98,6.69,2025/26,16,32,0.6693911502504476,0.18952641001066886,0.14108243973888354,True,0.05949990209861489,0.6894547097672651,0.18422390253102394,0.1263213877017107,2.435696991876553,0.9728220770264914,4072,549.6005784205117,1.170802041690383,-0.07683209085864905
2026-02-28,Burnley,Brentford,3,4,A,4.34,3.79,1.77,2025/26,5,3,0.2175286247474764,0.24909610327283577,0.5333752719796879,True,0.059238740700271464,0.23780617456891304,0.24560471880684048,0.5165891066242467,1.1822038150756962,1.8272841689351884,4072,549.6005784205117,1.170802041690383,-0.07683209085864905
2026-02-28,Bournemouth,Sunderland,1,1,D,1.8,3.68,4.27,2025/26,2,27,0.5233749450432327,0.25599861442332034,0.22062644053344704,True,0.0614867234610641,0.4295999748539477,0.2896597047826148,0.2807403203634376,1.373718320601385,1.0635010524801856,4072,549.6005784205117,1.170802041690383,-0.07683209085864905
2026-02-28,Leeds,Man City,0,1,A,4.77,3.91,1.69,2025/26,14,18,0.19831692171945295,0.2419365004096651,0.559746577870882,True,0.057114057904706694,0.16006296132667255,0.20309356592587144,0.6368434727474559,1.0763981315342261,2.2767399112301763,4072,549.6005784205117,1.170802041690383,-0.07683209085864905
2026-03-01,Arsenal,Chelsea,2,1,H,1.5,4.36,6.05,2025/26,0,7,0.628152311099469,0.2161074464791751,0.15574024242135595,True,0.061313721030151314,0.5656515670749972,0.24513470373513915,0.18921372918986348,1.814703254655312,0.9628506660873053,4077,553.4924857257298,1.1691173094826037,-0.07599541813231944
2026-03-01,Brighton,Nott'm Forest,2,1,H,2.09,3.39,3.48,2025/26,4,23,0.45104089006136383,0.2780753569994839,0.27088375293915234,True,0.060810472098074664,0.47892463096577165,0.2698739272332993,0.25120144180092907,1.5726873600745472,1.0775256556069903,4077,553.4924857257298,1.1691173094826037,-0.07599541813231944
2026-03-01,Fulham,Tottenham,2,1,H,2.02,3.66,3.45,2025/26,10,29,0.4678538081899426,0.25821439686985903,0.2739317949401983,True,0.05812862113011019,0.4234393932708283,0.24869846849694488,0.32786213823222693,1.7103352078045848,1.4863135625618593,4077,553.4924857257298,1.1691173094826037,-0.07599541813231944
2026-03-01,Man United,Crystal Palace,2,1,H,1.51,4.35,5.95,2025/26,19,8,0.6246455334194109,0.2168309782674277,0.1585234883131614,True,0.060203939991159805,0.4566503876867243,0.27612316409438936,0.2672264482188864,1.502980308661232,1.0959318739909913,4077,553.4924857257298,1.1691173094826037,-0.07599541813231944
2026-03-03,Leeds,Sunderland,0,1,A,1.81,3.51,4.51,2025/26,14,27,0.5216484381951012,0.26899819747382714,0.20935336433107166,True,0.059115962767761765,0.381896157699626,0.29490402760700535,0.3231998146933686,1.2668023556507113,1.1454598265957556,4081,555.2669697820679,1.1719620966287194,-0.07593638122355091
2026-03-03,Wolves,Liverpool,2,1,H,6.85,4.71,1.43,2025/26,33,16,0.13803456551277507,0.2007509073805752,0.6612145271066497,True,0.05760032581363195,0.1608681964735581,0.22127173223795243,0.6178600712884896,0.9544095002148644,2.041406672731273,4081,555.2669697820679,1.1719620966287194,-0.07593638122355091
2026-03-03,Everton,Burnley,2,0,H,1.61,3.78,5.73,2025/26,9,5,0.5858562908264697,0.2495313831297927,0.16461232604373757,True,0.06018834678065277,0.5207783415900542,0.272710729831708,0.20651092857823786,1.5615237676095262,0.8943277268619142,4081,555.2669697820679,1.1719620966287194,-0.07593638122355091
2026-03-03,Bournemouth,Brentford,0,0,D,2.5,3.56,2.65,2025/26,2,3,0.3779798870147041,0.2654353139148203,0.3565847990704756,True,0.05825736697053219,0.3884017952072704,0.2504318712418054,0.3611663335509242,1.6271519317225605,1.5634795084526354,4081,555.2669697820679,1.1719620966287194,-0.07593638122355091
2026-03-04,Aston Villa,Chelsea,1,4,A,2.64,3.48,2.54,2025/26,1,7,0.357399320718098,0.2711305191654536,0.3714701601164483,True,0.05984498802853411,0.37439214895225065,0.27555261637974815,0.35005523466800154,1.3896837913439863,1.3366459931754862,4085,558.1495536311268,1.1754660028431427,-0.07782275834941867
2026-03-04,Brighton,Arsenal,0,1,A,5.03,3.84,1.67,2025/26,4,0,0.187903809470788,0.24613441709324577,0.5659617734359663,True,0.058026218933901585,0.20664391820588882,0.2517705831551226,0.5415854986389886,1.0084491914685567,1.7604912154762353,4085,558.1495536311268,1.1754660028431427,-0.07782275834941867
2026-03-04,Fulham,West Ham,0,1,A,2.2,3.51,3.13,2025/26,10,32,0.4292479184818495,0.26904427939033304,0.30170780212781756,True,0.05893455733711317,0.5177919731490038,0.2419452851002691,0.240262741750727,1.870995434698399,1.2209993651050162,4085,558.1495536311268,1.1754660028431427,-0.07782275834941867
2026-03-04,Man City,Nott'm Forest,2,2,D,1.39,4.83,7.62,2025/26,18,23,0.6801798555168075,0.1957453414427251,0.12407480304046749,True,0.05769739370629967,0.7006436691658201,0.19425730132931723,0.1050990295048624,2.203706795897994,0.7442266890837235,4085,558.1495536311268,1.1754660028431427,-0.07782275834941867
2026-03-04,Newcastle,Man United,2,1,H,2.56,3.62,2.52,2025/26,21,19,0.3672345496119288,0.2597017809410325,0.3730636694470388,True,0.06369349074804864,0.4477305544242025,0.2503833568611026,0.3018860887146956,1.7319520537918136,1.39275812478525,4085,558.1495536311268,1.1754660028431427,-0.07782275834941867
2026-03-05,Tottenham,Crystal Palace,1,3,A,2.44,3.37,2.83,2025/26,29,8,0.3866637475623452,0.27995832167718754,0.3333779307604672,True,0.059928861077644946,0.4298232034269493,0.2638508814789602,0.3063259150940905,1.557537495065192,1.2826793159688237,4090,562.024380072481,1.1672738842342714,-0.06753604585055929
2026-03-14,Arsenal,Everton,2,0,H,1.37,4.65,8.58,2025/26,0,9,0.687617304440894,0.20258832410409133,0.10979437145501454,True,0.061530887290246916,0.636740808396959,0.24053826744440335,0.12272092415863771,1.7485756768989869,0.6324563339102637,4091,552.9806063748802,1.164004096161116,-0.06769811496544731
2026-03-14,Burnley,Bournemouth,0,0,D,3.92,3.93,1.82,2025/26,5,2,0.24088830213588575,0.24027535480220666,0.5188363430619077,True,0.05900551647552721,0.2669110558742948,0.2474663803929014,0.4856225637328038,1.2686245555107873,1.7740028282735187,4091,552.9806063748802,1.164004096161116,-0.06769811496544731
2026-03-14,Chelsea,Newcastle,0,1,A,1.69,4.24,4.3,2025/26,7,21,0.5581577610012063,0.2224732585122732,0.2193689804865206,True,0.060123172470018194,0.48335933649312846,0.242060585659326,0.27458007784754573,1.831947940337642,1.3407392388599935,4091,552.9806063748802,1.164004096161116,-0.06769811496544731
2026-03-14,Sunderland,Brighton,0,1,A,3.64,3.46,2.01,2025/26,27,4,0.25886828411265045,0.2723354202803606,0.46879629560698893,True,0.06125505357668248,0.3498251768394761,0.30804712710618526,0.3421276960543387,1.1164452925415183,1.1011029716598648,4091,552.9806063748802,1.164004096161116,-0.06769811496544731
2026-03-14,West Ham,Man City,1,1,D,4.81,4.16,1.63,2025/26,32,18,0.19580314576372987,0.22639738728931263,0.5777994669469575,True,0.061781755800160765,0.1416458501764968,0.19947379496095524,0.6588803548625483,0.960132680268155,2.2489596910960383,4091,552.9806063748802,1.164004096161116,-0.06769811496544731
2026-03-15,Liverpool,Tottenham,1,1,D,1.3,5.87,8.24,2025/26,16,29,0.7250411471433839,0.16057129323448024,0.11438755962213581,True,0.06094774380942325,0.6260742811789346,0.19635751930850298,0.17756819951256245,2.3921464702036666,1.2291717176576091,4096,556.8657603797409,1.1649515675366489,-0.06573642746530907
2026-03-15,Nott'm Forest,Fulham,0,0,D,2.29,3.31,3.13,2025/26,23,10,0.4126310842404184,0.2854758860756973,0.3018930296838844,True,0.058284844224175014,0.3760631021084412,0.2782055090999887,0.3457313887915703,1.3488485412304612,1.2837500571189897,4096,556.8657603797409,1.1649515675366489,-0.06573642746530907
2026-03-15,Crystal Palace,Leeds,0,0,D,2.66,3.23,2.69,2025/26,8,14,0.355571106445844,0.2928232641318716,0.35160562942228446,True,0.05728458473978515,0.4642255059053286,0.26447152917029854,0.2713029649243727,1.5868091592837354,1.161763856237585,4096,556.8657603797409,1.1649515675366489,-0.06573642746530907
2026-03-15,Man United,Aston Villa,3,1,H,1.69,4.0,4.56,2025/26,19,1,0.5576890149940074,0.2356236088349681,0.20668737617102467,True,0.06101422194539596,0.40194073142312775,0.26781308097939893,0.3302461875974734,1.476541761139002,1.3184292594475173,4096,556.8657603797409,1.1649515675366489,-0.06573642746530907
2026-03-16,Brentford,Wolves,2,2,D,1.53,4.29,5.78,2025/26,3,33,0.6167702651274896,0.21996701763288087,0.16326271723962957,True,0.05970538496490052,0.5804044336680668,0.2358517980474766,0.1837437682844566,1.9151943949127999,0.9951920834534898,4100,559.745149843055,1.1655706382506563,-0.07866325064293808
2026-03-20,Bournemouth,Man United,2,2,D,3.07,3.72,2.15,2025/26,2,19,0.307391934324664,0.2536809780582576,0.4389270876170783,True,0.05966638239364408,0.36869145454370145,0.26276295541305805,0.3685455900432406,1.4797220484813443,1.4793924340674254,4101,556.2770847344002,1.1641050793885148,-0.07861718777523125
2026-03-21,Brighton,Liverpool,2,1,H,3.05,3.62,2.19,2025/26,4,16,0.30909650932030586,0.26042661696876596,0.4304768737109282,True,0.06073295094787845,0.2962556471491094,0.25329966075331706,0.4504446920975738,1.3522326680170471,1.707644398685895,4102,556.1636443764361,1.163996250367833,-0.07864251279006033
2026-03-21,Everton,Chelsea,3,0,H,3.15,3.43,2.22,2025/26,9,7,0.2996446574663251,0.2751838691017271,0.4251714734319478,True,0.05945595741514098,0.2808966886027679,0.29710497817852277,0.42199833321870917,1.0281828030893707,1.3172889572061208,4102,556.1636443764361,1.163996250367833,-0.07864251279006033
2026-03-21,Fulham,Burnley,3,1,H,1.52,4.29,5.92,2025/26,10,5,0.6207058363476391,0.21992374621175087,0.15937041744061,True,0.05991388886125737,0.572005476630821,0.23661308046412555,0.1913814429050539,1.9142624752631547,1.0293768009059436,4102,556.1636443764361,1.163996250367833,-0.07864251279006033
2026-03-21,Leeds,Brentford,0,0,D,2.35,3.41,2.95,2025/26,14,3,0.40229149587090846,0.27723900741836793,0.32046949671072367,True,0.05777009770588393,0.32893442048118426,0.2542731355321534,0.4167924439866622,1.4474673937125178,1.6504426859066268,4102,556.1636443764361,1.163996250367833,-0.07864251279006033
2026-03-22,Tottenham,Nott'm Forest,0,3,A,2.37,3.29,3.0,2025/26,29,23,0.39834848833408,0.2869562058819969,0.31469530578392324,True,0.059225629384530354,0.4557267313401616,0.2627318524316195,0.2815414162282191,1.6343699288446423,1.2432415745188503,4106,559.0444366684605,1.172314327293234,-0.08365120992996411
2026-03-22,Aston Villa,West Ham,2,0,H,1.73,3.79,4.55,2025/26,1,32,0.5444594240465763,0.24852633340384617,0.20701424254957734,True,0.06166714460520817,0.5478714604684362,0.24216386515877286,0.20996467437279082,1.8771055977989457,1.0936207293489784,4106,559.0444366684605,1.172314327293234,-0.08365120992996411
2026-03-22,Newcastle,Sunderland,1,2,A,1.53,4.2,5.83,2025/26,21,27,0.6147334171857232,0.22393860197479912,0.1613279808394779,True,0.06321659595799423,0.4883909637624538,0.285022670595735,0.22658636564181125,1.4697063494619311,0.9234620282179046,4106,559.0444366684605,1.172314327293234,-0.08365120992996411
2026-04-10,West Ham,Wolves,4,0,H,1.77,3.74,4.38,2025/26,32,33,0.5326595910722648,0.25208756048072417,0.2152528484470111,True,0.060661932839919386,0.4466026247828854,0.27183328787233657,0.28156408734477806,1.545525877330309,1.1837735777296998,4109,541.0874525366312,1.1671331521764972,-0.08407443562410588
2026-04-11,Liverpool,Fulham,2,0,H,1.71,4.06,4.38,2025/26,16,10,0.552000297995977,0.23249273634805934,0.21550696565596367,True,0.05941124263974373,0.5910976325219247,0.22244235910677268,0.18646000837130267,2.0894238173910207,1.1081570724668253,4110,541.004361084041,1.1724350153902257,-0.083891768806454
2026-04-11,Burnley,Brighton,0,2,A,5.29,4.13,1.59,2025/26,5,4,0.17831937108796894,0.22840423076400865,0.5932763981480225,True,0.06009748503958634,0.23036772014727772,0.25068778272849196,0.5189444971242305,1.1296465517338363,1.7890020138247962,4110,541.004361084041,1.1724350153902257,-0.083891768806454
2026-04-11,Brentford,Everton,2,2,D,2.15,3.34,3.37,2025/26,3,9,0.43827071562905184,0.2821203708390604,0.27960891353188766,True,0.061253381719068356,0.43623544875664555,0.290651266462532,0.27311328478082225,1.3880874811891732,1.0479274602889197,4110,541.004361084041,1.1724350153902257,-0.083891768806454
2026-04-11,Arsenal,Bournemouth,1,2,A,1.47,4.47,6.4,2025/26,0,2,0.6416234364802217,0.2110036804532273,0.1473728830665509,True,0.06023575537597603,0.6819441106435382,0.20068342142153864,0.11737246793492326,2.1896963595662844,0.8085700681431789,4110,541.004361084041,1.1724350153902257,-0.083891768806454
2026-04-12,Sunderland,Tottenham,1,0,H,2.75,3.31,2.53,2025/26,27,29,0.34272723180119746,0.2847431684148921,0.3725295997839103,True,0.06100808425778892,0.4010271202758833,0.2931148323519166,0.3058580473722003,1.3252204434473875,1.126870930569861,4114,543.9154416442858,1.167919310699767,-0.08412881133213004
2026-04-12,Nott'm Forest,Aston Villa,1,1,D,2.35,3.32,2.99,2025/26,23,1,0.40099695822712705,0.28383820838365925,0.3151648333892136,True,0.06118489470584265,0.3289418042952908,0.2901695059434461,0.3808886897612633,1.20221066737536,1.3115141880306,4114,543.9154416442858,1.167919310699767,-0.08412881133213004
2026-04-12,Chelsea,Man City,0,3,A,3.48,3.89,1.94,2025/26,7,18,0.2711190946649901,0.24254356026585233,0.4863373450691576,True,0.05988964810521358,0.27834618495186914,0.2598565475456963,0.46179726750243466,1.2532333275734973,1.6682435258035408,4114,543.9154416442858,1.167919310699767,-0.08412881133213004
2026-04-12,Crystal Palace,Newcastle,2,1,H,2.91,3.3,2.42,2025/26,8,21,0.3242229367631297,0.2859056806002144,0.38987138263665594,True,0.059896055210019616,0.3431103984268552,0.2766731771918057,0.38021642438133874,1.324905440649006,1.4058413525996012,4114,543.9154416442858,1.167919310699767,-0.08412881133213004
2026-04-13,Man United,Leeds,1,2,A,1.62,4.07,5.08,2025/26,19,14,0.5824342368431432,0.23182886085648452,0.18573690230037243,True,0.05983459001831681,0.5267031729829832,0.24594377579541568,0.22735305122160107,1.8403569063675016,1.1481106374788654,4118,546.8207058616916,1.167446130366537,-0.08387788825354292
2026-04-18,Brentford,Fulham,0,0,D,1.96,3.75,3.52,2025/26,3,10,0.4808883319003832,0.2513443014732669,0.26776736662634976,True,0.06096165739022896,0.46194346651800805,0.2563973560487734,0.2816591774332187,1.7011664470387298,1.2891380975065234,4119,542.3697987627197,1.1649176305902023,-0.08387982229177579
2026-04-18,Chelsea,Man United,0,1,A,2.1,3.69,3.21,2025/26,7,19,0.4497795700762106,0.255972113051502,0.2942483168722873,True,0.05871966596835532,0.470889342384539,0.2539507377146103,0.2751599199008508,1.7335179583909237,1.2838358962771454,4119,542.3697987627197,1.1649176305902023,-0.08387982229177579
2026-04-18,Leeds,Wolves,3,0,H,1.53,4.11,6.26,2025/26,14,33,0.6185547677949353,0.23026491355869855,0.15118031864636597,True,0.05664818262060711,0.4947429796897299,0.26587433678153555,0.23938268352873457,1.633661973449068,1.0717852354305537,4119,542.3697987627197,1.1649176305902023,-0.08387982229177579
2026-04-18,Newcastle,Bournemouth,1,2,A,2.18,3.67,3.04,2025/26,21,2,0.4326923822746911,0.2570216330678002,0.3102859846575088,True,0.06014252878402537,0.48314040072435865,0.24492387964869883,0.2719357196269423,1.8380979377498485,1.3406456270975085,4119,542.3697987627197,1.1649176305902023,-0.08387982229177579
2026-04-18,Tottenham,Brighton,2,2,D,2.93,3.76,2.21,2025/26,29,4,0.3220562986159827,0.2509640837619227,0.4269796176220947,True,0.05974306291896103,0.3589800771685047,0.2575583247042177,0.38346159812727776,1.5119390356957212,1.5682705202652647,4119,542.3697987627197,1.1649176305902023,-0.08387982229177579
2026-04-19,Aston Villa,Sunderland,4,3,H,1.73,3.66,4.8,2025/26,1,27,0.5455256833044548,0.257857768337898,0.19661654835764725,True,0.059592059130105124,0.42846322341384724,0.3141004362270105,0.25743634035914204,1.2284314500176519,0.8920868395479911,4124,546.2761531753301,1.1638005719633635,-0.0834486160621302
2026-04-19,Everton,Liverpool,1,2,A,3.2,3.33,2.24,2025/26,9,16,0.2950259460827743,0.2835084166561195,0.42146563726110614,True,0.05922887172887181,0.25945061367564237,0.28060838013217515,0.4599410061921826,1.0583393550034652,1.4855124227889163,4124,546.2761531753301,1.1638005719633635,-0.0834486160621302
2026-04-19,Man City,Arsenal,2,1,H,1.84,3.59,4.22,2025/26,18,0,0.5132011300736444,0.26303344828287073,0.2237654216434848,True,0.05899661754754115,0.3977395109806983,0.28314209283330505,0.31911839618599636,1.388229105727557,1.220003909868198,4124,546.2761531753301,1.1638005719633635,-0.0834486160621302
2026-04-19,Nott'm Forest,Burnley,4,1,H,1.46,4.39,6.84,2025/26,23,5,0.6468203535286083,0.2151156528819518,0.1380639935894398,True,0.05892077006049412,0.5498780276921433,0.2547944231305182,0.19532754917733827,1.7386800005535612,0.9506471572301325,4124,546.2761531753301,1.1638005719633635,-0.0834486160621302
2026-04-20,Crystal Palace,West Ham,0,0,D,2.53,3.33,2.76,2025/26,8,32,0.37363253856942497,0.28387096774193543,0.34249649368863955,True,0.057876057876057985,0.47384037956704433,0.2703658910034635,0.2557937294294921,1.5775294065094339,1.1015508536051362,4128,549.1767006879511,1.1672658697821896,-0.08179659533854422
2026-04-21,Brighton,Chelsea,3,0,H,2.28,3.43,3.01,2025/26,4,7,0.4128481455563331,0.27442967109867034,0.3127221833449965,True,0.06236759435370587,0.37332915068986405,0.27052430064138977,0.3561465486687461,1.4438534261250435,1.405670173540156,4129,549.0774469067742,1.16683349597596,-0.08645446960562833
2026-04-22,Burnley,Man City,0,1,A,15.78,8.1,1.15,2025/26,5,18,0.05998840803709428,0.11686630602782071,0.823145285935085,True,0.056393363661782825,0.08508229372485024,0.1607579309721715,0.7541597753029786,0.7889176945043009,2.5875242474797537,4130,548.9783914347845,1.171221600100752,-0.08628245118249446
2026-04-22,Bournemouth,Leeds,2,2,D,1.83,3.78,4.02,2025/26,2,14,0.5156364524798436,0.2496335206450037,0.23473002687515274,True,0.05975457088743119,0.4624234089341104,0.25880306204773773,0.278773529018152,1.6837216792925334,1.2664338394516275,4130,548.9783914347845,1.171221600100752,-0.08628245118249446
2026-04-24,Sunderland,Nott'm Forest,0,5,A,2.66,3.1,2.75,2025/26,27,23,0.3539400481607573,0.3037033961637466,0.34235655567549617,True,0.062156858421714034,0.3936173882657442,0.31484944572080836,0.29153316601344714,1.1810021200076066,0.9793717451623475,4132,548.7788798249463,1.171797747448964,-0.08377331633650159
2026-04-25,Arsenal,Newcastle,1,0,H,1.38,4.87,7.59,2025/26,0,21,0.682507325773984,0.1934004331762008,0.12409224104981527,True,0.061728795859677055,0.6223464483403651,0.21986137972999478,0.15779217192964018,2.069090917139799,0.9571007692941695,4133,548.6804208903841,1.163706055376963,-0.08275230929582872
2026-04-25,Fulham,Aston Villa,1,0,H,2.43,3.55,2.7,2025/26,10,1,0.3869209809264305,0.26485013623978204,0.3482288828337875,True,0.0635831449602966,0.35436724839349076,0.27542281263691754,0.3702099389695916,1.3575356935044363,1.3921899108600282,4133,548.6804208903841,1.163706055376963,-0.08275230929582872
2026-04-25,Liverpool,Crystal Palace,3,1,H,1.56,4.37,5.21,2025/26,16,8,0.6037176002651641,0.2155147497514087,0.18076764998342726,True,0.061797172625231545,0.5723964335559111,0.242824286760221,0.18477927968386818,1.8508241211836791,0.966373226885172,4133,548.6804208903841,1.163706055376963,-0.08275230929582872
2026-04-25,West Ham,Everton,2,1,H,2.42,3.38,2.82,2025/26,32,9,0.3884804121358353,0.278142780286604,0.3333768075775608,True,0.0636910577395624,0.3389600020138395,0.2982841406509266,0.3627558573352338,1.1744015920632573,1.2234411042131836,4133,548.6804208903841,1.163706055376963,-0.08275230929582872
2026-04-25,Wolves,Tottenham,0,1,A,4.62,4.17,1.64,2025/26,33,29,0.20304622784359136,0.22495769127995013,0.5719960808764586,True,0.06601446748841022,0.2964573063914657,0.2613736795189888,0.442169014089545,1.3004476344835338,1.6296817476480998,4133,548.6804208903841,1.163706055376963,-0.08275230929582872
2026-04-27,Man United,Brentford,2,1,H,1.96,3.73,3.53,2025/26,19,3,0.48060518679393344,0.25254320807402403,0.26685160513204237,True,0.06158671535813154,0.43716346303901926,0.2557295618621406,0.30710697509884,1.6497685130722897,1.352931453379787,4138,551.4701227501664,1.1679919734308066,-0.07096001591030057
2026-05-01,Leeds,Burnley,3,1,H,1.36,4.93,8.54,2025/26,14,5,0.6968094085870238,0.19222328512745487,0.11096730628552136,True,0.05522989297471392,0.580388131406493,0.2310303184583183,0.1885815501351888,1.9561845049738449,1.036610337883096,4139,548.0679937621134,1.1690287712400118,-0.07094694555993471
2026-05-02,Arsenal,Fulham,3,0,H,1.45,4.42,7.02,2025/26,0,10,0.6516326307742711,0.21377088566124278,0.1345964835644862,True,0.05834965875533826,0.6537669644742842,0.21776210557612907,0.12847092994958648,1.9938438391023852,0.7699881570050756,4140,547.9709551788519,1.1704433757795294,-0.07117446595253316
2026-05-02,Brentford,West Ham,3,0,H,1.86,3.86,3.8,2025/26,3,32,0.5072694324171035,0.2444355296103142,0.2482950379725823,True,0.05985966085194594,0.5242956751665345,0.23958169558698908,0.2361226292464771,1.8826505293049272,1.2070727392540608,4140,547.9709551788519,1.1704433757795294,-0.07117446595253316
2026-05-02,Newcastle,Brighton,3,1,H,2.66,3.6,2.46,2025/26,21,4,0.35458607601018594,0.2619997117186374,0.38341421227117667,True,0.06022169244248832,0.4245825524239842,0.2565702789610306,0.31884716861498524,1.624271096220333,1.3830590028752696,4140,547.9709551788519,1.1704433757795294,-0.07117446595253316
2026-05-02,Wolves,Sunderland,1,1,D,3.67,3.52,1.98,2025/26,33,27,0.25666369602203676,0.26760106943206674,0.4757352345458964,True,0.06162097817411194,0.3087197683422954,0.30764160511102956,0.38363862654667524,1.035228347496373,1.1847774079540863,4140,547.9709551788519,1.1704433757795294,-0.07117446595253316
2026-05-03,Man United,Liverpool,3,2,H,2.35,3.71,2.74,2025/26,19,16,0.40143111570949613,0.2542757741017024,0.34429311018880143,True,0.06003719751899328,0.31446434927690475,0.251527496483641,0.4340081542394541,1.417338242572415,1.6944455197574462,4144,550.8681164748111,1.1789241508126298,-0.07444595681990195
2026-05-03,Bournemouth,Crystal Palace,3,0,H,1.56,4.23,5.36,2025/26,2,8,0.6024680335448486,0.2221867925129938,0.17534517394215743,True,0.06399942459008834,0.428379565167124,0.27773400708175056,0.2938864277511254,1.4556530696906265,1.1665319647990877,4144,550.8681164748111,1.1789241508126298,-0.07444595681990195
2026-05-03,Aston Villa,Tottenham,1,2,A,2.24,3.54,2.99,2025/26,1,29,0.4198272237603027,0.2656533845262932,0.31451939171340404,True,0.0633626076699032,0.497199562025444,0.24434834089453147,0.2584520970800244,1.8302112559104946,1.2725564711581394,4144,550.8681164748111,1.1789241508126298,-0.07444595681990195
2026-05-04,Chelsea,Nott'm Forest,1,3,A,1.41,4.78,7.11,2025/26,7,23,0.6696616992474981,0.19753619161903185,0.13280210913347007,True,0.05907185516654456,0.48380679181601494,0.2626868333696218,0.2535063748143633,1.6353055835367962,1.1252848273660898,4147,552.7614872399728,1.182205987113058,-0.07378535334673315
2026-05-04,Everton,Man City,3,3,D,6.69,4.61,1.44,2025/26,9,18,0.14090408359493894,0.20447902803690707,0.6546168883681539,True,0.060841015231937634,0.18726836362966306,0.26762584670822737,0.5451057896621095,0.8361609605647968,1.5974407743308434,4147,552.7614872399728,1.182205987113058,-0.07378535334673315
2026-05-09,Brighton,Wolves,3,0,H,1.27,5.95,9.93,2025/26,4,33,0.7455227750782008,0.1591283906469437,0.09534883427485549,True,0.056173736235698435,0.6018806065171605,0.23431548233518912,0.1638039111476507,1.892543260069838,0.8892361137384872,4149,549.2415182123763,1.1791054964668584,-0.07289855878244499
2026-05-09,Fulham,Bournemouth,0,1,A,2.63,3.6,2.47,2025/26,10,2,0.3577391465274118,0.2613483209353036,0.3809125325372846,True,0.06286421425504884,0.3903098772089974,0.26926039561539555,0.3404297271756067,1.459151371776186,1.34897650814074,4149,549.2415182123763,1.1791054964668584,-0.07289855878244499
2026-05-09,Liverpool,Chelsea,1,1,D,1.99,3.69,3.48,2025/26,16,7,0.473678968627234,0.2554528855198363,0.2708681458529298,True,0.06087159468025094,0.5320716167733015,0.2327501923541489,0.2351781908725496,1.969161822061017,1.2583762027226564,4149,549.2415182123763,1.1791054964668584,-0.07289855878244499
2026-05-09,Man City,Brentford,3,0,H,1.34,5.57,7.32,2025/26,18,3,0.702427426996296,0.1689861314497373,0.12858644155396676,True,0.06241389221886551,0.6432647258890968,0.20617780256031257,0.1505574715505907,2.198883626843564,0.983616786643676,4149,549.2415182123763,1.1791054964668584,-0.07289855878244499
2026-05-09,Sunderland,Man United,0,0,D,3.21,3.51,2.15,2025/26,27,19,0.29346570691928087,0.2683831678663509,0.4381511252143682,True,0.06154304372083108,0.307555843658668,0.28925569516185895,0.4031884611794732,1.1330996483176246,1.3329070695739698,4149,549.2415182123763,1.1791054964668584,-0.07289855878244499
2026-05-10,Nott'm Forest,Newcastle,1,1,D,3.27,3.44,2.15,2025/26,23,21,0.2880589515993971,0.2738234801540781,0.4381175682465249,True,0.06162435104188879,0.3773840774364029,0.26623322853238995,0.3563826940312069,1.464016716865227,1.4171166512411697,4154,553.1341429203685,1.1828367977763496,-0.07575002363385525
2026-05-10,Burnley,Aston Villa,2,2,D,6.34,4.42,1.48,2025/26,5,1,0.1488499940838635,0.21350881504336983,0.6376411908727666,True,0.05964872619168404,0.2114761055021791,0.24530954171350916,0.5432143527843122,1.0656703580476807,1.8246852322187177,4154,553.1341429203685,1.1828367977763496,-0.07575002363385525
2026-05-10,Crystal Palace,Everton,2,2,D,2.78,3.25,2.54,2025/26,8,9,0.33899766746607973,0.2899733894017544,0.37102894313216594,True,0.0611053253097098,0.37707305957611137,0.31369797927922854,0.30922896114466036,1.1485201672330487,1.0145912333771197,4154,553.1341429203685,1.1828367977763496,-0.07575002363385525
2026-05-10,West Ham,Arsenal,0,1,A,5.83,4.14,1.54,2025/26,32,0,0.1614484679665738,0.22735376044568245,0.6111977715877437,True,0.06242312969138242,0.1408268043986417,0.21814963998362172,0.6410235556177363,0.8519491167538152,2.0330242434756665,4154,553.1341429203685,1.1828367977763496,-0.07575002363385525
2026-05-11,Tottenham,Leeds,1,1,D,1.81,3.73,4.15,2025/26,29,14,0.5204540334809346,0.2525527615550916,0.22699320496397385,True,0.06154655801229891,0.4424321388865938,0.24812149958500287,0.3094463615284032,1.7446581140316586,1.4332338956319928,4158,556.0209881603394,1.1838201223973246,-0.07615625589918741
2026-05-13,Man City,Crystal Palace,3,0,H,1.3,5.7,8.53,2025/26,18,8,0.7243891537544696,0.16521156138259832,0.11039928486293209,True,0.06190265997756583,0.6791633837653428,0.20437450501591656,0.1164621112187405,2.1291127517484854,0.7739240625788928,4159,554.7973544399829,1.1834501999397222,-0.0792148802450826
2026-05-15,Aston Villa,Liverpool,4,2,H,2.68,3.42,2.5,2025/26,1,16,0.3501859466898212,0.2744147184586903,0.3753993348514884,True,0.06553198917692238,0.31259510786751094,0.2546550043683601,0.4327498877641289,1.3958999844790123,1.6726840540641523,4160,553.5786054784772,1.185876432098404,-0.0791903995801034
2026-05-17,Brentford,Crystal Palace,2,2,D,1.72,3.9,4.41,2025/26,3,8,0.5461352334863872,0.24085964143502203,0.21300512507859085,True,0.06456297486197826,0.47343205765855007,0.2692680920463798,0.25729985029506974,1.5796373023691785,1.1073058558896158,4161,552.3647217758128,1.188831024153887,-0.07848015028233503
2026-05-17,Everton,Sunderland,1,3,A,1.84,3.58,4.13,2025/26,9,27,0.5103376386693267,0.26229643998646957,0.22736592134420366,True,0.06493862041343967,0.42435360576725156,0.32018149547262353,0.25546489876012485,1.18196955724301,0.855370029934467,4161,552.3647217758128,1.188831024153887,-0.07848015028233503
2026-05-17,Leeds,Brighton,1,0,H,3.43,3.48,2.04,2025/26,14,4,0.27270212962109336,0.2687839955748133,0.45851387480409334,True,0.06909758977482605,0.3509009894948715,0.2672946365399328,0.38180437396519584,1.401394576127998,1.470314277609506,4161,552.3647217758128,1.188831024153887,-0.07848015028233503
2026-05-17,Man United,Nott'm Forest,3,2,H,1.56,4.42,5.12,2025/26,19,23,0.6032714166897698,0.21291932353756585,0.18380925977266427,True,0.06258248491704377,0.4546696924389927,0.26900021168123867,0.2763300958797688,1.5660141629835231,1.17406496119856,4161,552.3647217758128,1.188831024153887,-0.07848015028233503
2026-05-17,Newcastle,West Ham,3,1,H,2.05,3.81,3.15,2025/26,21,32,0.4568606178267573,0.2458173927939245,0.2973219893793182,True,0.06773238711014784,0.5728467818195389,0.22745145295035382,0.19970176523010713,2.0290134194763327,1.133742771332935,4161,552.3647217758128,1.188831024153887,-0.07848015028233503
2026-05-17,Wolves,Fulham,1,1,D,4.03,3.63,1.84,2025/26,33,10,0.2325359551305038,0.2581597518390993,0.5093042930303969,True,0.06709931234985422,0.2797929741816244,0.28743335975486545,0.43277366606350975,1.0757063287606872,1.396566950761614,4161,552.3647217758128,1.188831024153887,-0.07848015028233503
2026-05-18,Arsenal,Burnley,1,0,H,1.09,10.11,22.69,2025/26,0,5,0.8651620472951134,0.09327662033152063,0.04156133237336595,True,0.06041543954552098,0.8221324991145826,0.1278725285820394,0.04999497230337794,2.7683844146286734,0.5868599143347626,4167,557.2491083175905,1.1889527684746997,-0.07594556854634542
2026-05-19,Chelsea,Tottenham,2,1,H,2.19,3.28,3.25,2025/26,7,29,0.42707135617190223,0.28514825305380054,0.2877803907742972,True,0.06919136103900558,0.5165506622278074,0.23825276252150202,0.24519657525069066,1.9049368276822145,1.262842448010714,4168,557.1337258552118,1.18764179932338,-0.07406338928183216
2026-05-19,Bournemouth,Man City,1,1,D,4.62,4.24,1.63,2025/26,2,18,0.2030878092070078,0.22128907512650375,0.5756231156664884,True,0.06579620556932753,0.20771824057739477,0.23767430513832652,0.5546074542842784,1.0945809940007996,1.9033197402532267,4168,557.1337258552118,1.18764179932338,-0.07406338928183216
2026-05-24,Nott'm Forest,Bournemouth,1,1,D,3.54,3.7,1.96,2025/26,23,2,0.2657539467319447,0.2542618841705633,0.4799841690974919,True,0.06296022760913811,0.4045395252027175,0.2717676535090846,0.3236928212881978,1.4730641301288872,1.2954668509619185,4170,553.5702523265053,1.1894067936474897,-0.07704291645787491
2026-05-24,Man City,Aston Villa,1,2,A,1.39,5.15,6.71,2025/26,18,1,0.6770222111637694,0.18273026670245424,0.14024752213377634,True,0.06263051428548838,0.6428654046760987,0.20998716594964337,0.1471474293742579,2.1511313788545903,0.9433821466838713,4170,553.5702523265053,1.1894067936474897,-0.07704291645787491
2026-05-24,Sunderland,Chelsea,2,1,H,3.39,3.65,2.03,2025/26,27,7,0.2778767434098265,0.25808278360529086,0.4640404729848827,True,0.06156869091561279,0.31569218752299777,0.29321154200004423,0.39109627047695805,1.1387614993743573,1.2953165787745038,4170,553.5702523265053,1.1894067936474897,-0.07704291645787491
2026-05-24,Liverpool,Brentford,1,1,D,1.77,4.06,3.96,2025/26,16,3,0.5310871073233574,0.23153304925180854,0.237379843424834,True,0.06380242265689384,0.5634459638907032,0.22158424574025076,0.214969790369046,2.11395422455335,1.2565339148701913,4170,553.5702523265053,1.1894067936474897,-0.07704291645787491
2026-05-24,Tottenham,Everton,1,0,H,1.87,3.48,4.1,2025/26,29,9,0.5016419033421698,0.26956044806030394,0.2287976485975263,True,0.06601811915224065,0.41654032122913515,0.27533252557892346,0.3081271531919412,1.4635315945802259,1.2280779676062754,4170,553.5702523265053,1.1894067936474897,-0.07704291645787491
2026-05-24,Crystal Palace,Arsenal,1,2,A,3.97,3.66,1.86,2025/26,8,0,0.23701692082724046,0.2570921245038646,0.5058909546688949,True,0.06274762108374055,0.1718038803073526,0.26332397335556684,0.5648721463370806,0.7932747181360942,1.6331021391824496,4170,553.5702523265053,1.1894067936474897,-0.07704291645787491
2026-05-24,Burnley,Wolves,1,1,D,2.39,3.42,2.82,2025/26,5,33,0.3927192768140728,0.2744441729782556,0.33283655020767167,True,0.06541763173773174,0.3868388964174807,0.28534149527102726,0.3278196083114922,1.3411545591175518,1.216021879003361,4170,553.5702523265053,1.1894067936474897,-0.07704291645787491
2026-05-24,Brighton,Man United,0,3,A,1.87,4.08,3.49,2025/26,4,19,0.5014668023708316,0.2298389510866312,0.2686942465425373,True,0.06639034879385441,0.4177774460133598,0.26469484100577617,0.317527712980864,1.553445683176116,1.3290893849230248,4170,553.5702523265053,1.1894067936474897,-0.07704291645787491
2026-05-24,Fulham,Newcastle,2,0,H,2.54,3.63,2.53,2025/26,10,21,0.3698666548531431,0.2588047667567448,0.37132857839011213,True,0.0644397980615341,0.3442075606201739,0.26826241092569514,0.38753002845413054,1.3744942758819223,1.4707314411849681,4170,553.5702523265053,1.1894067936474897,-0.07704291645787491
2026-05-24,West Ham,Leeds,3,0,H,1.7,4.11,4.35,2025/26,32,14,0.554191658529781,0.22922769330915513,0.21658064816106387,True,0.06142935402200145,0.35747652119022494,0.26825501530980184,0.3742684634999732,1.4066456310290272,1.4439669900393737,4170,553.5702523265053,1.1894067936474897,-0.07704291645787491
